15m_trade_alignment,15m_trend,15m_trend_strength,1h_trade_alignment,1h_trend,1h_trend_strength,4h_parent_found_but_lower_score,4h_parent_found_but_not_nested,4h_parent_found_but_zone_blocked,4h_trade_alignment,4h_trend,4h_trend_strength,accepted_signals,blocked_mtf_zone_by_child_triangle_type,blocked_mtf_zone_by_parent_alignment,blocked_mtf_zone_by_score_bucket,blocked_mtf_zone_by_side,blocked_mtf_zone_by_timeframe,blocked_mtf_zone_details,blocked_mtf_zone_setups,breakout_body_percent,breakout_body_vs_recent_average,breakout_close_position,breakout_distance_beyond_triangle_band,breakout_distance_in_recent_range,breakout_range_vs_recent_average,candles_near_breakout_boundary,child_direction_aligned_with_parent,child_slope_aligned_with_parent,child_triangle_type,close_violation_count,convergence_rate,distance_to_apex,distance_to_nearest_15m_opposite_zone_r,distance_to_nearest_1h_opposite_zone_r,distance_to_nearest_4h_opposite_zone_r,entry_breakouts_found,entry_breakouts_with_1h_only,entry_breakouts_with_1h_parent,entry_breakouts_with_4h_only,entry_breakouts_with_4h_parent,entry_breakouts_with_both_parents,entry_breakouts_without_parent,entry_time,entry_trend_direction,entry_triangles_found,exit_time,local_nested_setups_found,local_trend_direction,local_triangles_found,lower_line_slope,max_violation,mtf_opposite_zone_before_target,mtf_zone_blocks,mtf_zone_context,nested_context,nested_setups_found,no_4h_parent_found,parent_1h_age,parent_1h_child_inside_percent,parent_1h_child_position,parent_1h_child_price_range_overlap_percent,parent_1h_cleanliness,parent_1h_convergence,parent_1h_distance_to_apex,parent_1h_distance_to_lower_boundary,parent_1h_distance_to_upper_boundary,parent_1h_exists,parent_1h_maturity,parent_1h_triangle_type,parent_4h_age,parent_4h_child_inside_percent,parent_4h_child_position,parent_4h_child_price_range_overlap_percent,parent_4h_cleanliness,parent_4h_convergence,parent_4h_distance_to_apex,parent_4h_distance_to_lower_boundary,parent_4h_distance_to_upper_boundary,parent_4h_exists,parent_4h_maturity,parent_4h_triangle_type,parent_child_age_ratio,parent_child_compression_ratio,parent_timeframe_alignment,pnl,pre_breakout_compression,price_vs_15m_ema200,price_vs_15m_ema50,price_vs_1h_ema200,price_vs_1h_ema50,price_vs_4h_ema200,price_vs_4h_ema50,r_multiple,regime_nested_setups_found,regime_trend_direction,regime_triangles_found,rejected_by_absolute_risk,rejected_by_mtf_zone,rejected_by_score,relative_position_at_breakout,score_entry_breakout,score_mtf_zones,score_nested_triangle,score_parent_1h_structure,score_parent_4h_structure,score_risk_quality,score_total,scored_nested_setups,side,symbol,touch_count_lower,touch_count_upper,triangle_age,triangle_cleanliness,triangle_duration,triangle_height,triangle_type,triangle_width,upper_line_slope,wick_violation_count,winner_or_loser,would_be_blocked_by_strict_mtf_zone,would_be_blocked_min_distance_to_entry_r,would_be_blocked_min_distance_to_target_r,would_be_blocked_timeframes,would_be_blocked_zone_kinds
False,bullish,0.013207196302615156,False,neutral,,0,0,0,False,neutral,,1,{},{},{},{},{},[],0,0.3790453074433584,0.5077489975073013,0.8191747572815631,0.0038580079495214087,2.0234095589031935,1.339546981684176,11,True,True,descending,0,0.040842592592591785,-1.636817048288009,0.8333686216387961,,,1,1,1,0,0,0,0,1735889400000,bullish,6,1735907400000,12,neutral,2,0.0,0.00038361658798765074,True,"[{'timeframe': '15m', 'zone_kind': 'support', 'distance_to_entry_r': 0.8333686216387961, 'distance_to_target_r': 1.166631378361204}]",15m favorable zone; 15m opposite zone before target,nested child aligned with parent,6,1,45,1.0,0.3811451546223687,1.0,15.823309991683875,0.7184782824966681,39834184.43652344,0.3811451546223687,0.6188548453776312,True,1.0,symmetrical,,,,,,,,,,,,,2.25,0.10744344296543915,1h_only,-1.2787495749569815,-0.049988891357459764,0.00928130017504003,-0.003995220683130962,,0.010113884739984424,,,-1.2787495749569815,0,neutral,0,0,0,0,-373399999999994.2,11.133189108748113,8.0,20.0,15.0,0.0,10.0,64.13318910874811,1,short,BTC,2,2,20,17.808191706006173,13500000,540.0,descending,13500000,-3.2674074074073426e-05,2,loser,True,0.8333686216387961,1.166631378361204,['15m'],['support']
True,bullish,0.00898650145627132,False,neutral,,0,0,0,False,neutral,,1,{},{},{},{},{},[],0,0.6545138888888974,1.5433030574389448,0.8567708333333343,0.0037621361733995878,1.8610720225150164,2.3579378278111953,11,True,True,ascending,0,0.02807525100518718,7.834072022160797,0.4686178861788571,,,1,1,1,0,0,0,0,1735914600000,bullish,4,1735920900000,12,neutral,3,2.3594771241830065e-05,0.00019604484358749961,True,"[{'timeframe': '15m', 'zone_kind': 'resistance', 'distance_to_entry_r': 0.4686178861788571, 'distance_to_target_r': 1.531382113821143}]",1h favorable zone; 15m favorable zone; 15m opposite zone before target,nested child aligned with parent,4,1,52,1.0,0.7759058058579503,1.0,17.141923584337505,0.748462961857578,40073147.778808594,0.7759058058579503,0.2240941941420497,True,1.0,symmetrical,,,,,,,,,,,,,2.4761904761904763,0.12182892616247908,1h_only,1.557412192670306,-0.20794260535533082,0.013210854665523408,0.004068588448310484,,0.007328714777215417,,,1.5594062827916109,0,neutral,0,0,0,0,3.186238110392069,12.606094885099484,12.0,20.0,15.0,0.0,10.0,69.60609488509948,1,long,BTC,2,2,21,18.90197757820625,15300000,612.3000000000029,ascending,15300000,0.0,1,winner,True,0.4686178861788571,1.531382113821143,['15m'],['resistance']
True,bullish,0.009739332349993343,False,neutral,,0,0,0,False,neutral,,1,{},{},{},{},{},[],0,0.5055987202925063,1.3112859492376752,0.5439899451553849,0.01175935081529973,3.37615385755134,2.5935309893170833,4,True,True,ascending,0,0.010697215464439832,25.12160664819993,,,,4,4,4,0,0,0,0,1735921800000,bullish,4,1736174700000,12,neutral,3,1.3831417624521072e-05,0.0,False,[],1h favorable zone; 15m favorable zone,nested child aligned with parent,4,4,54,0.8809523809523809,1.463658992553107,0.9198277496745888,17.141923584337505,0.748462961857578,32873147.778808594,1.463658992553107,-0.46365899255310705,True,1.0,symmetrical,,,,,,,,,,,,,1.3170731707317074,0.16377166278676591,1h_only,1.8236393984176704,-1.2925651283051751,0.022193077261378757,0.012116968937111672,,0.016733780109948082,,,1.8231313598604963,0,neutral,0,0,0,0,4.6431871561048075,12.57355461608773,14.0,20.0,15.0,0.0,10.0,71.57355461608773,4,long,BTC,2,2,41,20.0,26100000,823.1000000000058,ascending,26100000,0.0,0,winner,False,,,[],[]
False,bullish,0.012123468355883224,False,neutral,,0,0,0,False,neutral,,1,{},{},{},{},{},[],0,0.39944521497919694,0.9378307237252753,0.1872399445214954,0.007525268042130444,4.1475129575858825,2.347833165992782,10,True,True,descending,0,0.011635383363023877,11.52801013941746,1.5658038951184452,2.3487901526009445,,7,7,7,0,0,0,0,1736251200000,bullish,7,1736262000000,7,neutral,1,0.0,0.0,True,"[{'timeframe': '15m', 'zone_kind': 'support', 'distance_to_entry_r': 1.5658038951184452, 'distance_to_target_r': 0.4341961048815547}]",15m favorable zone; 15m opposite zone before target,nested child aligned with parent,7,7,25,0.8947368421052632,-0.33167229621257655,0.9306867383707109,15.351667835995688,0.8715177830902058,-6854782.09765625,-0.33167229621257655,1.3316722962125764,True,1.0,symmetrical,,,,,,,,,,,,,0.44642857142857145,0.29538469044250526,1h_only,1.7610825231137133,-0.5844028332982338,0.004808804998751803,-0.00728422797887851,,0.004789023463350972,,,1.757387962856276,0,neutral,0,0,0,0,-3.6968204406525476,7.598821081830788,8.0,20.0,15.0,0.0,10.0,60.59882108183079,7,short,BTC,2,2,56,20.0,39600000,1210.9000000000087,descending,39600000,-1.9924242424242425e-05,0,winner,True,1.5658038951184452,0.4341961048815547,['15m'],['support']
True,bearish,0.01830362307540527,True,bearish,0.012400901399929063,0,0,0,False,neutral,,1,{},{},{},{},{},[],0,0.7906432748538125,1.4079666753449862,0.9602339181286663,0.00735097890715123,2.395244294020693,1.7807862535798016,4,True,True,symmetrical,0,0.022276740358034466,8.53066996641337,,,,4,4,4,0,0,0,0,1736409600000,bearish,4,1736438400000,4,bearish,1,1.9705555555555395e-05,0.0,False,[],4h favorable zone; 1h favorable zone; 15m favorable zone,nested child aligned with parent,4,4,16,0.9259259259259259,-0.06403560085463658,0.9725742624727398,20.0,0.4519848506101854,26413555.955566406,-0.06403560085463658,1.0640356008546366,True,1.0,symmetrical,,,,,,,,,,,,,0.6153846153846154,0.5480151493898147,1h_only,-1.1014580022863032,-0.01599076244795028,-0.030769408030284606,-0.013264290843883475,-0.041965328909464694,-0.0304465555203286,,-0.04167094612742239,-1.0972190232756152,0,neutral,0,0,0,0,-1.4298354676944895,14.8508771929825,20.0,20.0,15.0,0.0,10.0,79.8508771929825,4,short,BTC,2,2,26,20.0,18000000,1953.3999999999942,symmetrical,18000000,-4.3149999999999836e-05,0,loser,False,,,[],[]
False,bearish,0.0004313348474679041,False,bearish,0.014742921195295841,0,0,0,False,neutral,,1,{},{},{},{},{},[],0,0.43455723542119146,0.571509728731745,0.6591792656587725,0.004359193277043131,2.331344979406325,1.315154097429337,11,True,True,descending,0,0.030421011480680816,6.2037765538945,0.34139917695472294,0.15522633744856446,6.930699588477356,2,2,2,0,0,0,0,1736629200000,neutral,5,1736674200000,5,bearish,1,0.0,0.0,True,"[{'timeframe': '1h', 'zone_kind': 'resistance', 'distance_to_entry_r': 0.15522633744856446, 'distance_to_target_r': 1.8447736625514355}, {'timeframe': '15m', 'zone_kind': 'resistance', 'distance_to_entry_r': 0.34139917695472294, 'distance_to_target_r': 1.6586008230452771}]",1h favorable zone; 1h opposite zone before target; 15m favorable zone; 15m opposite zone before target,nested child aligned with parent,5,2,29,1.0,0.8137653409954514,1.0,20.0,0.7632182048585838,9921715.47680664,0.8137653409954514,0.1862346590045486,True,1.0,symmetrical,,,,,,,,,,,,,1.7058823529411764,0.19879209469114942,1h_only,-1.2189992573536963,0.2861107054184171,0.0019500284928053446,0.002383234432150827,-0.012852796321299098,0.0017257527382894544,,-0.016773827458640866,-1.2156417441610636,0,bearish,0,0,0,0,3.0818008877615726,11.618055574312303,8.0,20.0,0.0,0.0,10.0,49.6180555743123,2,long,BTC,2,2,17,20.0,10800000,737.3000000000029,descending,10800000,-3.5305555555555825e-05,0,loser,True,0.15522633744856446,1.6586008230452771,"['15m', '1h']",['resistance']
True,bearish,0.00030674457922615826,True,bearish,0.012901705295379644,0,0,0,False,neutral,,1,{},{},{},{},{},[],0,0.7012719147473148,1.7529538131042,0.8377449295290126,0.005544961582060733,4.492139439507832,2.49967776584327,10,True,True,symmetrical,0,0.00968273831431722,22.387866808575723,1.2279822926374802,1.1178937558248048,,7,7,7,0,0,0,0,1736675100000,bearish,8,1736687700000,40,bearish,5,5.741414141414082e-06,0.0,True,"[{'timeframe': '1h', 'zone_kind': 'support', 'distance_to_entry_r': 1.1178937558248048, 'distance_to_target_r': 0.8821062441751953}, {'timeframe': '15m', 'zone_kind': 'support', 'distance_to_entry_r': 1.2279822926374802, 'distance_to_target_r': 0.7720177073625198}]",4h favorable zone; 1h favorable zone; 1h opposite zone before target; 15m favorable zone; 15m opposite zone before target,nested child aligned with parent,8,7,60,0.9242424242424242,-0.46249054279596613,0.9296243484173148,13.725478709410332,0.8491723123459092,5089379.559326172,-0.46249054279596613,1.462490542795966,True,1.0,symmetrical,,,,,,,,,,,,,0.9230769230769231,0.21650402966830354,1h_only,-1.1580643223148925,-0.4242266430580217,-0.006792312635350517,-0.006489628698455818,-0.015604673504760025,-0.002941655242866159,,-0.014332832775256654,-1.1562802659496902,0,bearish,0,0,0,0,-1.9526978844782008,14.391543485733798,14.0,20.0,15.0,0.0,10.0,73.39154348573379,7,short,BTC,2,2,65,20.0,49500000,1045.0,symmetrical,49500000,-7.545454545454546e-06,0,loser,True,1.1178937558248048,0.7720177073625198,"['15m', '1h']",['support']
False,bullish,0.0017001143906616495,True,bearish,0.010746053374597787,0,0,0,False,neutral,,1,{},{},{},{},{},[],0,0.8024302430243261,0.9736784622105936,0.8024302430243261,0.004226348278384032,2.185670598514676,1.213411970292695,10,True,True,ascending,0,0.01012746087834427,34.284527518172354,0.43635727407924574,0.43635727407924574,,1,1,1,0,0,0,0,1736719200000,neutral,1,1736727300000,2,bearish,2,2.4074999999999918e-05,0.0,True,"[{'timeframe': '1h', 'zone_kind': 'support', 'distance_to_entry_r': 0.43635727407924574, 'distance_to_target_r': 1.5636427259207542}, {'timeframe': '15m', 'zone_kind': 'support', 'distance_to_entry_r': 0.43635727407924574, 'distance_to_target_r': 1.5636427259207542}]",4h favorable zone; 1h favorable zone; 1h opposite zone before target; 15m favorable zone; 15m opposite zone before target,nested child aligned with parent,1,1,52,0.9183673469387755,0.30038863242348746,0.9838589919565759,17.198356966421837,0.21077677369736647,594865313.5690918,0.30038863242348746,0.6996113675765125,True,1.0,descending,,,,,,,,,,,,,1.0833333333333333,0.8569986541049794,1h_only,-1.1202231603296144,0.028105314165707496,-0.002080274341721977,-0.003770455157950492,-0.0126220106086673,-0.0020331667802698794,,-0.009633143271107758,-1.1197921937943607,0,bearish,0,0,0,0,-0.5387825431440715,13.098635828917352,14.0,20.0,15.0,0.0,10.0,72.09863582891735,1,short,BTC,2,2,48,20.0,36000000,1782.8999999999942,ascending,36000000,0.0,0,loser,True,0.43635727407924574,1.5636427259207542,"['15m', '1h']",['support']
True,bullish,0.010995715691524686,True,bullish,0.02045682178156409,0,0,0,False,neutral,,1,{},{},{},{},{},[],0,0.9581401510133812,4.787450565088616,0.9672142005563652,0.010106381921236396,3.3647179521122372,4.996607813611764,0,True,True,ascending,0,0.0032887065657530717,220.76148267525127,,,,3,3,3,0,0,0,0,1737078300000,bullish,3,1737315900000,6,bullish,2,6.267676767677062e-06,0.0,False,[],1h favorable zone; 15m favorable zone,nested child aligned with parent,3,3,43,0.9642857142857143,1.2149043966638398,0.9806975379898947,17.438841732156032,0.14526052682176704,808139245.5327148,1.2149043966638398,-0.21490439666383973,True,1.0,ascending,,,,,,,,,,,,,1.5925925925925926,0.3358969428955982,1h_only,1.8665714206577626,0.20188044868933075,0.029461308106857986,0.017938585489634784,0.03587328242271659,0.014377929267801015,,0.033620650977364885,1.867945033096568,0,neutral,0,0,0,0,1.8164327560089761,14.87705325208637,14.0,20.0,15.0,0.0,10.0,73.87705325208637,3,long,BTC,2,2,27,20.0,19800000,1397.6000000000058,ascending,19800000,0.0,0,winner,False,,,[],[]
True,bullish,0.008997683578477548,True,bullish,0.03610933460468804,0,0,0,False,neutral,,1,{},{},{},{},{},[],0,0.9542072857875687,2.2200668497075178,0.9847357619291833,0.013194343428652788,4.129209098171712,2.326608571087522,7,True,True,descending,0,0.018818899349872863,9.399768919699454,,,,7,7,7,0,0,0,0,1737316800000,bullish,7,1737321300000,21,bullish,3,0.0,0.0,False,[],4h favorable zone; 1h favorable zone; 15m favorable zone,nested child aligned with parent,7,7,48,0.9565217391304348,1.1943093121201922,0.9734646529993085,18.20891664739081,0.34332994465153166,274478236.55200195,1.1943093121201922,-0.19430931212019226,True,1.0,ascending,,,,,,,,,,,,,2.1818181818181817,0.35420196543544674,1h_only,-1.0882018426278888,0.32392957182873117,0.02148613026494317,0.01218314588181224,0.06001718525154409,0.020939190768253235,,0.05853776530668742,-1.0869722474283585,0,bullish,0,0,0,0,4.684879028127726,14.942759107234437,20.0,20.0,15.0,0.0,10.0,79.94275910723444,7,long,BTC,2,2,22,20.0,11700000,1254.300000000003,descending,11700000,-4.4384615384615635e-05,0,loser,False,,,[],[]
False,bullish,0.009822745016922473,False,bullish,0.03634737791247928,0,0,0,False,neutral,,1,{},{},{},{},{},[],0,0.8395444047869003,4.288261236745796,0.8395444047869003,0.0056832437683275085,1.5998995843229702,5.107843268676509,0,False,True,ascending,0,0.01105735573557356,14.175805539852945,0.3331433456825288,5.455495392799483,6.756055856369346,3,3,3,0,0,0,0,1737322200000,bullish,7,1737326700000,21,bullish,3,3.573737373737354e-05,0.0006996427027150545,True,"[{'timeframe': '15m', 'zone_kind': 'support', 'distance_to_entry_r': 0.3331433456825288, 'distance_to_target_r': 1.6668566543174712}]",1h favorable zone; 15m favorable zone; 15m opposite zone before target,nested child acceptable with parent,7,3,49,0.8571428571428571,0.4282113382003586,0.8928103522851896,18.20891664739081,0.34332994465153166,270878236.55200195,0.4282113382003586,0.5717886617996414,True,1.0,ascending,,,,,,,,,,,,,1.0208333333333333,0.5647238224330707,1h_only,1.7185005794987938,-0.5177697526072509,0.002766939450731032,-0.007013898143532926,0.05981172175465321,0.020500632010143294,,0.05853776530668742,1.7184266710417062,0,bullish,0,0,0,0,-1.3088288072736136,14.398291517950877,12.0,14.0,0.0,0.0,10.0,50.39829151795088,3,short,BTC,2,2,48,18.650178648642473,29700000,1999.7999999999884,ascending,29700000,0.0,1,winner,True,0.3331433456825288,1.6668566543174712,['15m'],['support']
True,bearish,0.002982722009209633,False,bullish,0.019699236162519087,0,0,0,False,neutral,,1,{},{},{},{},{},[],0,0.48734385272846115,0.7999892075654944,0.48734385272846115,0.003499517839922798,0.9791436203221358,1.6415292879691528,9,True,True,descending,0,0.01397176838553027,26.799705449190014,0.11126872949729644,2.8361556875609764,5.358187782604869,3,0,3,0,3,3,0,1737592200000,bearish,9,1737642600000,9,bullish,1,0.0,0.0,True,"[{'timeframe': '15m', 'zone_kind': 'support', 'distance_to_entry_r': 0.11126872949729644, 'distance_to_target_r': 1.8887312705027035}]",1h favorable zone; 15m favorable zone; 15m opposite zone before target,nested child aligned with parent,9,0,32,0.9565217391304348,0.059080954651093975,0.9864564086972112,18.712498381736552,0.47190201729106895,71917557.25195312,0.059080954651093975,0.940919045348906,True,1.0,symmetrical,17,1.0,0.45081663758664225,1.0,18.743029793985205,0.31951614439470344,191481452.33422852,0.45081663758664225,0.5491833624133577,True,1.0,symmetrical,1.4545454545454546,0.24867164985590745,both,-1.1341909202972178,0.19451480904131346,-0.011660752246955397,-0.008738571816237384,0.01142148904017648,-0.008336640581460664,,0.010942299936865574,-1.1321965448130917,9,neutral,1,0,0,0,-0.5982854316645515,10.000879323986778,12.0,20.0,0.0,20.0,10.0,72.00087932398678,3,short,BTC,2,2,22,20.0,13500000,1104.5,descending,13500000,-2.5148148148148148e-05,0,loser,True,0.11126872949729644,1.8887312705027035,['15m'],['support']
False,bearish,0.01089556643660514,True,bullish,0.010590846425806382,0,5,0,False,neutral,,1,{},{},{},{},{},[],0,0.9167096061832947,6.2389940257756455,0.9482885535517115,0.028211538624052516,7.208880185985736,6.805856493368269,2,True,True,descending,0,0.013575957906098219,28.827329192546586,0.18164269595714913,0.18164269595714913,,5,5,5,0,0,0,0,1737643500000,neutral,5,1737939600000,5,bullish,1,0.0,0.0,True,"[{'timeframe': '1h', 'zone_kind': 'resistance', 'distance_to_entry_r': 0.18164269595714913, 'distance_to_target_r': 1.818357304042851}, {'timeframe': '15m', 'zone_kind': 'resistance', 'distance_to_entry_r': 0.18164269595714913, 'distance_to_target_r': 1.818357304042851}]",4h favorable zone; 1h favorable zone; 1h opposite zone before target; 15m favorable zone; 15m opposite zone before target,nested child aligned with parent,5,0,79,0.7428571428571429,1.0108225322379192,0.9152930789813785,18.037448687273876,0.6713959688168998,87337374.22363281,1.0108225322379192,-0.010822532237919114,True,1.0,symmetrical,,,,,,,,,,,,,2.323529411764706,0.17611180676172392,1h_only,-1.0418484608286729,-0.18478588042139577,0.012665133056552369,0.02396309150535081,6.517139631445623e-05,-0.010416043344946835,,-0.005940132999814995,-1.0411952991991744,0,neutral,1,0,0,0,4.596436266482811,14.806082075818917,14.0,20.0,15.0,0.0,10.0,73.80608207581892,5,long,BTC,2,2,34,20.0,26100000,1744.0,descending,26100000,-3.084291187739464e-05,0,loser,True,0.18164269595714913,1.818357304042851,"['15m', '1h']",['resistance']
True,bearish,0.004551699058858428,False,bullish,0.008203588279589875,0,0,0,False,neutral,,1,{},{},{},{},{},[],0,0.3267391304347731,0.7278626601128143,0.7064130434782545,0.034261746532939216,8.708039742689477,2.227656843991379,1,False,True,ascending,0,0.009574990884735918,15.291390728474198,0.32376672185865873,0.32376672185865873,1.071381639464902,5,5,5,0,0,0,0,1737940500000,bearish,5,1738208700000,40,neutral,8,5.592592592592727e-06,0.0,True,"[{'timeframe': '4h', 'zone_kind': 'support', 'distance_to_entry_r': 1.071381639464902, 'distance_to_target_r': 0.9286183605350978}, {'timeframe': '1h', 'zone_kind': 'support', 'distance_to_entry_r': 0.32376672185865873, 'distance_to_target_r': 1.6762332781413414}, {'timeframe': '15m', 'zone_kind': 'support', 'distance_to_entry_r': 0.32376672185865873, 'distance_to_target_r': 1.6762332781413414}]",4h favorable zone; 4h opposite zone before target; 1h favorable zone; 1h opposite zone before target; 15m favorable zone; 15m opposite zone before target,nested child acceptable with parent,5,5,48,0.6818181818181818,-3.3869659878287712,0.7788161175837395,16.653681168311433,0.0522444564629561,2717686956.5214844,-3.3869659878287712,4.386965987828772,True,1.0,ascending,,,,,,,,,,,,,1.1162790697674418,0.3173607355327141,1h_only,-1.0399923871910943,-1.814621530503878,-0.0308076604594264,-0.02651315061754911,-0.019842533255026384,-0.027660925362948396,,-0.011584236521344105,-1.0404236734198966,0,neutral,0,0,0,0,-46.72585534863983,12.109483695652091,8.0,14.0,15.0,0.0,10.0,59.10948369565209,5,short,BTC,2,2,43,20.0,21600000,293.3999999999942,ascending,21600000,0.0,0,loser,True,0.32376672185865873,0.9286183605350978,"['15m', '1h', '4h']",['support']
True,bearish,0.009187552008959566,False,bullish,0.0007746373550433297,0,0,0,False,neutral,,1,{},{},{},{},{},[],0,0.9286956521738751,1.242763636363596,0.9469565217391431,0.005249667428198211,3.1245818181818783,1.3381818181818295,11,True,True,ascending,0,0.009749713608812789,25.351036740632253,2.8263417643430326,0.21786962780177938,1.5703269586675064,2,0,0,2,2,0,0,1738401300000,bearish,2,1738465200000,0,neutral,0,1.909027777777788e-05,0.0,True,"[{'timeframe': '4h', 'zone_kind': 'support', 'distance_to_entry_r': 1.5703269586675064, 'distance_to_target_r': 0.42967304133249373}, {'timeframe': '1h', 'zone_kind': 'support', 'distance_to_entry_r': 0.21786962780177938, 'distance_to_target_r': 1.7821303721982207}]",4h favorable zone; 4h opposite zone before target; 1h favorable zone; 1h opposite zone before target; 15m favorable zone,nested child aligned with parent,2,0,,,,,,,,,,,,,30,1.0,0.2710135006523649,1.0,18.36879689708924,0.3426453819840365,646274875.2080078,0.2710135006523649,0.728986499347635,True,1.0,symmetrical,0.6521739130434783,0.1397833523375136,4h_only,1.7011402226557155,-0.14602322387312072,-0.015945979489391582,-0.006967929376748172,-0.01296980110425805,-0.013723898405048063,,-0.011983699804100967,1.703618172449978,2,neutral,1,0,0,0,-1.2329746018080614,14.801086956521788,10.0,20.0,0.0,20.0,10.0,74.80108695652179,2,short,BTC,2,2,46,20.0,28800000,1225.8999999999942,ascending,28800000,0.0,0,winner,True,0.21786962780177938,0.42967304133249373,"['1h', '4h']",['support']
True,bearish,0.016378987055167046,True,bearish,0.01200533198040066,0,0,0,False,neutral,,1,{},{},{},{},{},[],0,0.6465882352941245,0.7799948908631721,0.0691764705882216,0.004363475998816584,1.2325950315221283,1.2063239760438305,7,True,True,symmetrical,0,0.014729339679967656,6.189084658358183,0.07403270031482578,0.26982837412409655,1.8205544835990681,1,0,0,1,1,0,0,1738498500000,bearish,2,1738518300000,0,bearish,0,1.845679012345679e-05,0.0,True,"[{'timeframe': '4h', 'zone_kind': 'support', 'distance_to_entry_r': 1.8205544835990681, 'distance_to_target_r': 0.17944551640093187}, {'timeframe': '1h', 'zone_kind': 'support', 'distance_to_entry_r': 0.26982837412409655, 'distance_to_target_r': 1.7301716258759035}, {'timeframe': '15m', 'zone_kind': 'support', 'distance_to_entry_r': 0.07403270031482578, 'distance_to_target_r': 1.9259672996851742}]",4h favorable zone; 4h opposite zone before target; 1h favorable zone; 1h opposite zone before target; 15m favorable zone; 15m opposite zone before target,nested child aligned with parent,2,0,,,,,,,,,,,,,37,0.09090909090909091,-0.1868069091308886,0.15851461961677313,18.36879689708924,0.3426453819840365,545474875.2080078,-0.1868069091308886,1.1868069091308886,True,1.0,symmetrical,1.15625,0.16888255416191628,4h_only,1.7151730244969368,0.08495950426699062,-0.02438150175447862,-0.008538297951928842,-0.038049232904085906,-0.026810314540816838,,-0.037416630150161834,1.7147501355469712,2,neutral,1,0,0,0,-1.8091468777485342,7.554625762930617,8.0,20.0,0.0,20.0,10.0,65.55462576293061,1,short,BTC,2,2,32,20.0,16200000,1481.1000000000058,symmetrical,16200000,-2.463580246913616e-05,0,winner,True,0.07403270031482578,0.17944551640093187,"['15m', '1h', '4h']",['support']
False,bullish,0.002516893891397655,True,bearish,0.018129604238393045,0,0,0,False,bullish,0.010002352038819242,1,{},{},{},{},{},[],0,0.33214880621875764,0.42109857310796556,0.6444197667962276,0.006509730635591686,0.9061476406274598,1.2678009531385293,3,True,True,symmetrical,1,0.007913807367636921,36.99314622825648,0.005411204926065138,0.1055184960582159,0.43555534822969555,1,1,1,0,0,0,0,1738701000000,neutral,1,1739901600000,1,bearish,1,1.6188034188034187e-05,0.0020063609146892666,True,"[{'timeframe': '4h', 'zone_kind': 'support', 'distance_to_entry_r': 0.43555534822969555, 'distance_to_target_r': 1.5644446517703043}, {'timeframe': '1h', 'zone_kind': 'support', 'distance_to_entry_r': 0.1055184960582159, 'distance_to_target_r': 1.8944815039417842}, {'timeframe': '15m', 'zone_kind': 'support', 'distance_to_entry_r': 0.005411204926065138, 'distance_to_target_r': 1.994588795073935}]",4h favorable zone; 4h opposite zone before target; 1h favorable zone; 1h opposite zone before target; 15m favorable zone; 15m opposite zone before target,nested child aligned with parent,1,1,21,0.9066666666666666,0.020998466596990204,0.9773551231126013,18.73133039732371,0.5378066563733049,34595542.08691406,0.020998466596990204,0.9790015334030098,True,1.0,symmetrical,,,,,,,,,,,,,0.28378378378378377,0.8441628066563739,1h_only,1.8713651319756153,-0.10570238501105078,-0.008032363252102881,-0.010502818389392488,-0.01957190609432613,-0.0018296544609233134,-0.010858750491992142,-0.020549181249868376,1.867701091973371,0,neutral,0,0,0,0,-0.49056464388609966,11.9094669627984,8.0,20.0,15.0,0.0,10.0,64.9094669627984,1,short,BTC,2,2,74,11.366275306517508,58500000,3936.5,symmetrical,58500000,-2.3218803418803467e-05,3,winner,True,0.005411204926065138,1.5644446517703043,"['15m', '1h', '4h']",['support']
True,bearish,0.003076561409572481,True,bearish,0.0015234603710786228,0,0,0,True,bearish,0.01115573088002667,1,{},{},{},{},{},[],0,0.5061546036435252,1.060887512899919,0.7715411127523739,0.003615423592248453,3.59339525283807,2.0959752321981866,11,False,True,descending,1,0.008556701030927835,36.85025817555936,0.4086972544683685,0.4086972544683685,0.6410539893126713,4,4,4,0,0,0,0,1740312900000,bearish,5,1740408300000,20,bearish,4,0.0,0.0008616046583103327,True,"[{'timeframe': '4h', 'zone_kind': 'support', 'distance_to_entry_r': 0.6410539893126713, 'distance_to_target_r': 1.3589460106873288}, {'timeframe': '1h', 'zone_kind': 'support', 'distance_to_entry_r': 0.4086972544683685, 'distance_to_target_r': 1.5913027455316315}, {'timeframe': '15m', 'zone_kind': 'support', 'distance_to_entry_r': 0.4086972544683685, 'distance_to_target_r': 1.5913027455316315}]",4h favorable zone; 4h opposite zone before target; 1h favorable zone; 1h opposite zone before target; 15m favorable zone; 15m opposite zone before target,nested child acceptable with parent,5,4,29,0.30985915492957744,-1.6393933890302737,0.5155716059288242,11.224392937011128,0.5205416571035217,-18093650.793701172,-1.6393933890302737,2.639393389030274,True,1.0,ascending,,,,,,,,,,,,,0.4142857142857143,1.1131512508606913,1h_only,1.5198391957082398,0.09458263690885504,-0.006525845906645289,-0.0034799982224897885,-0.006797506964127842,-0.0052924102960996144,-0.01728851185019553,-0.006395762839593644,1.5140356599780964,0,bearish,0,0,0,0,-2.0817188229799855,11.353342183055217,8.0,14.0,15.0,0.0,10.0,58.35334218305522,4,short,BTC,2,2,70,14.201832423766671,57600000,485.0,descending,57600000,-5.043402777777778e-06,2,winner,True,0.4086972544683685,1.3589460106873288,"['15m', '1h', '4h']",['support']
True,bearish,0.0038982359039887848,True,bearish,0.0054560367780467555,0,0,0,True,bearish,0.012089395010449719,1,{},{},{},{},{},[],0,0.6357402742792956,1.6644074006227907,0.8471872376154341,0.00740888352823949,2.588019783843187,2.6180619161018854,4,True,True,descending,0,0.004605607476635224,148.7012987013096,,0.3724673490998982,2.476738439816451,5,5,5,0,0,0,0,1740409200000,bearish,5,1740439800000,15,bearish,3,0.0,0.0,True,"[{'timeframe': '1h', 'zone_kind': 'support', 'distance_to_entry_r': 0.3724673490998982, 'distance_to_target_r': 1.6275326509001018}]",4h favorable zone; 1h favorable zone; 1h opposite zone before target; 15m favorable zone,nested child aligned with parent,5,5,21,0.9230769230769231,-0.5474640869127643,0.9577969629787554,20.0,0.25003876570010797,151164279.06982422,-0.5474640869127643,1.5474640869127643,True,1.0,descending,,,,,,,,,,,,,0.84,0.6221894867421291,1h_only,1.8176584459707341,-0.3295212085004917,-0.014042300837071253,-0.010238155440820407,-0.01896094729991915,-0.013681594044830492,-0.019061268760063976,-0.007288749920217996,1.8079803349020171,0,bearish,0,0,0,0,-1.028238719068405,14.426952141057876,16.0,20.0,15.0,0.0,10.0,75.42695214105788,5,short,BTC,2,2,25,20.0,18000000,802.5,descending,18000000,-5.13333333333301e-06,0,winner,True,0.3724673490998982,1.6275326509001018,['1h'],['support']
False,bullish,0.007054843657738343,True,bearish,0.034323629005274144,0,0,0,True,bearish,0.06936234639071925,1,{},{},{},{},{},[],0,0.3522349936142891,0.7649212336365319,0.8480204342273308,0.0037212173447163373,1.7722431772797842,2.17162192145551,8,False,True,ascending,0,0.013571275913656932,16.84251968503895,1.3216475396949998,,,1,1,1,0,0,0,0,1740924900000,bullish,9,1740928500000,9,bearish,1,1.4111111111111112e-05,0.0,True,"[{'timeframe': '15m', 'zone_kind': 'support', 'distance_to_entry_r': 1.3216475396949998, 'distance_to_target_r': 0.6783524603050002}]",4h favorable zone; 1h favorable zone; 15m favorable zone; 15m opposite zone before target,nested child acceptable with parent,9,1,53,0.9047619047619048,0.283719477839403,0.9952535935072587,20.0,0.8765677043877687,-5481335.564697266,0.283719477839403,0.716280522160597,True,1.0,ascending,,,,,,,,,,,,,2.65,0.05626300157521903,1h_only,-1.198502359028127,-0.18587450742649647,0.003825391374653986,-0.0032335404336462092,-0.02837830286514953,0.005142789690705696,-0.08621073733688278,-0.024372992831982576,-1.1899694992322802,0,bearish,0,0,0,0,-1.4936886395512328,10.875312607112845,18.0,14.0,15.0,0.0,10.0,67.87531260711285,1,short,BTC,2,2,20,20.0,9000000,467.8999999999942,ascending,9000000,0.0,0,loser,True,1.3216475396949998,0.6783524603050002,['15m'],['support']
True,bullish,0.006109222194385526,False,bearish,0.03427841868004662,0,0,0,False,bearish,0.06936234639071925,1,{},{},{},{},{},[],0,0.5612769866789199,5.248824072682001,0.5814423518603596,0.0054610660872439635,2.0152811203893966,9.35157542043427,2,True,True,descending,0,0.010969618616677251,16.942840306423932,0.09471365638765353,0.17906193314329694,12.316273646022236,5,5,5,0,0,0,0,1740929400000,bullish,9,1740930300000,9,bearish,1,0.0,0.0,True,"[{'timeframe': '1h', 'zone_kind': 'resistance', 'distance_to_entry_r': 0.17906193314329694, 'distance_to_target_r': 1.820938066856703}, {'timeframe': '15m', 'zone_kind': 'resistance', 'distance_to_entry_r': 0.09471365638765353, 'distance_to_target_r': 1.9052863436123464}]",1h opposite zone before target; 15m favorable zone; 15m opposite zone before target,nested child aligned with parent,9,5,54,0.8571428571428571,0.9062665453241255,0.8884570109348205,20.0,0.8765677043877687,-9081335.564697266,0.9062665453241255,0.09373345467587446,True,1.0,ascending,,,,,,,,,,,,,1.588235294117647,0.10942366196505654,1h_only,1.6905157256078716,-0.9795853065404034,0.013513185856411702,0.0072763550374961294,-0.03485833637366176,-0.0018355322279068886,-0.08621073733688278,-0.024372992831982576,1.6804796459846603,0,bearish,0,0,0,0,2.5501182526432613,13.048070739549868,4.0,20.0,0.0,0.0,10.0,47.04807073954987,5,long,BTC,2,2,34,20.0,17100000,910.0,descending,17100000,-1.9847953216373928e-05,0,winner,True,0.09471365638765353,1.820938066856703,"['15m', '1h']",['resistance']
True,bullish,0.031446115472090315,True,bullish,0.0038997159570356545,0,0,0,False,bearish,0.05589337001323606,1,{},{},{},{},{},[],0,0.5199330917201046,0.348292154555811,0.8982436576526337,0.00552301218845408,0.9488860253608822,0.6698787980652461,2,True,True,descending,0,0.018209661701238816,12.949541284404063,0.569323843416366,1.6334519572953736,2.403914590747331,2,2,2,0,0,0,0,1740999600000,bullish,3,1741012200000,6,bullish,2,0.0,0.0,True,"[{'timeframe': '1h', 'zone_kind': 'resistance', 'distance_to_entry_r': 1.6334519572953736, 'distance_to_target_r': 0.3665480427046263}, {'timeframe': '15m', 'zone_kind': 'resistance', 'distance_to_entry_r': 0.569323843416366, 'distance_to_target_r': 1.4306761565836341}]",4h favorable zone; 1h opposite zone before target; 15m favorable zone; 15m opposite zone before target,nested child aligned with parent,3,2,45,1.0,0.7531953130694262,1.0,20.0,0.06831368145236759,1626134794.5205078,0.7531953130694262,0.2468046869305738,True,1.0,ascending,,,,,,,,,,,,,2.25,0.2016563728242555,1h_only,-1.1030387874850631,-0.08829436655421041,0.036294644432757206,0.0035902076990586007,0.03970331687957729,0.03550481330802513,-0.018529372098339048,0.03843688818190083,-1.094650841973901,0,bearish,0,0,0,0,1.5999527689219342,13.988012266518004,10.0,20.0,15.0,0.0,10.0,68.98801226651801,2,long,BTC,2,2,20,20.0,10800000,2154.899999999994,descending,10800000,-7.266666666666558e-05,0,loser,True,0.569323843416366,0.3665480427046263,"['15m', '1h']",['resistance']
False,bullish,0.029241905050239467,False,bullish,0.007191517227636552,0,0,0,True,bearish,0.05390981247664248,1,{},{},{},{},{},[],0,0.868601605056343,3.7623601880369497,0.9550916878040666,0.020969829950630764,3.4426613353505786,4.3315142018335315,1,False,True,descending,0,0.009914764079147615,-0.5630510110090654,0.26591497790644697,,,3,3,3,0,0,0,0,1741014000000,neutral,3,1741052700000,3,bullish,1,0.0,0.0,True,"[{'timeframe': '15m', 'zone_kind': 'support', 'distance_to_entry_r': 0.26591497790644697, 'distance_to_target_r': 1.734085022093553}]",4h favorable zone; 1h favorable zone; 15m favorable zone; 15m opposite zone before target,nested child acceptable with parent,3,3,24,0.96875,-0.06308127405071987,0.9858939226174669,18.108119542683813,0.6111892326235436,16022810.188964844,-0.06308127405071987,1.0630812740507198,True,1.0,ascending,,,,,,,,,,,,,0.38095238095238093,0.3666130976295701,1h_only,1.9352379731773706,-0.6065585314898847,-0.00588774766174649,-0.033969985247696455,0.0016095575886656555,-0.00555353219461685,-0.014326273501380271,0.04098927951373388,1.9226262586264231,0,bearish,0,0,0,0,-1911399999999994.2,14.83159382926525,18.0,14.0,0.0,0.0,10.0,56.83159382926525,3,short,BTC,2,2,63,20.0,35100000,3650.0,descending,35100000,-6.495441595441578e-05,0,winner,True,0.26591497790644697,1.734085022093553,['15m'],['support']
True,bearish,0.03153253225424156,True,bearish,0.016858941263897434,0,0,0,True,bearish,0.06306186633900986,1,{},{},{},{},{},[],0,0.8481613285883665,1.1993769470405027,0.8493475682087895,0.005373070034355339,1.077375722235536,1.4140905823149004,4,True,True,ascending,0,0.011689938725769278,25.990257209665288,0.676045691248102,0.676045691248102,,4,4,4,0,0,0,0,1741094100000,bearish,6,1741098600000,12,bearish,2,3.1679012345678834e-05,0.0,True,"[{'timeframe': '1h', 'zone_kind': 'support', 'distance_to_entry_r': 0.676045691248102, 'distance_to_target_r': 1.323954308751898}, {'timeframe': '15m', 'zone_kind': 'support', 'distance_to_entry_r': 0.676045691248102, 'distance_to_target_r': 1.323954308751898}]",4h favorable zone; 1h favorable zone; 1h opposite zone before target; 15m favorable zone; 15m opposite zone before target,nested child aligned with parent,6,4,43,0.9555555555555556,0.02336103467183785,0.9918649508486461,16.039869791567522,0.15019520356943716,776383512.8110352,0.02336103467183785,0.9766389653281622,True,1.0,symmetrical,,,,,,,,,,,,,0.9772727272727273,0.15899131543303321,1h_only,-1.1115745062692162,0.09181947048334049,-0.04315284377716122,-0.013384875946183428,-0.05219353522383785,-0.03680259080057846,-0.10321181015183545,-0.049455539063442355,-1.1022113675612515,0,bearish,0,0,0,0,-0.6067235459057368,14.43505338078296,14.0,20.0,15.0,0.0,10.0,73.43505338078296,4,short,BTC,2,2,44,20.0,32400000,1995.5,ascending,32400000,0.0,0,loser,True,0.676045691248102,1.323954308751898,"['15m', '1h']",['support']
False,bearish,0.03174525715640871,False,bearish,0.018344957598502465,0,0,0,False,bearish,0.06306186633900986,1,{},{},{},{},{},[],0,0.4411542425283448,2.454229255054868,0.6912401236688464,0.005534687801094341,0.8839840392388048,5.563199938844928,2,True,True,symmetrical,0,0.013864222978486737,-2.5875770259270894,0.19314905884346606,1.4548075292521234,20.08885874173268,1,1,1,0,0,0,0,1741099500000,bearish,6,1741100400000,12,bearish,2,2.6521963824289255e-05,2.3177900887109797e-05,True,"[{'timeframe': '1h', 'zone_kind': 'resistance', 'distance_to_entry_r': 1.4548075292521234, 'distance_to_target_r': 0.5451924707478765}, {'timeframe': '15m', 'zone_kind': 'resistance', 'distance_to_entry_r': 0.19314905884346606, 'distance_to_target_r': 1.8068509411565339}]",1h favorable zone; 1h opposite zone before target; 15m favorable zone; 15m opposite zone before target,nested child aligned with parent,6,1,44,0.8448275862068966,0.0995844906149001,0.9354403585445207,16.039869791567522,0.15019520356943716,772783512.8110352,0.0995844906149001,0.9004155093851,True,1.0,symmetrical,,,,,,,,,,,,,0.7719298245614035,0.3468647916500677,1h_only,-1.2068594706943134,-0.8685927306617132,-0.0312869965407383,-0.0005519259870782056,-0.062281498635973986,-0.045868134772677815,-0.10321181015183545,-0.049455539063442355,-1.198014181866377,0,bearish,0,0,0,0,255523255813968.72,12.739075918928243,8.0,20.0,0.0,0.0,10.0,50.73907591892824,1,long,BTC,2,2,57,18.988411049556444,38700000,4353.5,symmetrical,38700000,-6.237726098191215e-05,1,loser,True,0.19314905884346606,0.5451924707478765,"['15m', '1h']",['resistance']
True,bearish,0.03240068888099661,True,bearish,0.019348476547397093,0,0,0,True,bearish,0.06306186633900986,1,{},{},{},{},{},[],0,0.5013342615152672,0.6053898046248442,0.7102912170785488,0.014035060768891654,1.6498347160829259,1.2075572150107443,3,True,True,ascending,0,0.009891486614112467,17.990257209665288,0.18041999408459036,0.18041999408459036,,6,6,6,0,0,0,0,1741101300000,bearish,6,1741108500000,12,bearish,2,3.1679012345678834e-05,0.0,True,"[{'timeframe': '1h', 'zone_kind': 'support', 'distance_to_entry_r': 0.18041999408459036, 'distance_to_target_r': 1.8195800059154097}, {'timeframe': '15m', 'zone_kind': 'support', 'distance_to_entry_r': 0.18041999408459036, 'distance_to_target_r': 1.8195800059154097}]",4h favorable zone; 1h favorable zone; 1h opposite zone before target; 15m favorable zone; 15m opposite zone before target,nested child aligned with parent,6,6,45,0.8301886792452831,-0.020744249273042147,0.923429658971787,16.039869791567522,0.15019520356943716,769183512.8110352,-0.020744249273042147,1.020744249273042,True,1.0,symmetrical,,,,,,,,,,,,,0.8653846153846154,0.15899131543303321,1h_only,-1.0792468589420112,-2.0003082527673035,-0.04556980362260299,-0.015112964030732812,-0.057492104998746796,-0.03998518663477557,-0.10321181015183545,-0.049455539063442355,-1.0726218819871072,0,bearish,0,0,0,0,-2.29582132876974,13.17159763313616,14.0,20.0,15.0,0.0,10.0,72.17159763313616,6,short,BTC,2,2,52,20.0,32400000,1995.5,ascending,32400000,0.0,0,loser,True,0.18041999408459036,1.8195800059154097,"['15m', '1h']",['support']
False,bearish,0.015013557416207503,False,bearish,0.004613310116753765,0,0,0,False,bearish,0.04827676260575323,1,{},{},{},{},{},[],0,0.768919339769545,0.6934808864421397,0.8178137651821813,0.006160113236650796,1.4872546491230103,0.9018902901440674,6,True,True,symmetrical,0,0.013501317918140163,5.781580118994611,0.2650268170889656,0.025984834473835743,8.688366931755185,6,6,6,0,0,0,0,1741414500000,bearish,7,1741513500000,14,bearish,2,6.01010101010101e-06,0.0007254429177631598,True,"[{'timeframe': '1h', 'zone_kind': 'resistance', 'distance_to_entry_r': 0.025984834473835743, 'distance_to_target_r': 1.9740151655261642}, {'timeframe': '15m', 'zone_kind': 'resistance', 'distance_to_entry_r': 0.2650268170889656, 'distance_to_target_r': 1.7349731829110344}]",1h favorable zone; 1h opposite zone before target; 15m favorable zone; 15m opposite zone before target,nested child aligned with parent,7,6,48,1.0,0.22985531125858072,1.0,18.70687761049421,0.26654279182915147,417876059.4387207,0.22985531125858072,0.7701446887414193,True,1.0,symmetrical,,,,,,,,,,,,,0.7868852459016393,0.7334572081708485,1h_only,-1.1200815600835852,0.47357928358593204,-0.017040841597915968,-0.0023173262732948396,-0.024259470902352587,-0.019847418290886765,-0.07211642588708023,-0.028602464396996652,-1.1144012497205509,0,bearish,0,0,0,0,2.019384579843231,14.31680161943318,8.0,20.0,0.0,0.0,10.0,52.31680161943318,6,long,BTC,2,2,61,18.63727854111842,49500000,5999.899999999994,symmetrical,49500000,-9.38161616161615e-05,1,loser,True,0.025984834473835743,1.7349731829110344,"['15m', '1h']",['resistance']
True,bearish,0.008360105337284587,True,bearish,0.013295282416362502,0,0,0,True,bearish,0.04966898778540972,1,{},{},{},{},{},[],0,0.579301640723596,1.7711180423807498,0.5795119899032465,0.004295592652091919,2.373066658091904,3.0573330332164703,11,True,True,descending,0,0.011765004569919626,24.207596029349133,0.4928607424827696,0.7139257517218175,0.7139257517218175,4,4,4,0,0,0,0,1741514400000,bearish,7,1741521600000,28,bearish,4,0.0,0.0,True,"[{'timeframe': '4h', 'zone_kind': 'support', 'distance_to_entry_r': 0.7139257517218175, 'distance_to_target_r': 1.2860742482781826}, {'timeframe': '1h', 'zone_kind': 'support', 'distance_to_entry_r': 0.7139257517218175, 'distance_to_target_r': 1.2860742482781826}, {'timeframe': '15m', 'zone_kind': 'support', 'distance_to_entry_r': 0.4928607424827696, 'distance_to_target_r': 1.5071392575172304}]",4h favorable zone; 4h opposite zone before target; 1h favorable zone; 1h opposite zone before target; 15m favorable zone; 15m opposite zone before target,nested child aligned with parent,7,4,22,0.9318181818181818,-0.2450042153712936,0.9650738970647056,20.0,0.13425605536331509,292602061.8557129,-0.2450042153712936,1.2450042153712937,True,1.0,descending,,,,,,,,,,,,,0.5116279069767442,0.5282583621683967,1h_only,1.6056690691845508,-0.03660772757041508,-0.01356044532177103,-0.005357891869415932,-0.02606009778854601,-0.013283294536828527,-0.06677143783168771,-0.021411391696558812,1.599308452559674,0,bearish,0,0,0,0,-2.2368022250351096,12.092368784616562,8.0,20.0,15.0,0.0,10.0,65.09236878461655,4,short,BTC,2,2,43,20.0,30600000,458.0,descending,30600000,-7.571895424836506e-06,0,winner,True,0.4928607424827696,1.2860742482781826,"['15m', '1h', '4h']",['support']
True,bearish,0.010508020847889973,True,bearish,0.014309540397257741,0,0,0,True,bearish,0.05072583461697702,1,{},{},{},{},{},[],0,0.6819875776397449,2.6135502996991837,0.7250141163184641,0.015981828021076516,5.931439205418346,3.8322549931837218,3,True,True,ascending,0,0.00022202062643246064,3243.827956988211,0.021834946045901995,0.996048432038103,,7,7,7,0,0,0,0,1741522500000,bearish,7,1741560300000,28,bearish,4,2.0666666666673133e-07,0.0,True,"[{'timeframe': '1h', 'zone_kind': 'support', 'distance_to_entry_r': 0.996048432038103, 'distance_to_target_r': 1.0039515679618969}, {'timeframe': '15m', 'zone_kind': 'support', 'distance_to_entry_r': 0.021834946045901995, 'distance_to_target_r': 1.978165053954098}]",4h favorable zone; 1h favorable zone; 1h opposite zone before target; 15m favorable zone; 15m opposite zone before target,nested child aligned with parent,7,7,24,0.8260869565217391,-1.7288530131474948,0.8472934995774934,20.0,0.13425605536331509,285402061.8557129,-1.7288530131474948,2.7288530131474946,True,1.0,descending,,,,,,,,,,,,,0.35294117647058826,0.7104959630911188,1h_only,1.8867219707592384,-0.7919888835186237,-0.02507100608256696,-0.01497989453019255,-0.0316042148146336,-0.01799629625707333,-0.07668566370365182,-0.03131651000927582,1.8762473071402366,0,bearish,0,0,0,0,-2.2715562391439783,13.968802936194242,14.0,20.0,15.0,0.0,10.0,72.96880293619424,7,short,BTC,2,2,68,20.0,45000000,616.0,ascending,45000000,0.0,0,winner,True,0.021834946045901995,1.0039515679618969,"['15m', '1h']",['support']
False,bullish,0.004405580949432794,True,bearish,0.03434347460150645,0,0,0,True,bearish,0.06979600765309395,1,{},{},{},{},{},[],0,0.5612722170252497,0.3422948013977031,0.29840972871843796,0.02219728173098082,5.306602644861198,0.6098552378235826,0,False,True,ascending,0,0.01264973917730997,-2.6822032697701843,0.0016742940060274557,0.4185735015068639,,3,3,3,0,0,0,0,1741759200000,bullish,3,1741782600000,3,bearish,1,8.714320987654328e-05,0.0,True,"[{'timeframe': '1h', 'zone_kind': 'support', 'distance_to_entry_r': 0.4185735015068639, 'distance_to_target_r': 1.581426498493136}, {'timeframe': '15m', 'zone_kind': 'support', 'distance_to_entry_r': 0.0016742940060274557, 'distance_to_target_r': 1.9983257059939725}]",4h favorable zone; 1h favorable zone; 1h opposite zone before target; 15m favorable zone; 15m opposite zone before target,nested child acceptable with parent,3,3,29,0.9838709677419355,0.664850653727419,0.9958656963590138,20.0,0.3503124999999996,148913470.1159668,0.664850653727419,0.3351493462725809,True,1.0,ascending,,,,,,,,,,,,,0.47540983606557374,0.6496875000000004,1h_only,-1.0760298619605757,0.3702903098342778,0.001003589463522081,-0.003391456549200478,-0.0321803989670304,0.0010942602573422722,-0.09259087820153733,-0.031235605473573402,-1.0680520520672747,0,bearish,0,0,0,0,-1860362222222218.5,8.986669784845638,14.0,14.0,15.0,0.0,10.0,61.98666978484564,3,short,BTC,2,2,61,20.0,40500000,4573.800000000003,ascending,40500000,0.0,0,loser,True,0.0016742940060274557,1.581426498493136,"['15m', '1h']",['support']
False,bullish,0.008039457266670288,True,bearish,0.020605739506818047,0,0,0,True,bearish,0.06804248343298888,1,{},{},{},{},{},[],0,0.842124019957271,0.8535307928481187,0.14219529579470927,0.007807309604298072,2.366165365201143,1.0135452411052548,4,False,True,symmetrical,0,0.010571970818781015,3.4492441320777516,0.3271007479102454,0.9128904531456254,,4,4,4,0,0,0,0,1741849200000,bullish,5,1741878900000,10,bearish,2,5.063276836158203e-05,0.0036234891422170317,True,"[{'timeframe': '1h', 'zone_kind': 'support', 'distance_to_entry_r': 0.9128904531456254, 'distance_to_target_r': 1.0871095468543746}, {'timeframe': '15m', 'zone_kind': 'support', 'distance_to_entry_r': 0.3271007479102454, 'distance_to_target_r': 1.6728992520897545}]",4h favorable zone; 1h favorable zone; 1h opposite zone before target; 15m favorable zone; 15m opposite zone before target,nested child acceptable with parent,5,4,40,1.0,0.6946039951616675,1.0,20.0,0.28426237913858815,308316820.2023926,0.6946039951616675,0.3053960048383325,True,1.0,ascending,,,,,,,,,,,,,0.547945205479452,0.7157376208614119,1h_only,1.7503661021868384,0.2253205128205118,0.00825840744484152,0.00015133040282444554,-0.0121820461489347,0.008342482172305488,-0.07213920290722353,-0.009612099852407852,1.7392462909578612,0,bearish,0,0,0,0,-3.7147429428219945,8.783232359230158,14.0,14.0,15.0,0.0,10.0,61.783232359230155,4,short,BTC,2,2,73,16.188255428891484,53100000,3908.5,symmetrical,53100000,-6.1732580037665335e-06,2,winner,True,0.3271007479102454,1.0871095468543746,"['15m', '1h']",['support']
False,bearish,0.009815911883271865,False,bearish,0.02234753405927751,0,0,0,False,bearish,0.071641664379868,1,{},{},{},{},{},[],0,0.4118179077479862,0.3600706434351831,0.886644558335871,0.005939158519328165,1.256611460197639,0.8743443076679656,4,True,True,descending,0,0.020402860573945702,3.482481029363271,0.3031997145236002,3.397050077316468,18.00689901272723,1,1,1,0,0,0,0,1741902300000,bearish,1,1741940100000,2,bearish,2,0.0,0.0,True,"[{'timeframe': '15m', 'zone_kind': 'resistance', 'distance_to_entry_r': 0.3031997145236002, 'distance_to_target_r': 1.6968002854764}]",15m favorable zone; 15m opposite zone before target,nested child aligned with parent,1,1,68,0.6216216216216216,0.06748581910714105,0.7335443810736343,17.371981456500706,0.5645893780749338,134178929.72851562,0.06748581910714105,0.932514180892859,True,1.0,symmetrical,,,,,,,,,,,,,1.8888888888888888,0.5205752491484806,1h_only,1.737196221973943,0.27091451881224493,-0.017309255473627494,-0.007737889442961943,-0.042845407878894015,-0.021924325333609107,-0.10624595332494413,-0.04510393187068573,1.7231630720212232,0,bearish,0,0,0,0,2.3097466699509304,13.295824540247434,8.0,20.0,0.0,0.0,10.0,51.29582454024744,1,long,BTC,2,2,36,20.0,26100000,4126.600000000006,descending,26100000,-0.00011613026819923371,0,winner,True,0.3031997145236002,1.6968002854764,['15m'],['resistance']
False,bullish,0.010465142496451245,True,bearish,0.005937171908317004,0,0,0,True,bearish,0.06403849251205998,1,{},{},{},{},{},[],0,0.6823104693140948,1.1623616236162688,1.0,0.008028963033534616,4.634745446553512,1.7035670356703663,7,True,True,symmetrical,0,0.013691887568447646,1.9868648461803105,0.5198067632850171,1.3647342995169083,,6,6,6,0,0,0,0,1742025600000,bullish,8,1742140800000,16,neutral,2,1.7876876876876963e-05,0.0,True,"[{'timeframe': '1h', 'zone_kind': 'support', 'distance_to_entry_r': 1.3647342995169083, 'distance_to_target_r': 0.6352657004830918}, {'timeframe': '15m', 'zone_kind': 'support', 'distance_to_entry_r': 0.5198067632850171, 'distance_to_target_r': 1.4801932367149828}]",4h favorable zone; 1h favorable zone; 1h opposite zone before target; 15m favorable zone; 15m opposite zone before target,nested child aligned with parent,8,6,38,0.9615384615384616,0.3610820824952643,0.9963707050913874,17.539958857430598,0.8192032496087049,9013469.805419922,0.3610820824952643,0.6389179175047357,True,1.0,symmetrical,,,,,,,,,,,,,0.7450980392156863,0.2315905194902005,1h_only,-1.1567816426609892,0.20176947652985566,0.006445289826051415,-0.004044702341779893,0.00030020194521562793,0.006276431644534286,-0.06014258328434252,4.731671180779884e-05,-1.1454632879935258,0,bearish,0,0,0,0,-14.553003943398732,15.0,14.0,20.0,15.0,0.0,10.0,74.0,6,short,BTC,2,2,51,20.0,33300000,1242.9000000000087,symmetrical,33300000,-8.186186186186361e-06,0,loser,True,0.5198067632850171,0.6352657004830918,"['15m', '1h']",['support']
True,bearish,0.0014852570348338082,True,bearish,0.003261605643599318,0,0,0,True,bearish,0.057207412417028425,1,{},{},{},{},{},[],0,0.6566921827882093,0.9880636604774216,0.858501507770816,0.004136355078246581,1.2033409535110968,1.5046070082367395,7,True,True,ascending,0,0.011821216546858124,18.827196149217684,0.0677701811203073,0.41033945064172606,,3,3,3,0,0,0,0,1742216400000,bearish,3,1742227200000,3,bearish,1,2.8854166666666666e-05,0.0,True,"[{'timeframe': '1h', 'zone_kind': 'support', 'distance_to_entry_r': 0.41033945064172606, 'distance_to_target_r': 1.5896605493582738}, {'timeframe': '15m', 'zone_kind': 'support', 'distance_to_entry_r': 0.0677701811203073, 'distance_to_target_r': 1.9322298188796927}]",4h favorable zone; 1h favorable zone; 1h opposite zone before target; 15m favorable zone; 15m opposite zone before target,nested child aligned with parent,3,3,20,0.9285714285714286,0.3176598027763455,0.9828887598500314,13.695853275146558,0.6224769499127828,5366853.482666016,0.3176598027763455,0.6823401972236545,True,1.0,symmetrical,,,,,,,,,,,,,0.36363636363636365,0.5971841515076005,1h_only,-1.1531946119082432,-0.4509837467921185,-0.005200761524175812,-0.003728738289239253,-0.00831515421340312,-0.005097155997768832,-0.056619505432014994,-0.002802388728488925,-1.143220871537965,0,bearish,0,0,0,0,-0.7051913022358052,13.173913271510528,14.0,20.0,15.0,0.0,10.0,72.17391327151053,3,short,BTC,2,2,55,20.0,43200000,1917.199999999997,ascending,43200000,0.0,0,loser,True,0.0677701811203073,1.5896605493582738,"['15m', '1h']",['support']
False,bearish,0.0008297699845588636,False,bearish,0.003423775834496076,0,0,0,False,bearish,0.05669571324731588,1,{},{},{},{},{},[],0,0.5160194174757423,0.6361142971126699,0.6880258899676563,0.004590255540905505,0.7675344547475725,1.2327332568692981,3,True,True,descending,0,0.002489841446896667,302.86399999999935,0.37573203437140706,0.0525422801160307,0.5062120299928801,2,0,2,0,2,2,0,1742233500000,neutral,2,1742279400000,4,bearish,2,0.0,0.0009867797479874926,True,"[{'timeframe': '4h', 'zone_kind': 'resistance', 'distance_to_entry_r': 0.5062120299928801, 'distance_to_target_r': 1.49378797000712}, {'timeframe': '1h', 'zone_kind': 'resistance', 'distance_to_entry_r': 0.0525422801160307, 'distance_to_target_r': 1.9474577198839693}, {'timeframe': '15m', 'zone_kind': 'resistance', 'distance_to_entry_r': 0.37573203437140706, 'distance_to_target_r': 1.624267965628593}]",4h opposite zone before target; 1h favorable zone; 1h opposite zone before target; 15m favorable zone; 15m opposite zone before target,nested child aligned with parent,2,0,24,0.9333333333333333,1.1148145889241303,0.9759254951793975,18.498157897747276,0.5735110889608773,35542472.30078125,1.1148145889241303,-0.1148145889241304,True,1.0,symmetrical,23,1.0,0.6833403097530365,1.0,20.0,0.37679809197287223,380518326.5749512,0.6833403097530365,0.3166596902469635,True,1.0,ascending,0.5454545454545454,0.42648891103912273,both,-1.0746793430569754,0.27886018367521925,0.009451577304127934,0.01029781550406228,-0.0033091698254255064,0.00010362978443123616,-0.055818890110087116,-0.002417267445748661,-1.0666040289058034,4,bearish,2,0,0,0,1.321856234701615,12.561596903591331,2.0,20.0,0.0,0.0,10.0,44.56159690359133,2,long,BTC,2,2,44,18.506610126006255,34200000,1369.199999999997,descending,34200000,-4.3859649122807014e-06,1,loser,True,0.0525422801160307,1.49378797000712,"['15m', '1h', '4h']",['resistance']
True,bearish,0.0017052208103399279,True,bearish,0.002284576236798552,0,2,0,True,bearish,0.055166846772979776,1,{},{},{},{},{},[],0,0.8930962826136762,1.8377916092554103,0.9882244285384305,0.008271625623958025,3.260322136171394,2.057775454934211,10,True,True,descending,0,0.016133655191274122,8.892103333061527,0.1719195374216197,0.8323967749816847,,2,2,2,0,0,0,0,1742280300000,bearish,2,1742375700000,4,bearish,2,0.0,0.00011190441462759309,True,"[{'timeframe': '1h', 'zone_kind': 'support', 'distance_to_entry_r': 0.8323967749816847, 'distance_to_target_r': 1.1676032250183153}, {'timeframe': '15m', 'zone_kind': 'support', 'distance_to_entry_r': 0.1719195374216197, 'distance_to_target_r': 1.8280804625783804}]",4h favorable zone; 1h favorable zone; 1h opposite zone before target; 15m favorable zone; 15m opposite zone before target,nested child aligned with parent,2,0,42,0.9772727272727273,-0.025482349830537262,0.9965156063054935,12.082595884538073,0.14590023549560885,634780630.9611816,-0.025482349830537262,1.0254823498305372,True,1.0,descending,,,,,,,,,,,,,0.9767441860465116,0.631128238064654,1h_only,-1.1053556382683816,0.1792465072018654,-0.01441287765477417,-0.01275366835535685,-0.008387561479704653,-0.006136047956801227,-0.058796479586259665,-0.00724967577916058,-1.0982211846207235,0,bearish,2,0,0,0,-2.2639600421573713,14.955841607019114,14.0,20.0,15.0,0.0,10.0,73.95584160701911,2,short,BTC,2,2,43,18.944047792686202,32400000,1768.800000000003,descending,32400000,-3.787345679012364e-05,1,loser,True,0.1719195374216197,1.1676032250183153,"['15m', '1h']",['support']
True,bullish,0.0001062835655839027,False,bearish,0.006162846653584842,0,0,0,False,bearish,0.05369766777389869,1,{},{},{},{},{},[],0,0.6895328208160098,0.6977231247942596,0.6901241868716326,0.0037608173076922376,1.8723633426083715,1.0118780480507907,11,True,True,ascending,0,0.015135324159226483,-3.007963212202867,0.4346752753513341,0.16540068363085314,1.8497911127991302,3,0,0,3,3,0,0,1742376600000,bullish,3,1742398200000,0,bearish,0,3.9626666666666603e-05,0.0,True,"[{'timeframe': '4h', 'zone_kind': 'resistance', 'distance_to_entry_r': 1.8497911127991302, 'distance_to_target_r': 0.15020888720086978}, {'timeframe': '1h', 'zone_kind': 'resistance', 'distance_to_entry_r': 0.16540068363085314, 'distance_to_target_r': 1.8345993163691467}, {'timeframe': '15m', 'zone_kind': 'resistance', 'distance_to_entry_r': 0.4346752753513341, 'distance_to_target_r': 1.565324724648666}]",4h favorable zone; 4h opposite zone before target; 1h favorable zone; 1h opposite zone before target; 15m favorable zone; 15m opposite zone before target,nested child aligned with parent,3,0,,,,,,,,,,,,,33,1.0,0.6640848348792795,1.0,18.805550818900098,0.32667511366177165,788734291.5810547,0.6640848348792795,0.3359151651207205,True,1.0,symmetrical,0.559322033898305,0.3720839233807843,4h_only,1.565730391112092,0.05125065593845968,0.007383609766944188,0.007275762441311784,-0.0004493171623307646,0.005746157192581647,-0.05417772645642227,-0.003570622628120912,1.5573347734507033,3,bearish,1,0,0,0,205623999999996.16,11.979191662307084,8.0,20.0,0.0,0.0,10.0,49.97919166230709,3,long,BTC,2,2,59,20.0,45000000,1996.8999999999942,ascending,45000000,0.0,0,winner,True,0.16540068363085314,0.15020888720086978,"['15m', '1h', '4h']",['resistance']
True,bullish,0.01112069372394848,True,bullish,0.00856478827979748,0,2,0,False,bearish,0.044573250119309495,1,{},{},{},{},{},[],0,0.5095503083170271,1.0996608189032238,0.7140923447134795,0.01091732100221881,3.0250049137080532,2.158100585858241,2,True,True,symmetrical,0,0.0312242590877847,4.20340216501404,,2.358265539846792,7.568596477371512,2,2,2,0,0,0,0,1742481000000,bullish,2,1742484600000,2,bullish,1,2.150000000000018e-05,0.0,False,[],4h favorable zone; 1h favorable zone; 15m favorable zone,nested child aligned with parent,2,0,19,0.6521739130434783,0.9691519169336817,0.8373150028634042,17.00865917043958,0.7742999999999993,-6908950.019287109,0.9691519169336817,0.03084808306631828,True,1.0,symmetrical,,,,,,,,,,,,,0.8636363636363636,0.40007500000000074,1h_only,-1.1055443472324034,-0.11125197012265531,0.019907514207639476,0.008469374796577833,0.01900652765692712,0.01019001834081057,-0.026030831651112862,0.018170996655386684,-1.0979064895324258,0,bearish,1,0,0,0,4.630496883656423,13.23514814257771,20.0,20.0,15.0,0.0,10.0,78.23514814257771,2,long,BTC,2,2,22,20.0,16200000,1600.300000000003,symmetrical,16200000,-4.635802469135803e-05,0,loser,False,,,[],[]
False,bullish,0.010612330581225795,False,bullish,0.00898733090305666,0,1,0,True,bearish,0.04431351124818981,1,{},{},{},{},{},[],0,0.5050407402292421,0.948576616302439,0.8313768816461747,0.005717112904970547,1.2624107621837855,1.8782180143959721,2,True,True,ascending,0,0.007773096115906889,73.08125179442948,0.21218680664538506,0.19324638779155093,1.8627090210509316,1,1,1,0,0,0,0,1742486400000,neutral,1,1742776200000,1,bullish,1,1.7590909090909237e-05,0.0003665539405093471,True,"[{'timeframe': '4h', 'zone_kind': 'support', 'distance_to_entry_r': 1.8627090210509316, 'distance_to_target_r': 0.1372909789490683}, {'timeframe': '1h', 'zone_kind': 'support', 'distance_to_entry_r': 0.19324638779155093, 'distance_to_target_r': 1.806753612208449}, {'timeframe': '15m', 'zone_kind': 'support', 'distance_to_entry_r': 0.21218680664538506, 'distance_to_target_r': 1.7878131933546149}]",4h favorable zone; 4h opposite zone before target; 1h favorable zone; 1h opposite zone before target; 15m favorable zone; 15m opposite zone before target,nested child aligned with parent,1,0,21,0.9310344827586207,0.028417572671219887,0.9871790425987935,17.384532712655872,0.5999249999999993,16812001.50024414,0.028417572671219887,0.9715824273287801,True,1.0,symmetrical,,,,,,,,,,,,,0.75,0.40007500000000074,1h_only,-1.0743925583324634,-2.0335321196903227,-0.0003475741859644277,-0.010841205724548941,0.008776677958223678,-0.00028693048192240944,-0.03503741635175017,0.008068479227307579,-1.0681426392660274,0,bearish,1,0,0,0,-0.42064570876318397,13.647907747548608,8.0,20.0,0.0,0.0,10.0,51.64790774754861,1,short,BTC,2,2,28,18.816723029745326,19800000,1600.300000000003,ascending,19800000,0.0,1,loser,True,0.19324638779155093,0.1372909789490683,"['15m', '1h', '4h']",['support']
True,bullish,0.0046620790840800124,True,bullish,0.01815561067626712,0,0,0,False,bearish,0.019005247830086405,1,{},{},{},{},{},[],0,0.5540588443814239,0.8724776019425782,0.781283232896151,0.004438877630025328,2.170002854058664,1.574702056992974,7,True,True,descending,0,0.009939792008757617,24.30616740088044,0.2584930534428483,0.5414258188824572,8.027989047763866,1,1,1,0,0,0,0,1742974200000,bullish,4,1742996700000,8,bullish,2,0.0,0.0,True,"[{'timeframe': '1h', 'zone_kind': 'resistance', 'distance_to_entry_r': 0.5414258188824572, 'distance_to_target_r': 1.4585741811175428}, {'timeframe': '15m', 'zone_kind': 'resistance', 'distance_to_entry_r': 0.2584930534428483, 'distance_to_target_r': 1.7415069465571518}]",4h favorable zone; 1h favorable zone; 1h opposite zone before target; 15m favorable zone; 15m opposite zone before target,nested child aligned with parent,4,1,60,1.0,0.6944557042702387,1.0,20.0,0.3763763763763764,258644680.85107422,0.6944557042702387,0.3055442957297612,True,1.0,ascending,,,,,,,,,,,,,1.3333333333333333,0.3556056056056056,1h_only,-1.1325227072294053,0.01984083121476432,0.00977426252299618,0.005042874976426193,0.027448700193290154,0.008633689123353383,-9.607950104695284e-05,0.0192736067941226,-1.1271385802581555,0,bearish,0,0,0,0,1.7800569616156872,12.912481634687166,14.0,20.0,15.0,0.0,10.0,71.91248163468717,1,long,BTC,2,2,45,20.0,27900000,1421.0,descending,27900000,-2.2781362007168668e-05,0,loser,True,0.2584930534428483,1.4585741811175428,"['15m', '1h']",['resistance']
False,bullish,0.004984081124754248,False,bullish,0.018477091311381415,0,0,0,True,bearish,0.016814270365145406,1,{},{},{},{},{},[],0,0.7652792202604429,5.017284726587048,0.8625069904929247,0.015603781003573949,7.205907457845461,6.5561491724282615,5,True,True,ascending,0,0.015536350953340657,3.4464953853826046,0.34598471010081305,0.31398416886544117,0.35998917529261143,1,1,1,0,0,0,0,1742997600000,neutral,1,1743178500000,6,bullish,6,3.299588477366267e-05,0.0,True,"[{'timeframe': '4h', 'zone_kind': 'support', 'distance_to_entry_r': 0.35998917529261143, 'distance_to_target_r': 1.6400108247073886}, {'timeframe': '1h', 'zone_kind': 'support', 'distance_to_entry_r': 0.31398416886544117, 'distance_to_target_r': 1.6860158311345588}, {'timeframe': '15m', 'zone_kind': 'support', 'distance_to_entry_r': 0.34598471010081305, 'distance_to_target_r': 1.654015289899187}]",4h favorable zone; 4h opposite zone before target; 1h favorable zone; 1h opposite zone before target; 15m favorable zone; 15m opposite zone before target,nested child aligned with parent,1,1,47,0.975609756097561,-0.09827037962739914,0.9930582213068276,15.395094254557746,0.4822632423756031,133256914.62817383,-0.09827037962739914,1.0982703796273992,True,1.0,symmetrical,,,,,,,,,,,,,1.175,0.5177367576243969,1h_only,1.8372970897775243,-0.6214472058217522,-0.005672309826366684,-0.010575708498198444,0.013158485992913693,-0.0054595322114361355,0.008818223803493064,0.02622561934701495,1.8306257633596652,0,neutral,0,0,0,0,-13.441883187378497,14.484401214348468,8.0,20.0,0.0,0.0,10.0,52.484401214348466,1,short,BTC,2,2,40,20.0,24300000,1290.199999999997,ascending,24300000,0.0,0,winner,True,0.31398416886544117,1.6400108247073886,"['15m', '1h', '4h']",['support']
True,bearish,0.008071677190409547,True,bearish,0.017964637919175564,0,0,0,True,bearish,0.02186480604451846,1,{},{},{},{},{},[],0,0.4755343082114617,1.7530582624922058,0.4942350956130403,0.006671080745996929,2.8497282045271866,3.6865021770682667,7,False,True,symmetrical,0,0.02544926849068043,6.47254763585056,,0.7530499075785654,0.8146642020948932,4,4,4,0,0,0,0,1743372900000,bearish,4,1743373800000,32,bearish,8,1.6908212560386472e-05,0.0,True,"[{'timeframe': '4h', 'zone_kind': 'support', 'distance_to_entry_r': 0.8146642020948932, 'distance_to_target_r': 1.185335797905107}, {'timeframe': '1h', 'zone_kind': 'support', 'distance_to_entry_r': 0.7530499075785654, 'distance_to_target_r': 1.2469500924214345}]",4h favorable zone; 4h opposite zone before target; 1h favorable zone; 1h opposite zone before target; 15m favorable zone,nested child acceptable with parent,4,4,34,0.9642857142857143,-0.09460360413357312,0.974961835127752,17.746747606453077,0.02478231748158071,4231945945.946045,-0.09460360413357312,1.0946036041335732,True,1.0,ascending,,,,,,,,,,,,,1.2592592592592593,0.6906229068988653,1h_only,-1.1512603511798822,0.29017105379771624,-0.01732113906378463,-0.00946434241748162,-0.03023497700559241,-0.013040687545538332,-0.046974558101501085,-0.026693064160867253,-1.1449840245011693,0,bearish,0,0,0,0,-2.75735967552003,12.206587457817673,10.0,14.0,15.0,0.0,10.0,61.206587457817676,4,short,BTC,2,2,27,20.0,20700000,1031.1000000000058,symmetrical,20700000,-1.7318840579710146e-05,0,loser,True,0.7530499075785654,1.185335797905107,"['1h', '4h']",['support']
True,bearish,0.0006651963025925809,True,bearish,0.018325085881944238,0,0,0,True,bearish,0.025245297195944528,1,{},{},{},{},{},[],0,0.813880126182975,0.9085983637644487,0.813880126182975,0.004081460046275914,0.9150999620740173,1.1163786097415767,2,True,True,symmetrical,0,0.023190505235335945,10.137534246575342,0.1910879525649052,0.1839008175366059,1.0822926960740191,1,1,1,0,0,0,0,1743451200000,bearish,2,1743491700000,2,bearish,1,5.388888888888889e-05,0.0,True,"[{'timeframe': '4h', 'zone_kind': 'support', 'distance_to_entry_r': 1.0822926960740191, 'distance_to_target_r': 0.9177073039259808}, {'timeframe': '1h', 'zone_kind': 'support', 'distance_to_entry_r': 0.1839008175366059, 'distance_to_target_r': 1.816099182463394}, {'timeframe': '15m', 'zone_kind': 'support', 'distance_to_entry_r': 0.1910879525649052, 'distance_to_target_r': 1.8089120474350948}]",4h favorable zone; 4h opposite zone before target; 1h favorable zone; 1h opposite zone before target; 15m favorable zone; 15m opposite zone before target,nested child aligned with parent,2,1,67,1.0,0.4479926500846945,1.0,20.0,0.2060456691510511,855926848.2490234,0.4479926500846945,0.5520073499153055,True,1.0,descending,,,,,,,,,,,,,2.7916666666666665,0.6815630845977981,1h_only,-1.1128742052839082,0.0822401745590543,-0.004351254437945595,-0.0036913973930918775,-0.021990403078358867,-0.00414253621045424,-0.045190250368771445,-0.02160661005280451,-1.108075877555258,0,bearish,0,0,0,0,-0.49558711112141207,12.924240542600117,8.0,20.0,15.0,0.0,10.0,65.92424054260012,1,short,BTC,2,2,24,20.0,17100000,2295.300000000003,symmetrical,17100000,-2.0818713450292398e-05,0,loser,True,0.1839008175366059,0.9177073039259808,"['15m', '1h', '4h']",['support']
False,bullish,0.010808652329287594,True,bearish,0.004224370502039296,0,0,0,True,bearish,0.022924332334755507,1,{},{},{},{},{},[],0,0.6401590457255513,0.26876447634745126,0.9990059642146539,0.004665031441932383,1.653015187039807,0.41984016025710563,6,False,True,symmetrical,0,0.01501614865148274,3.96229050279328,1.2569465192709912,0.651030773827318,1.3383627128772064,2,2,2,0,0,0,0,1743566400000,bullish,5,1743584400000,15,neutral,3,4.9394799054373383e-05,0.0018462668053341904,True,"[{'timeframe': '4h', 'zone_kind': 'support', 'distance_to_entry_r': 1.3383627128772064, 'distance_to_target_r': 0.6616372871227936}, {'timeframe': '1h', 'zone_kind': 'support', 'distance_to_entry_r': 0.651030773827318, 'distance_to_target_r': 1.348969226172682}, {'timeframe': '15m', 'zone_kind': 'support', 'distance_to_entry_r': 1.2569465192709912, 'distance_to_target_r': 0.7430534807290088}]",4h favorable zone; 4h opposite zone before target; 1h favorable zone; 1h opposite zone before target; 15m favorable zone; 15m opposite zone before target,nested child acceptable with parent,5,2,51,0.9818181818181818,0.680228781065692,0.9949576315514175,17.49697044381276,0.30166940982835644,373678877.63061523,0.680228781065692,0.319771218934308,True,1.0,ascending,,,,,,,,,,,,,0.9444444444444444,0.7266635316247355,1h_only,-1.1828604991558556,-0.1755493008897906,0.00790844389108214,-0.0029535121080692672,0.003484785695238024,0.007756758833830979,-0.019104603353323868,0.0034595616965027443,-1.1790669103944036,0,bearish,0,0,0,0,-1.8748275341154221,14.493819528703634,8.0,14.0,15.0,0.0,10.0,61.49381952870363,2,short,BTC,2,2,54,18.076866597332906,42300000,3090.5,symmetrical,42300000,-9.848699763593519e-06,1,loser,True,0.651030773827318,0.6616372871227936,"['15m', '1h', '4h']",['support']
True,bullish,0.0076460610256881304,False,bearish,0.001570234941351656,0,0,0,False,bearish,0.022301445218067827,1,{},{},{},{},{},[],0,0.6867252648185691,0.8561754499346638,0.946585530764036,0.006000312283910756,1.436138078311834,1.246751057223536,5,True,True,ascending,0,0.008507176597100019,45.80408092685366,1.0607568934186686,0.47072766058307997,1.4300387137552375,1,1,1,0,0,0,0,1743604200000,bullish,2,1743624900000,4,neutral,2,1.5298941798941875e-05,0.0009472176407002413,True,"[{'timeframe': '4h', 'zone_kind': 'resistance', 'distance_to_entry_r': 1.4300387137552375, 'distance_to_target_r': 0.5699612862447625}, {'timeframe': '1h', 'zone_kind': 'resistance', 'distance_to_entry_r': 0.47072766058307997, 'distance_to_target_r': 1.52927233941692}, {'timeframe': '15m', 'zone_kind': 'resistance', 'distance_to_entry_r': 1.0607568934186686, 'distance_to_target_r': 0.9392431065813314}]",4h favorable zone; 4h opposite zone before target; 1h favorable zone; 1h opposite zone before target; 15m favorable zone; 15m opposite zone before target,nested child aligned with parent,2,1,51,0.9230769230769231,1.1243604004449386,0.9674720182446398,17.60560661986444,0.6144378698224852,70596610.1694336,1.1243604004449386,-0.12436040044493867,True,1.0,ascending,,,,,,,,,,,,,1.0,0.315479289940827,1h_only,1.8054913653342752,-0.8810767051203969,0.018466913488644376,0.010597130701603508,0.011006896796890375,0.012614440808513594,-0.018502641244903195,0.0034619462145104585,1.8018253904186257,0,bearish,0,0,0,0,1.8103969647205564,14.799695740365134,8.0,20.0,15.0,0.0,10.0,67.79969574036514,1,long,BTC,2,2,51,15.52639117964988,37800000,1332.8999999999942,ascending,37800000,0.0,4,winner,True,0.47072766058307997,0.5699612862447625,"['15m', '1h', '4h']",['resistance']
True,bearish,0.007427989822493912,True,bearish,0.002874205635399495,0,0,0,True,bearish,0.02141705787344402,1,{},{},{},{},{},[],0,0.5612048192770944,0.8672500465462477,0.8016867469879448,0.017537736358238996,5.444796127350591,1.5453360640476677,7,True,True,ascending,0,0.00923143388298873,21.21702230843789,0.10739035864232058,0.33501947493550754,0.3491830643937503,2,2,2,0,0,0,0,1743685200000,bearish,2,1743752700000,2,bearish,1,2.6954248366013167e-05,0.0,True,"[{'timeframe': '4h', 'zone_kind': 'support', 'distance_to_entry_r': 0.3491830643937503, 'distance_to_target_r': 1.6508169356062496}, {'timeframe': '1h', 'zone_kind': 'support', 'distance_to_entry_r': 0.33501947493550754, 'distance_to_target_r': 1.6649805250644925}, {'timeframe': '15m', 'zone_kind': 'support', 'distance_to_entry_r': 0.10739035864232058, 'distance_to_target_r': 1.8926096413576794}]",4h favorable zone; 4h opposite zone before target; 1h favorable zone; 1h opposite zone before target; 15m favorable zone; 15m opposite zone before target,nested child aligned with parent,2,2,16,0.9038461538461539,-0.3644717995263358,0.9321087086364123,18.33196285179347,0.8723812218083518,-11680364.638671875,-0.3644717995263358,1.3644717995263358,True,1.0,symmetrical,,,,,,,,,,,,,0.3137254901960784,0.27533908560831016,1h_only,-1.0659482059852659,-0.524203402575437,-0.025186685384336327,-0.018076673450422298,-0.02760493291201005,-0.024879604626271146,-0.03438995103734077,-0.013998929975075125,-1.0618705373150623,0,bearish,0,0,0,0,-2.8408781814649413,13.87355421686736,8.0,20.0,15.0,0.0,10.0,66.87355421686736,2,short,BTC,2,2,51,20.0,30600000,1751.8999999999942,ascending,30600000,0.0,0,loser,True,0.10739035864232058,1.6508169356062496,"['15m', '1h', '4h']",['support']
False,bearish,0.002160170101600487,False,bearish,0.007594321141065467,0,0,0,False,bearish,0.023092204683759512,1,{},{},{},{},{},[],0,0.5953314171239409,0.9276349719062995,0.7711871788171799,0.010241572284539771,1.1574616719021278,1.5581824597595142,4,True,True,descending,0,0.01057111187909343,36.13365892554532,0.001279641700322747,0.06666133482624756,0.14463950093973588,2,2,2,0,0,0,0,1743788700000,neutral,2,1743959700000,2,bearish,1,0.0,0.0,True,"[{'timeframe': '4h', 'zone_kind': 'resistance', 'distance_to_entry_r': 0.14463950093973588, 'distance_to_target_r': 1.8553604990602641}, {'timeframe': '1h', 'zone_kind': 'resistance', 'distance_to_entry_r': 0.06666133482624756, 'distance_to_target_r': 1.9333386651737525}, {'timeframe': '15m', 'zone_kind': 'resistance', 'distance_to_entry_r': 0.001279641700322747, 'distance_to_target_r': 1.9987203582996773}]",4h favorable zone; 4h opposite zone before target; 1h favorable zone; 1h opposite zone before target; 15m favorable zone; 15m opposite zone before target,nested child aligned with parent,2,2,44,1.0,0.7802594158478667,1.0,18.646068561515357,0.5821938371680463,79156795.27441406,0.7802594158478667,0.2197405841521332,True,1.0,symmetrical,,,,,,,,,,,,,1.4193548387096775,0.41780616283195365,1h_only,-1.051554081454215,0.0806481023209733,0.010663017952020626,0.01287432927380161,-0.006369996960073121,0.0011848894897314999,-0.03467482090659646,-0.012665670918421634,-1.0486450011692434,0,bearish,0,0,0,0,1.5175448033123036,13.96394042330807,8.0,20.0,0.0,0.0,10.0,51.963940423308074,2,long,BTC,2,2,31,20.0,19800000,3061.5999999999913,descending,19800000,-5.067171717171732e-05,0,loser,True,0.001279641700322747,1.8553604990602641,"['15m', '1h', '4h']",['resistance']
False,bearish,0.02053674210728755,False,bearish,0.03732613894364342,0,0,0,False,bearish,0.04566738826222365,1,{},{},{},{},{},[],0,0.8924537567523364,0.8583461250836347,0.9479456539531785,0.005343946607387703,0.6464360215688459,0.9617821860117209,1,False,True,ascending,0,0.00752505328986866,80.6872824631863,0.13317634746206572,2.178091749520325,2.900139542996692,4,4,4,0,0,0,0,1744179300000,bearish,4,1744219800000,8,bearish,2,2.4411764705882354e-05,0.0,True,"[{'timeframe': '15m', 'zone_kind': 'resistance', 'distance_to_entry_r': 0.13317634746206572, 'distance_to_target_r': 1.8668236525379343}]",1h favorable zone; 15m favorable zone; 15m opposite zone before target,nested child acceptable with parent,4,4,46,1.0,0.4705938965186761,1.0,20.0,0.12464778288595581,1043817965.4968262,0.4705938965186761,0.5294061034813239,True,1.0,descending,,,,,,,,,,,,,2.090909090909091,0.33458401305057184,1h_only,1.9019245977030985,0.1521644266015002,-0.012085749978181348,0.00837265923184316,-0.053976697459078404,-0.019348523628251124,-0.1114120087544147,-0.07382843645887172,1.898654017076595,0,bearish,0,0,0,0,1.2316179276430348,14.804796202324418,12.0,14.0,0.0,0.0,10.0,50.80479620232442,4,long,BTC,2,2,22,20.0,15300000,2256.100000000006,ascending,15300000,0.0,0,winner,True,0.13317634746206572,1.8668236525379343,['15m'],['resistance']
True,bearish,0.0007269291977586058,True,bearish,0.010255603831535133,0,0,0,True,bearish,0.041763974976376836,1,{},{},{},{},{},[],0,0.708424616610223,1.3460483245350048,0.8512248556064604,0.006478174826860755,1.9495536899768402,1.9000586554653902,7,True,True,ascending,0,0.018443017656500745,9.926022628372607,0.22451247852884484,4.477821562089533,4.477821562089533,4,0,4,0,4,4,0,1744333200000,bearish,4,1744335900000,4,bearish,1,3.521839080459759e-05,0.0001518036072145528,True,"[{'timeframe': '15m', 'zone_kind': 'support', 'distance_to_entry_r': 0.22451247852884484, 'distance_to_target_r': 1.7754875214711552}]",4h favorable zone; 1h favorable zone; 15m favorable zone; 15m opposite zone before target,nested child aligned with parent,4,0,37,1.0,0.16906953638791417,1.0,16.788737804740876,0.4792172912137102,81055244.1953125,0.16906953638791417,0.8309304636120859,True,1.0,symmetrical,39,1.0,0.5001755992512185,1.0,20.0,0.11059515895671247,3720752267.3029785,0.5001755992512185,0.4998244007487815,True,1.0,descending,1.0571428571428572,0.1821204757641642,both,-1.1202163390087185,0.12365534135690825,-0.012290869165501261,-0.011581189791207147,-0.02209066450643138,-0.012183805784724444,-0.05260852234021074,-0.013578965029129808,-1.1161707745565812,8,bearish,2,0,0,0,-1.6374616396317372,14.442093208524227,18.0,20.0,15.0,20.0,10.0,97.44209320852423,4,short,BTC,2,2,35,17.924098196392723,26100000,1424.0,ascending,26100000,0.0,2,loser,True,0.22451247852884484,1.7754875214711552,['15m'],['support']
False,bearish,0.000904243094413033,False,bearish,0.009823486561121,0,2,0,False,bearish,0.041763974976376836,1,{},{},{},{},{},[],0,0.9345197663360988,2.7051791261944858,0.9701127564189644,0.009144494728234285,2.865266315736206,2.8947264933736796,5,True,True,symmetrical,0,0.013170791275816898,29.13834329632823,1.1407780195865176,1.247347660500553,2.097456474428739,2,2,2,0,0,0,0,1744336800000,neutral,2,1744392600000,2,bearish,1,1.6492063492063492e-05,0.0,True,"[{'timeframe': '1h', 'zone_kind': 'resistance', 'distance_to_entry_r': 1.247347660500553, 'distance_to_target_r': 0.752652339499447}, {'timeframe': '15m', 'zone_kind': 'resistance', 'distance_to_entry_r': 1.1407780195865176, 'distance_to_target_r': 0.8592219804134825}]",4h favorable zone; 1h favorable zone; 1h opposite zone before target; 15m favorable zone; 15m opposite zone before target,nested child aligned with parent,2,0,38,1.0,0.49517009268051576,1.0,16.788737804740876,0.4792172912137102,77455244.1953125,0.49517009268051576,0.5048299073194842,True,1.0,symmetrical,,,,,,,,,,,,,0.9743589743589743,0.20409259496099283,1h_only,1.843162969652443,-0.48184657427290256,0.005276633841783784,0.006191276255515632,-0.004767870157354026,0.005058231855048501,-0.05260852234021074,-0.013578965029129808,1.838558691429859,0,bearish,2,0,0,0,2.067683496129282,14.887922836571118,14.0,20.0,0.0,0.0,10.0,58.88792283657112,2,long,BTC,2,2,39,20.0,31500000,1595.800000000003,symmetrical,31500000,-9.530158730158637e-06,0,winner,True,1.1407780195865176,0.752652339499447,"['15m', '1h']",['resistance']
True,bullish,0.013964640339128845,True,bullish,0.010630951943155732,0,0,0,False,bearish,0.03089306000062279,1,{},{},{},{},{},[],0,0.3652584321399777,1.5929914401184928,0.5534707033498291,0.004502466147925788,1.8932148505158028,4.361272184150459,7,True,True,ascending,1,0.012022843402464612,19.391071428571763,0.333677685950411,0.18457300275482488,0.408402203856754,1,1,1,0,0,0,0,1744465500000,bullish,2,1744489800000,6,bullish,3,1.806451612903226e-05,0.0009228419862429634,True,"[{'timeframe': '4h', 'zone_kind': 'resistance', 'distance_to_entry_r': 0.408402203856754, 'distance_to_target_r': 1.591597796143246}, {'timeframe': '1h', 'zone_kind': 'resistance', 'distance_to_entry_r': 0.18457300275482488, 'distance_to_target_r': 1.815426997245175}, {'timeframe': '15m', 'zone_kind': 'resistance', 'distance_to_entry_r': 0.333677685950411, 'distance_to_target_r': 1.666322314049589}]",4h favorable zone; 4h opposite zone before target; 1h favorable zone; 1h opposite zone before target; 15m favorable zone; 15m opposite zone before target,nested child aligned with parent,2,1,44,0.9534883720930233,1.0794905607289789,0.9825230895994223,10.947479991583895,0.7887661454792668,20563616.384033203,1.0794905607289789,-0.0794905607289788,True,1.0,symmetrical,,,,,,,,,,,,,1.0476190476190477,0.16962950373895408,1h_only,1.7292138744852577,-0.2559035052947274,0.022162717814590893,0.0077775650804732255,0.029715243581407202,0.018565160226827748,-0.004557509660316317,0.027025861359995185,1.7217287452850503,0,bearish,0,0,0,0,2.1961506584399717,11.020764952290468,8.0,20.0,15.0,0.0,10.0,64.02076495229048,1,long,BTC,2,2,42,13.954824898124468,27900000,998.1000000000058,ascending,27900000,0.0,2,winner,True,0.18457300275482488,1.591597796143246,"['15m', '1h', '4h']",['resistance']
False,bullish,0.0156683808212842,False,bullish,0.019915683443259342,0,0,0,True,bearish,0.0241250986241219,1,{},{},{},{},{},[],0,0.6365333333333644,0.6720819900609887,0.6472000000000311,0.0035182819744367616,0.8398913181197533,1.055847282249093,5,False,True,descending,0,0.004192080109239806,150.83604777416156,0.7662048490846007,0.3411677387431924,0.7206003628566585,1,1,1,0,0,0,0,1744524000000,bullish,3,1744641900000,12,bullish,4,0.0,0.002060482982537777,True,"[{'timeframe': '4h', 'zone_kind': 'support', 'distance_to_entry_r': 0.7206003628566585, 'distance_to_target_r': 1.2793996371433414}, {'timeframe': '1h', 'zone_kind': 'support', 'distance_to_entry_r': 0.3411677387431924, 'distance_to_target_r': 1.6588322612568076}, {'timeframe': '15m', 'zone_kind': 'support', 'distance_to_entry_r': 0.7662048490846007, 'distance_to_target_r': 1.2337951509153993}]",4h favorable zone; 4h opposite zone before target; 1h favorable zone; 1h opposite zone before target; 15m favorable zone; 15m opposite zone before target,nested child acceptable with parent,3,1,61,0.975609756097561,0.5011411329762656,0.9916241014733508,16.7304877043623,0.6486168019067515,93165532.61767578,0.5011411329762656,0.49885886702373444,True,1.0,ascending,,,,,,,,,,,,,1.525,0.14709032966444396,1h_only,-1.1086481420639946,0.23489799468230188,0.010223540049675517,-0.00551768996438895,0.030949161303142736,0.010207522720748763,0.017555935003612744,0.04316419444435815,-1.101951950731009,0,neutral,0,0,0,0,-0.3435646415203028,11.454422961655247,8.0,14.0,0.0,0.0,10.0,43.45442296165525,1,short,BTC,2,2,40,17.96975850873111,28800000,1098.5,descending,28800000,-6.3958333333332324e-06,1,loser,True,0.3411677387431924,1.2337951509153993,"['15m', '1h', '4h']",['support']
True,bullish,0.0032435795091048454,True,bullish,0.01820101927474625,0,0,0,False,bearish,0.014323042077849377,1,{},{},{},{},{},[],0,0.5089592070148629,0.5550473973058381,0.7765916889058133,0.0037568130671759327,1.3207657917649196,1.0905538000997972,7,True,True,symmetrical,0,0.020679737308853856,1.1030366249419785,0.734910767996796,0.5209544816523048,0.5209544816523048,2,2,2,0,0,0,0,1744678800000,bullish,6,1744704000000,6,bullish,1,2.315686274509823e-05,0.0,True,"[{'timeframe': '4h', 'zone_kind': 'resistance', 'distance_to_entry_r': 0.5209544816523048, 'distance_to_target_r': 1.4790455183476952}, {'timeframe': '1h', 'zone_kind': 'resistance', 'distance_to_entry_r': 0.5209544816523048, 'distance_to_target_r': 1.4790455183476952}, {'timeframe': '15m', 'zone_kind': 'resistance', 'distance_to_entry_r': 0.734910767996796, 'distance_to_target_r': 1.2650892320032041}]",4h favorable zone; 4h opposite zone before target; 1h favorable zone; 1h opposite zone before target; 15m favorable zone; 15m opposite zone before target,nested child aligned with parent,6,2,29,0.975609756097561,0.6543535135390437,0.9868235237798897,18.712804612859358,0.26634687217394465,162324180.69091797,0.6543535135390437,0.3456464864609563,True,1.0,ascending,,,,,,,,,,,,,0.725,0.8202335548303399,1h_only,1.5352037891611425,0.08006385950909356,0.006093807359593528,0.0028212553714672683,0.024665525412838063,0.005905432374901265,0.007061955251016494,0.0218006020537862,1.5276145762976296,0,neutral,0,0,0,0,6.6744772512357615,11.601193676249945,8.0,20.0,15.0,0.0,10.0,64.60119367624995,2,long,BTC,2,2,40,20.0,30600000,2086.100000000006,symmetrical,30600000,-3.3235294117647056e-05,0,winner,True,0.5209544816523048,1.2650892320032041,"['15m', '1h', '4h']",['resistance']
False,bearish,0.004486422477457499,True,bullish,0.010731166613758527,0,0,0,False,bearish,0.00906484752712685,1,{},{},{},{},{},[],0,0.6544926333264423,1.1939959493479657,0.8752853289064287,0.006483598944452932,2.06393973235412,1.824307698131775,7,False,True,ascending,0,0.008652538599467803,66.73157162726352,0.08781437886357552,0.15183334744686391,0.4248454568549355,2,2,2,0,0,0,0,1744814700000,neutral,2,1744825500000,2,bullish,1,9.986111111110808e-06,0.0,True,"[{'timeframe': '4h', 'zone_kind': 'resistance', 'distance_to_entry_r': 0.4248454568549355, 'distance_to_target_r': 1.5751545431450644}, {'timeframe': '1h', 'zone_kind': 'resistance', 'distance_to_entry_r': 0.15183334744686391, 'distance_to_target_r': 1.8481666525531362}, {'timeframe': '15m', 'zone_kind': 'resistance', 'distance_to_entry_r': 0.08781437886357552, 'distance_to_target_r': 1.9121856211364245}]",4h favorable zone; 4h opposite zone before target; 1h favorable zone; 1h opposite zone before target; 15m favorable zone; 15m opposite zone before target,nested child acceptable with parent,2,2,24,0.8108108108108109,1.7403523703767734,0.8987490593965995,18.96682027320267,0.7479210440649873,1453503.7392578125,1.7403523703767734,-0.7403523703767735,True,1.0,descending,,,,,,,,,,,,,0.6666666666666666,0.2732384362700131,1h_only,-1.1100000228538038,-0.9580627099664003,0.00479554916565883,0.009345615953780362,0.004479231615444945,-0.006232817382074041,8.859736433919352e-05,0.009237996461680886,-1.1028280899678362,0,neutral,0,0,0,0,1.909045435598139,14.532319983399109,8.0,14.0,15.0,0.0,10.0,61.532319983399105,2,long,BTC,2,2,36,20.0,28800000,923.3000000000029,ascending,28800000,0.0,0,loser,True,0.08781437886357552,1.5751545431450644,"['15m', '1h', '4h']",['resistance']
False,bearish,0.0007817295164339766,True,bullish,0.009186510518536644,0,0,0,False,bearish,0.007417718533912059,1,{},{},{},{},{},[],0,0.5777325186694389,0.9596571847425297,0.8071961982349286,0.004861262696120516,2.3066296844876413,1.6610752445659314,6,False,True,symmetrical,0,0.013659626705210886,4.982926829268308,0.10150613846348121,0.3176813061637744,0.7257309201366788,2,2,2,0,0,0,0,1744871400000,neutral,5,1744900200000,5,bullish,1,1.6361823361823445e-05,0.0,True,"[{'timeframe': '4h', 'zone_kind': 'resistance', 'distance_to_entry_r': 0.7257309201366788, 'distance_to_target_r': 1.2742690798633212}, {'timeframe': '1h', 'zone_kind': 'resistance', 'distance_to_entry_r': 0.3176813061637744, 'distance_to_target_r': 1.6823186938362256}, {'timeframe': '15m', 'zone_kind': 'resistance', 'distance_to_entry_r': 0.10150613846348121, 'distance_to_target_r': 1.8984938615365188}]",4h favorable zone; 4h opposite zone before target; 1h favorable zone; 1h opposite zone before target; 15m favorable zone; 15m opposite zone before target,nested child acceptable with parent,5,2,40,1.0,0.6010943047291188,1.0,20.0,0.2809919801130474,211129099.52612305,0.6010943047291188,0.3989056952708812,True,1.0,descending,,,,,,,,,,,,,0.7843137254901961,0.6792637092716992,1h_only,-1.1576295241988956,0.22565154319442682,0.0036979386329962782,0.004486078805726823,0.010781057616528367,0.0014817479528810296,-0.0006876563174751382,0.006775183218423297,-1.1514196654976088,0,bearish,0,0,0,0,3.0024097292819407,13.785274899578303,8.0,14.0,15.0,0.0,10.0,60.785274899578305,2,long,BTC,2,2,51,20.0,35100000,2295.300000000003,symmetrical,35100000,-2.919373219373211e-05,0,loser,True,0.10150613846348121,1.2742690798633212,"['15m', '1h', '4h']",['resistance']
True,bullish,0.002159416964214479,True,bullish,0.0091840343012024,0,0,0,False,bearish,0.006003919493158631,1,{},{},{},{},{},[],0,0.6477449455676816,0.5572185895613663,0.8234836702955105,0.006089366714124517,1.7254488798212073,0.860243824941037,7,True,True,symmetrical,0,0.005183173779249021,67.37027189295713,0.28365697901732484,0.09240192884138396,0.7874364655284697,3,3,3,0,0,0,0,1744913700000,bullish,4,1745244900000,12,bullish,3,6.637566137566176e-06,0.0,True,"[{'timeframe': '4h', 'zone_kind': 'resistance', 'distance_to_entry_r': 0.7874364655284697, 'distance_to_target_r': 1.2125635344715302}, {'timeframe': '1h', 'zone_kind': 'resistance', 'distance_to_entry_r': 0.09240192884138396, 'distance_to_target_r': 1.907598071158616}, {'timeframe': '15m', 'zone_kind': 'resistance', 'distance_to_entry_r': 0.28365697901732484, 'distance_to_target_r': 1.716343020982675}]",4h favorable zone; 4h opposite zone before target; 1h favorable zone; 1h opposite zone before target; 15m favorable zone; 15m opposite zone before target,nested child aligned with parent,4,3,40,0.9292929292929293,1.1115311236086172,0.9760610035425532,14.091528204921824,0.47690977938755713,78857926.98706055,1.1115311236086172,-0.11153112360861724,True,1.0,symmetrical,,,,,,,,,,,,,0.40816326530612246,0.9447234112611119,1h_only,1.8438880996775506,0.09083362600172817,0.010180766241682626,0.007981952914208668,0.017821502049201188,0.008395317488891108,0.00557501958608686,0.011682945563810332,1.836111086430025,0,neutral,0,0,0,0,1.5516977096515625,14.338063763608165,8.0,20.0,15.0,0.0,10.0,67.33806376360816,3,long,BTC,2,2,98,20.0,75600000,2295.300000000003,symmetrical,75600000,-8.784391534391611e-06,0,winner,True,0.09240192884138396,1.2125635344715302,"['15m', '1h', '4h']",['resistance']
False,bullish,0.01635996373615287,False,bullish,0.04427516130483017,0,4,0,False,bullish,0.02587702125455885,1,{},{},{},{},{},[],0,0.9663642398760848,1.7290940766550467,0.9665855277716175,0.004085561772792509,1.507364586632873,1.7892777953753396,9,False,True,descending,0,0.015086134618179247,27.538718043720337,2.2553511077732082,8.103767680560837,2.091375641507091,4,4,4,0,0,0,0,1745466300000,bullish,7,1745536500000,7,bullish,1,0.0,0.0,False,[],4h favorable zone; 1h favorable zone; 15m favorable zone,nested child acceptable with parent,7,0,57,1.0,0.3711931455536201,1.0,17.610981122886514,0.6855771597341865,48501453.95800781,0.3711931455536201,0.62880685444638,True,1.0,ascending,,,,,,,,,,,,,2.1923076923076925,0.08467880876199745,1h_only,-1.1727088277951385,-0.017252396166138828,0.010278924222253183,-0.006147594127619116,0.06065369679927457,0.01307889056013134,0.0989609870903938,0.06857308020436848,-1.1656224519491802,0,bullish,5,0,0,0,-1.0756118234289131,13.503038388332378,20.0,14.0,0.0,0.0,10.0,57.50303838833238,4,short,BTC,2,2,26,20.0,18900000,688.0999999999913,descending,18900000,-1.4280423280422972e-05,0,loser,False,,,[],[]
True,bullish,0.007850230927451756,True,bullish,0.04045724724732396,0,0,0,True,bullish,0.03203174050530234,1,{},{},{},{},{},[],0,0.5556142668428082,0.991864166961457,0.643857331571987,0.0044546910186921175,1.9629760641433656,1.7851668435326022,10,True,True,ascending,0,0.01263744390379063,8.059259259259534,0.33838959854014156,0.33838959854014156,1.2072308394160545,4,4,4,0,0,0,0,1745538300000,bullish,5,1745549100000,15,bullish,3,3e-05,0.0,True,"[{'timeframe': '4h', 'zone_kind': 'resistance', 'distance_to_entry_r': 1.2072308394160545, 'distance_to_target_r': 0.7927691605839456}, {'timeframe': '1h', 'zone_kind': 'resistance', 'distance_to_entry_r': 0.33838959854014156, 'distance_to_target_r': 1.6616104014598585}, {'timeframe': '15m', 'zone_kind': 'resistance', 'distance_to_entry_r': 0.33838959854014156, 'distance_to_target_r': 1.6616104014598585}]",4h favorable zone; 4h opposite zone before target; 1h favorable zone; 1h opposite zone before target; 15m favorable zone; 15m opposite zone before target,nested child aligned with parent,5,4,107,1.0,0.7948008364096353,1.0,16.610981122886514,0.7314507722922392,68920481.92773438,0.7948008364096353,0.2051991635903647,True,1.0,ascending,,,,,,,,,,,,,1.8135593220338984,0.17157206481569276,1h_only,-1.1570772555402928,-0.24924415212434425,0.015022127361759896,0.0069982064501119545,0.05330563070457184,0.010254788399185033,0.0926227207585173,0.05567554669306607,-1.151427466945905,0,bullish,0,0,0,0,2.9126838235293473,12.430187122489876,8.0,20.0,15.0,0.0,10.0,65.43018712248988,4,long,BTC,2,2,59,20.0,45000000,1810.6000000000058,ascending,45000000,0.0,0,loser,True,0.33838959854014156,0.7927691605839456,"['15m', '1h', '4h']",['resistance']
True,bullish,0.006611264350704302,True,bullish,0.03955754334874616,0,0,0,True,bullish,0.03455091301196095,1,{},{},{},{},{},[],0,0.61511216056671,0.4139849026618863,0.7012987012986567,0.004384771706929436,1.6216726261421819,0.6730234406038684,7,True,True,descending,0,0.02691671572337614,5.01937096438246,0.9093600225542868,0.9093600225542868,1.9832252607837895,1,1,1,0,0,0,0,1745563500000,bullish,2,1745582400000,8,bullish,4,0.0,0.0,True,"[{'timeframe': '4h', 'zone_kind': 'resistance', 'distance_to_entry_r': 1.9832252607837895, 'distance_to_target_r': 0.016774739216210494}, {'timeframe': '1h', 'zone_kind': 'resistance', 'distance_to_entry_r': 0.9093600225542868, 'distance_to_target_r': 1.0906399774457132}, {'timeframe': '15m', 'zone_kind': 'resistance', 'distance_to_entry_r': 0.9093600225542868, 'distance_to_target_r': 1.0906399774457132}]",4h favorable zone; 4h opposite zone before target; 1h favorable zone; 1h opposite zone before target; 15m favorable zone; 15m opposite zone before target,nested child aligned with parent,2,1,84,1.0,0.6700571122177879,1.0,17.610981122886514,0.6512429239478218,136231292.51708984,0.6700571122177879,0.32994288778221215,True,1.0,ascending,,,,,,,,,,,,,3.8181818181818183,0.1995446714250554,1h_only,1.6329281210458289,0.26909190936285476,0.008752929702297907,0.0020699923665716824,0.04695910388662772,0.005323500292858441,0.08786125671003742,0.0484534563932697,1.6268280174677932,0,bullish,0,0,0,0,2.3550502116357555,12.89770065366427,8.0,20.0,15.0,0.0,10.0,65.89770065366427,1,long,BTC,2,2,22,20.0,14400000,1621.5,descending,14400000,-6.668055555555535e-05,0,winner,True,0.9093600225542868,0.016774739216210494,"['15m', '1h', '4h']",['resistance']
True,bullish,0.007623043654144681,True,bullish,0.03859127864474252,0,0,0,True,bullish,0.03654128440476158,1,{},{},{},{},{},[],0,0.3034276081663266,0.7231820008035313,0.5583442592245637,0.010396730536917309,4.35293067273776,2.3833757421543282,7,True,True,symmetrical,0,0.018247694334650774,4.574007220216799,,,0.11444208462670001,1,1,1,0,0,0,0,1745583300000,bullish,1,1745798400000,3,bullish,3,2.1424501424501425e-05,0.0,True,"[{'timeframe': '4h', 'zone_kind': 'resistance', 'distance_to_entry_r': 0.11444208462670001, 'distance_to_target_r': 1.8855579153733}]",4h favorable zone; 4h opposite zone before target; 1h favorable zone; 15m favorable zone,nested child aligned with parent,1,1,41,0.8888888888888888,1.411428571428568,0.9384956706133355,15.308040383012953,0.4568190699491989,108859195.89404297,1.411428571428568,-0.411428571428568,True,1.0,ascending,,,,,,,,,,,,,0.9318181818181818,0.6336459554513482,1h_only,-1.1167948843837932,-0.38473412466068724,0.01997580846645608,0.012106357547001068,0.0598132638265465,0.018170547647401447,0.10133771364430832,0.05872987656871609,-1.1108157852769973,0,bullish,0,0,0,0,7.386152580227497,11.414356621090072,14.0,20.0,15.0,0.0,10.0,70.41435662109006,1,long,BTC,2,2,44,20.0,35100000,1621.5,symmetrical,35100000,-1.56666666666665e-05,0,loser,True,0.11444208462670001,1.8855579153733,['4h'],['resistance']
True,bearish,0.001583870296357519,False,bullish,0.026576276475889702,0,0,0,False,bullish,0.0481286989523577,1,{},{},{},{},{},[],0,0.7839851024208611,1.2848796651552108,0.7951582867783953,0.006622374327935702,2.702978998770007,1.6389082664806278,8,True,True,ascending,0,0.0012780869923726362,557.7741935484205,0.2432024169184323,4.714961250492606,1.2248784973072446,3,0,3,0,3,3,0,1745803800000,bearish,3,1745821800000,3,bullish,1,1.5409356725145348e-06,0.0,True,"[{'timeframe': '4h', 'zone_kind': 'support', 'distance_to_entry_r': 1.2248784973072446, 'distance_to_target_r': 0.7751215026927554}, {'timeframe': '15m', 'zone_kind': 'support', 'distance_to_entry_r': 0.2432024169184323, 'distance_to_target_r': 1.7567975830815676}]",4h favorable zone; 4h opposite zone before target; 1h favorable zone; 15m favorable zone; 15m opposite zone before target,nested child aligned with parent,3,0,23,0.82,-0.7289404284712823,0.8866123285148565,20.0,0.5815916873302658,-12121084.153808594,-0.7289404284712823,1.7289404284712822,True,1.0,descending,45,1.0,0.38601579250064394,1.0,18.013154814946382,0.6915228819842287,170544238.00878906,0.38601579250064394,0.6139842074993561,True,1.0,symmetrical,0.46938775510204084,0.4968119022316676,both,-1.094519914597869,-0.29085097882540034,-0.010959122395878373,-0.009407346653780957,0.019897847890253173,-0.007017041763674126,0.07607641480680116,0.023090401453476295,-1.089870716873478,3,bullish,1,0,0,0,-0.8014471996652218,14.231843575418983,12.0,20.0,0.0,0.0,10.0,56.231843575418985,3,short,BTC,2,2,49,20.0,34200000,841.5,ascending,34200000,0.0,0,loser,True,0.2432024169184323,0.7751215026927554,"['15m', '4h']",['support']
False,bullish,0.002409518521388502,False,bullish,0.023904683025993845,0,0,0,False,bullish,0.049440785291291665,1,{},{},{},{},{},[],0,0.8103015075377032,0.6441063025052722,0.8103015075377032,0.004714591055427537,1.1058955698967512,0.7948970803010657,5,True,True,ascending,0,0.006700037078235058,70.66629773104626,0.2434959546533549,0.35206627585872535,1.1551765902814726,1,0,0,1,1,0,0,1745856900000,neutral,1,1746092700000,0,bullish,0,2.4093333333333268e-05,0.0,True,"[{'timeframe': '4h', 'zone_kind': 'support', 'distance_to_entry_r': 1.1551765902814726, 'distance_to_target_r': 0.8448234097185274}, {'timeframe': '1h', 'zone_kind': 'support', 'distance_to_entry_r': 0.35206627585872535, 'distance_to_target_r': 1.6479337241412746}, {'timeframe': '15m', 'zone_kind': 'support', 'distance_to_entry_r': 0.2434959546533549, 'distance_to_target_r': 1.7565040453466452}]",4h favorable zone; 4h opposite zone before target; 1h favorable zone; 1h opposite zone before target; 15m favorable zone; 15m opposite zone before target,nested child aligned with parent,1,0,,,,,,,,,,,,,49,0.864406779661017,0.5270060938977937,0.92553595620127,18.013154814946382,0.6915228819842287,112944238.00878906,0.5270060938977937,0.47299390610220626,True,1.0,symmetrical,0.8448275862068966,0.2350542562512636,4h_only,-1.0708126585271311,-0.7182071118349582,-0.007256612568746323,-0.009625621338287926,0.019965691332152424,-0.004311150922074458,0.07341692778426201,0.019320976576646,-1.0674275202298003,1,bullish,1,0,0,0,-0.28908432137244233,13.860517236407793,8.0,20.0,0.0,0.0,10.0,51.860517236407794,1,short,BTC,2,2,58,20.0,45000000,2790.0,ascending,45000000,0.0,0,loser,True,0.2434959546533549,0.8448234097185274,"['15m', '1h', '4h']",['support']
True,bullish,0.0025721870693707514,True,bullish,0.014255808769733577,0,0,0,True,bullish,0.0507231152466164,1,{},{},{},{},{},[],0,0.9158757549611745,1.3452460159047344,0.9158757549611745,0.007500676471733948,4.514146310553518,1.4688084149162368,8,True,True,ascending,0,0.013982619858131434,-2.0285470409705795,,,0.08449951928213367,3,0,0,3,3,0,0,1746094500000,bullish,3,1746196200000,0,bullish,0,2.4926713947990406e-05,0.0,True,"[{'timeframe': '4h', 'zone_kind': 'resistance', 'distance_to_entry_r': 0.08449951928213367, 'distance_to_target_r': 1.9155004807178664}]",4h favorable zone; 4h opposite zone before target; 1h favorable zone; 15m favorable zone,nested child aligned with parent,3,0,,,,,,,,,,,,,41,0.9333333333333333,1.1680523421563254,0.949586072654103,14.433367792990149,0.33568209750102573,982416011.7158203,1.1680523421563254,-0.1680523421563253,True,1.0,ascending,0.6949152542372882,0.34906459101461307,4h_only,1.709650535139611,-0.01179170119189954,0.011444972492031358,0.00882039943473334,0.02412955446108045,0.009392628919724366,0.0738972207798787,0.018422318573170005,1.70606695446337,21,bullish,7,0,0,0,666891489361703.9,14.684534081104403,14.0,20.0,0.0,20.0,10.0,78.6845340811044,3,long,BTC,2,2,59,20.0,42300000,1278.1000000000058,ascending,42300000,0.0,0,winner,True,0.08449951928213367,1.9155004807178664,['4h'],['resistance']
True,bullish,0.007776826471668136,True,bullish,0.020048914443092973,0,0,0,True,bullish,0.05243920951831005,1,{},{},{},{},{},[],0,0.6774822695035564,1.4468552387443887,0.6891843971631412,0.005793421835651028,2.1307130145026747,2.13563557877996,6,True,True,ascending,0,0.0051482906950420055,101.11023160363106,,,0.11972850678731978,5,5,5,0,0,0,0,1746198000000,bullish,5,1746222300000,10,bullish,2,5.573529411764801e-06,0.0,True,"[{'timeframe': '4h', 'zone_kind': 'resistance', 'distance_to_entry_r': 0.11972850678731978, 'distance_to_target_r': 1.8802714932126803}]",4h favorable zone; 4h opposite zone before target; 1h favorable zone; 15m favorable zone,nested child aligned with parent,5,5,23,0.9473684210526315,1.2701441931517643,0.9767297580049213,20.0,0.12697534766119697,367231362.7878418,1.2701441931517643,-0.2701441931517643,True,1.0,ascending,,,,,,,,,,,,,0.30666666666666664,0.6980088495575143,1h_only,-1.1303301960086065,-1.7070466030319613,0.017086698683563384,0.009104974244903863,0.03817669995048045,0.01700836660208238,0.08857651464226723,0.029791785681676508,-1.1260398233280973,0,bullish,0,0,0,0,2.1094532412065945,13.83444148936178,14.0,20.0,15.0,0.0,10.0,72.83444148936178,5,long,BTC,2,2,75,20.0,61200000,883.3999999999942,ascending,61200000,0.0,0,loser,True,0.11972850678731978,1.8802714932126803,['4h'],['resistance']
False,bearish,0.005250888461260802,True,bullish,0.0012416925098549716,0,0,0,True,bullish,0.04863708174301941,1,{},{},{},{},{},[],0,0.9406620861961296,1.3026554796298295,0.9406620861961296,0.005751464028244707,2.3531701409912698,1.3848283020500347,6,False,True,ascending,1,0.004111008751727259,153.8263305322157,0.3132367294841913,0.002853067047066847,0.10090847661235325,2,2,2,0,0,0,0,1746485100000,neutral,2,1746528300000,8,neutral,4,5.409090909090835e-06,0.0008519481617725313,True,"[{'timeframe': '4h', 'zone_kind': 'resistance', 'distance_to_entry_r': 0.10090847661235325, 'distance_to_target_r': 1.8990915233876466}, {'timeframe': '1h', 'zone_kind': 'resistance', 'distance_to_entry_r': 0.002853067047066847, 'distance_to_target_r': 1.9971469329529332}, {'timeframe': '15m', 'zone_kind': 'resistance', 'distance_to_entry_r': 0.3132367294841913, 'distance_to_target_r': 1.6867632705158087}]",4h favorable zone; 4h opposite zone before target; 1h favorable zone; 1h opposite zone before target; 15m favorable zone; 15m opposite zone before target,nested child acceptable with parent,2,2,54,0.9245283018867925,1.2333683790740726,0.9548474742645214,9.011610635622127,0.5571423826762772,112154110.28320312,1.2333683790740726,-0.23336837907407257,True,1.0,descending,,,,,,,,,,,,,1.0384615384615385,0.33279085987578527,1h_only,-1.105448384568076,-0.037360119834334515,0.0025243985780263323,0.007829759353783272,-0.0012219820631214073,-0.0024591075228770354,0.04576779785093965,-0.0048486772892535335,-1.1024939073474442,0,bullish,0,0,0,0,1.7265763469055775,14.777482823235486,8.0,14.0,15.0,0.0,10.0,61.77748282323549,2,long,BTC,2,2,52,12.481046912327388,39600000,1002.0,ascending,39600000,0.0,4,loser,True,0.002853067047066847,1.6867632705158087,"['15m', '1h', '4h']",['resistance']
True,bearish,0.005139485098641131,True,bearish,0.0013530941662802066,0,0,0,False,bullish,0.04645369330193116,1,{},{},{},{},{},[],0,0.5357361963190229,2.1242436220999372,0.6343558282208678,0.0038932792227495644,2.22397907987966,3.965092589777119,11,True,True,descending,0,0.018567865308667754,-0.45203179223130974,,1.6504832029451881,1.6504832029451881,4,4,4,0,0,0,0,1746540000000,bearish,4,1746540900000,24,bearish,6,0.0,0.0008627366229077006,True,"[{'timeframe': '4h', 'zone_kind': 'support', 'distance_to_entry_r': 1.6504832029451881, 'distance_to_target_r': 0.34951679705481187}, {'timeframe': '1h', 'zone_kind': 'support', 'distance_to_entry_r': 1.6504832029451881, 'distance_to_target_r': 0.34951679705481187}]",4h favorable zone; 4h opposite zone before target; 1h favorable zone; 1h opposite zone before target; 15m favorable zone,nested child aligned with parent,4,4,35,0.7254901960784313,-0.5582666981451846,0.785840509438545,13.46310206648673,0.6284883720930232,36512858.46435547,-0.5582666981451846,1.5582666981451847,True,1.0,symmetrical,,,,,,,,,,,,,0.7,0.5594186046511611,1h_only,-1.2944898598372925,-0.22464993573701064,-0.010871210640084006,-0.005817170206718902,-0.012103133150221379,-0.010780826582221792,0.038075825733601354,-0.009679844426896067,-1.292455064650224,0,bullish,0,0,0,0,-365700000000011.6,11.433170367866685,10.0,20.0,15.0,0.0,10.0,66.4331703678667,4,short,BTC,2,2,50,16.568631688546148,41400000,962.1999999999971,descending,41400000,-2.157729468599041e-05,3,loser,True,1.6504832029451881,0.34951679705481187,"['1h', '4h']",['support']
False,bearish,0.004990205205574095,False,bearish,0.0013530941662802066,0,0,0,True,bullish,0.04645369330193116,1,{},{},{},{},{},[],0,0.4444110124868513,1.396723326792634,0.44456145629607535,0.004578067086730947,2.03135648185743,3.1428638974916465,7,True,True,descending,0,0.030930864363004892,-3.358833333333564,0.044033393354057614,0.783597970207874,1.0332296611556524,4,4,4,0,0,0,0,1746541800000,bearish,4,1746569700000,24,bearish,6,0.0,0.0008627366229077006,True,"[{'timeframe': '4h', 'zone_kind': 'resistance', 'distance_to_entry_r': 1.0332296611556524, 'distance_to_target_r': 0.9667703388443476}, {'timeframe': '1h', 'zone_kind': 'resistance', 'distance_to_entry_r': 0.783597970207874, 'distance_to_target_r': 1.2164020297921259}, {'timeframe': '15m', 'zone_kind': 'resistance', 'distance_to_entry_r': 0.044033393354057614, 'distance_to_target_r': 1.9559666066459425}]",4h favorable zone; 4h opposite zone before target; 1h favorable zone; 1h opposite zone before target; 15m favorable zone; 15m opposite zone before target,nested child aligned with parent,4,4,35,0.5,0.4877993451103985,0.6272504359550487,13.46310206648673,0.6284883720930232,36512858.46435547,0.4877993451103985,0.5122006548896015,True,1.0,symmetrical,,,,,,,,,,,,,1.206896551724138,0.38889534883720595,1h_only,1.5683993519466053,-0.7811821947530961,-0.0032922890000021132,0.0016898921529120425,-0.012103133150221379,-0.010780826582221792,0.038075825733601354,-0.009679844426896067,1.5679605197842454,0,bullish,0,0,0,0,342000000000000.0,11.200672166127879,8.0,20.0,0.0,0.0,10.0,49.20067216612788,4,long,BTC,2,2,29,16.568631688546148,20700000,668.8999999999942,descending,20700000,-2.898550724637681e-05,3,winner,True,0.044033393354057614,0.9667703388443476,"['15m', '1h', '4h']",['resistance']
True,bullish,0.0074295872403723805,True,bullish,0.0077941475970153655,0,0,0,True,bullish,0.04508166213415504,1,{},{},{},{},{},[],0,0.867293625914309,0.8573826586609868,0.971786833855792,0.0051185981875838255,1.2770224029956647,0.9885725353476754,2,False,True,descending,0,0.014311595453990734,24.75808267653258,0.0865919768702587,0.11564871702204553,0.14434405493313848,2,0,2,0,2,2,0,1746653400000,bullish,2,1746717300000,4,bullish,2,0.0,0.0,True,"[{'timeframe': '4h', 'zone_kind': 'resistance', 'distance_to_entry_r': 0.14434405493313848, 'distance_to_target_r': 1.8556559450668615}, {'timeframe': '1h', 'zone_kind': 'resistance', 'distance_to_entry_r': 0.11564871702204553, 'distance_to_target_r': 1.8843512829779545}, {'timeframe': '15m', 'zone_kind': 'resistance', 'distance_to_entry_r': 0.0865919768702587, 'distance_to_target_r': 1.9134080231297412}]",4h favorable zone; 4h opposite zone before target; 1h favorable zone; 1h opposite zone before target; 15m favorable zone; 15m opposite zone before target,nested child acceptable with parent,2,0,53,1.0,0.9096527343850285,1.0,18.756942098940115,0.061153511737995714,2572407582.9384766,0.9096527343850285,0.09034726561497154,True,1.0,descending,31,1.0,0.8593256704164924,1.0,20.0,0.0374182747777288,9929844740.024414,0.8593256704164924,0.1406743295835076,True,1.0,descending,1.962962962962963,0.38858564389914285,both,1.7977709302269218,-0.08521809369950328,0.012746653864504243,0.00518336312190204,0.016895449295171172,0.008899083421598286,0.058833721123920046,0.010594041255417519,1.7944542872939346,8,bullish,4,0,0,0,1.6425309087128963,14.89420062695922,8.0,14.0,15.0,20.0,10.0,81.89420062695922,2,long,BTC,2,2,27,20.0,18000000,1608.9000000000087,descending,18000000,-3.4538888888888724e-05,0,winner,True,0.0865919768702587,1.8556559450668615,"['15m', '1h', '4h']",['resistance']
True,bullish,0.02229718154601831,True,bullish,0.033231859900944696,0,0,0,True,bullish,0.05190112979676835,1,{},{},{},{},{},[],0,0.4807553956834585,0.657718285946293,0.7917266187050307,0.003505433706969401,0.8871867788465753,1.3680934043626447,7,True,True,descending,0,0.020100393079192935,7.282773564463696,1.2942785773760075,1.2942785773760075,2.7116688473890864,1,1,1,0,0,0,0,1746798300000,bullish,3,1746801000000,6,bullish,2,0.0,0.0,True,"[{'timeframe': '1h', 'zone_kind': 'resistance', 'distance_to_entry_r': 1.2942785773760075, 'distance_to_target_r': 0.7057214226239924}, {'timeframe': '15m', 'zone_kind': 'resistance', 'distance_to_entry_r': 1.2942785773760075, 'distance_to_target_r': 0.7057214226239924}]",4h favorable zone; 1h favorable zone; 1h opposite zone before target; 15m favorable zone; 15m opposite zone before target,nested child aligned with parent,3,1,23,0.9583333333333334,0.5090701445188586,0.996364436997895,20.0,0.6237250723093298,17491927.512451172,0.5090701445188586,0.49092985548114143,True,1.0,ascending,,,,,,,,,,,,,1.0,0.37990942304764824,1h_only,-1.176825448317002,0.3143017130532194,0.026823767748608063,0.0038405610776173216,0.05972570238895325,0.023675282048352786,0.12168670813982851,0.05997816351402396,-1.1725502774989827,0,bullish,0,0,0,0,1.7509372210651606,11.111657754698713,14.0,20.0,15.0,0.0,10.0,70.11165775469871,1,long,BTC,2,2,23,20.0,12600000,1996.5,descending,12600000,-7.325396825396825e-05,0,loser,True,1.2942785773760075,0.7057214226239924,"['15m', '1h']",['resistance']
True,bullish,0.012674792987824516,True,bullish,0.03628825060897397,0,0,0,True,bullish,0.055997618388873314,1,{},{},{},{},{},[],0,0.9915305505142515,2.2979320014020765,0.9978826376285629,0.006287080234518409,4.5411847178409355,2.317560462670835,10,True,True,ascending,0,0.004151239762144759,111.21171171172671,0.6893947806774047,0.6893947806774047,2.0126596335369173,5,5,5,0,0,0,0,1746858600000,bullish,8,1747033200000,48,bullish,6,2.2424242424239484e-06,0.0,True,"[{'timeframe': '1h', 'zone_kind': 'resistance', 'distance_to_entry_r': 0.6893947806774047, 'distance_to_target_r': 1.3106052193225952}, {'timeframe': '15m', 'zone_kind': 'resistance', 'distance_to_entry_r': 0.6893947806774047, 'distance_to_target_r': 1.3106052193225952}]",4h favorable zone; 1h favorable zone; 1h opposite zone before target; 15m favorable zone; 15m opposite zone before target,nested child aligned with parent,8,5,32,0.9459459459459459,1.281152541542218,0.9550952298499137,15.93653744426361,0.6775286883261517,19349131.708740234,1.281152541542218,-0.2811525415422181,True,1.0,symmetrical,,,,,,,,,,,,,0.8888888888888888,0.143853193240687,1h_only,1.675617173101148,-0.03858520900321594,0.019018798462219877,0.006025126496958189,0.05431817127176064,0.015467049793610022,0.11917814260862625,0.05317432729128746,1.671489897933233,0,bullish,0,0,0,0,3.886224634452661,14.99205989110711,14.0,20.0,15.0,0.0,10.0,73.99205989110712,5,long,BTC,2,2,36,20.0,19800000,297.09999999999127,ascending,19800000,0.0,0,winner,True,0.6893947806774047,1.3106052193225952,"['15m', '1h']",['resistance']
True,bullish,0.003996471270363531,True,bullish,0.032556019549496294,0,0,0,True,bullish,0.06461049168241537,1,{},{},{},{},{},[],0,0.8071193144363934,5.27326758258328,0.8071852340145023,0.017222440626228606,7.698005943408472,6.533442439381557,5,True,True,descending,0,0.029505501878690235,1.4189880613985224,,,0.6773728858773885,2,2,2,0,0,0,0,1747034100000,bullish,2,1747050300000,4,bullish,2,0.0,0.0,True,"[{'timeframe': '4h', 'zone_kind': 'resistance', 'distance_to_entry_r': 0.6773728858773885, 'distance_to_target_r': 1.3226271141226116}]",4h favorable zone; 4h opposite zone before target; 1h favorable zone; 15m favorable zone,nested child aligned with parent,2,2,31,0.92,1.379775142992953,0.9666281041731604,20.0,0.060296147571835296,1437137981.2697754,1.379775142992953,-0.37977514299295295,True,1.0,ascending,,,,,,,,,,,,,1.2916666666666667,0.9351236039653604,1h_only,-1.0856828261123015,0.16298113058270802,0.01811299041262182,0.013987219069834245,0.04039336891592038,0.006308622290932098,0.11280069343053567,0.03815854735277702,-1.0812014229857867,0,bullish,0,0,0,0,22.483173076923933,14.276944627554382,14.0,20.0,15.0,0.0,10.0,73.27694462755439,2,long,BTC,2,2,24,20.0,16200000,1490.3999999999942,descending,16200000,-6.514814814814778e-05,0,loser,True,0.6773728858773885,1.3226271141226116,['4h'],['resistance']
False,bearish,0.005224456776835304,True,bullish,0.021334765010409436,0,0,0,True,bullish,0.06535083673975202,1,{},{},{},{},{},[],0,0.9920933734939542,1.0509941567118066,0.9924698795180724,0.003790787533062737,1.5505653830046104,1.0593702012245236,10,True,True,symmetrical,2,0.01792537880347975,-1.8087822312993467,0.5516713091922086,0.19623955431754064,3.561142061281329,1,1,1,0,0,0,0,1747127700000,bearish,3,1747159200000,3,bullish,1,3.5128205128205125e-05,0.0032724634334625902,True,"[{'timeframe': '1h', 'zone_kind': 'resistance', 'distance_to_entry_r': 0.19623955431754064, 'distance_to_target_r': 1.8037604456824594}, {'timeframe': '15m', 'zone_kind': 'resistance', 'distance_to_entry_r': 0.5516713091922086, 'distance_to_target_r': 1.4483286908077913}]",4h favorable zone; 1h favorable zone; 1h opposite zone before target; 15m favorable zone; 15m opposite zone before target,nested child aligned with parent,3,1,25,1.0,0.7693759807449575,1.0,18.0356190594914,0.6758211027752614,12937069.802001953,0.7693759807449575,0.23062401925504256,True,1.0,symmetrical,,,,,,,,,,,,,0.6410256410256411,0.32417889722473864,1h_only,1.6020166884898164,0.15311233885818953,-0.0013719513336388767,0.0038655052008127466,0.017779566689128057,-0.003850902366155151,0.09010991192729678,0.01761540287970398,1.5971308198676382,0,bullish,0,0,0,0,307000000000000.0,13.15794334778697,14.0,20.0,15.0,0.0,10.0,72.15794334778697,1,long,BTC,2,2,39,7.105406114871905,23400000,1680.8999999999942,symmetrical,23400000,-1.5089743589743217e-05,4,winner,True,0.19623955431754064,1.4483286908077913,"['15m', '1h']",['resistance']
True,bearish,0.00015887657039831567,False,bullish,0.01655603862597144,0,0,0,False,bullish,0.0651535608820595,1,{},{},{},{},{},[],0,0.6113523573201284,1.3210898488555534,0.7003722084367462,0.003660224411068786,2.5414725694560807,2.160930326083258,10,True,True,ascending,0,0.020459201319605182,2.5474642392717897,0.3808593749999976,0.5950520833333233,2.1080729166666408,1,1,1,0,0,0,0,1747273500000,bearish,5,1747287900000,15,bullish,3,3.5601851851851855e-05,0.0,True,"[{'timeframe': '1h', 'zone_kind': 'support', 'distance_to_entry_r': 0.5950520833333233, 'distance_to_target_r': 1.4049479166666767}, {'timeframe': '15m', 'zone_kind': 'support', 'distance_to_entry_r': 0.3808593749999976, 'distance_to_target_r': 1.6191406250000024}]",4h favorable zone; 1h favorable zone; 1h opposite zone before target; 15m favorable zone; 15m opposite zone before target,nested child aligned with parent,5,1,45,0.8823529411764706,0.58618822737642,0.9236588838789271,10.63785356347875,0.6790826101656708,46450784.16723633,0.58618822737642,0.41381177262358004,True,1.0,symmetrical,,,,,,,,,,,,,1.3636363636363635,0.3209173898343291,1h_only,1.4040228245814539,-0.18217054263568522,-0.0028417110091669695,-0.0026837110872359737,0.019032445256619956,0.0021254460331303626,0.08840494124355014,0.016333237308497672,1.3975087979850855,0,bullish,0,0,0,0,-4.645329249617188,11.78484654216184,14.0,20.0,0.0,0.0,10.0,55.784846542161844,1,short,BTC,2,2,33,20.0,21600000,1139.0,ascending,21600000,0.0,0,winner,True,0.3808593749999976,1.4049479166666767,"['15m', '1h']",['support']
False,bearish,0.005990395626524184,True,bullish,0.010940306923526075,0,0,0,True,bullish,0.06429247038866455,1,{},{},{},{},{},[],0,0.7859659874368045,1.2953237046762949,0.8618048107859698,0.004028216146226028,1.0429528932173517,1.6480658519341402,4,False,True,descending,0,0.008068049700641473,39.73639839231396,0.1839420862125699,0.08450148075024295,1.3140506745639995,1,1,1,0,0,0,0,1747323900000,bearish,2,1747586700000,2,bullish,1,0.0,0.00039975609036452063,True,"[{'timeframe': '4h', 'zone_kind': 'resistance', 'distance_to_entry_r': 1.3140506745639995, 'distance_to_target_r': 0.6859493254360006}, {'timeframe': '1h', 'zone_kind': 'resistance', 'distance_to_entry_r': 0.08450148075024295, 'distance_to_target_r': 1.9154985192497571}, {'timeframe': '15m', 'zone_kind': 'resistance', 'distance_to_entry_r': 0.1839420862125699, 'distance_to_target_r': 1.81605791378743}]",4h favorable zone; 4h opposite zone before target; 1h favorable zone; 1h opposite zone before target; 15m favorable zone; 15m opposite zone before target,nested child acceptable with parent,2,1,59,0.9833333333333333,0.6292940961877539,0.996793726424459,17.400903379132448,0.3181562042150338,395020616.3654785,0.6292940961877539,0.37070590381224616,True,1.0,descending,,,,,,,,,,,,,1.0,0.6037980389947035,1h_only,1.8123899713571132,-0.7397184462661226,-0.0003206944148735902,0.005701925963693455,0.0005748294107514873,-0.01025946016013779,0.0741847241614717,0.004791803133347372,1.8014637457122815,0,bullish,0,0,0,0,1.4789281388229187,13.024092259786391,8.0,14.0,15.0,0.0,10.0,60.02409225978639,1,long,BTC,2,2,59,18.80012195481774,42300000,2143.0,descending,42300000,-2.4115839243498957e-05,1,winner,True,0.08450148075024295,0.6859493254360006,"['15m', '1h', '4h']",['resistance']
False,bullish,0.009055435287012189,False,bullish,0.011841933145574536,0,0,0,False,bullish,0.05636460675226806,1,{},{},{},{},{},[],0,0.6111981205951816,0.5158028648371995,0.721221613155839,0.0038562528041013364,1.3492140796176444,0.8439208948072572,4,False,True,ascending,0,0.010155649888821535,12.96417197452206,1.2933771723814025,1.6766557069046528,3.037952090183179,2,2,2,0,0,0,0,1747726200000,bullish,6,1747769400000,6,bullish,1,5.6238805970149445e-05,0.0004291072373880113,True,"[{'timeframe': '1h', 'zone_kind': 'support', 'distance_to_entry_r': 1.6766557069046528, 'distance_to_target_r': 0.3233442930953472}, {'timeframe': '15m', 'zone_kind': 'support', 'distance_to_entry_r': 1.2933771723814025, 'distance_to_target_r': 0.7066228276185975}]",4h favorable zone; 1h favorable zone; 1h opposite zone before target; 15m favorable zone; 15m opposite zone before target,nested child acceptable with parent,6,2,30,1.0,0.6743186811618211,1.0,20.0,0.009870948675005669,9370771257.486572,0.6743186811618211,0.3256813188381788,True,1.0,ascending,,,,,,,,,,,,,0.4,0.8772140675795493,1h_only,-1.1515663100333562,-0.08980423298692175,0.00856373030007318,-0.0005641013639848813,0.019875973606232833,0.007705607552063176,0.08554242301966242,0.02295191162569843,-1.142565654074611,0,bullish,0,0,0,0,-0.6222668040515147,12.156148979057425,14.0,14.0,0.0,0.0,10.0,50.15614897905743,2,short,BTC,2,2,75,16.785446381305995,60300000,4452.300000000003,ascending,60300000,0.0,3,loser,True,1.2933771723814025,0.3233442930953472,"['15m', '1h']",['support']
False,bullish,0.010412614477296588,False,bullish,0.015899659507352656,0,0,0,False,bullish,0.05680386140562264,1,{},{},{},{},{},[],0,0.7178192831903353,0.745468604605468,0.7178192831903353,0.004528895727007799,1.2690243389596287,1.0385184991022334,3,False,True,ascending,0,0.011224901624457686,24.321348314606666,0.1753471090541679,1.7756339221693433,1.4997066684049203,3,1,1,0,0,0,2,1747816200000,bullish,4,1747838700000,1,bullish,1,3.654589371980676e-05,0.00032126276694527227,True,"[{'timeframe': '4h', 'zone_kind': 'support', 'distance_to_entry_r': 1.4997066684049203, 'distance_to_target_r': 0.5002933315950796}, {'timeframe': '1h', 'zone_kind': 'support', 'distance_to_entry_r': 1.7756339221693433, 'distance_to_target_r': 0.22436607783065662}, {'timeframe': '15m', 'zone_kind': 'support', 'distance_to_entry_r': 0.1753471090541679, 'distance_to_target_r': 1.8246528909458322}]",4h favorable zone; 4h opposite zone before target; 1h favorable zone; 1h opposite zone before target; 15m favorable zone; 15m opposite zone before target,nested child acceptable with parent,1,3,55,0.6851851851851852,0.7713700470349707,0.7795655382722123,14.48457457365217,0.40910255147276015,185588980.9284668,0.7713700470349707,0.2286299529650293,True,1.0,ascending,,,,,,,,,,,,,1.0377358490566038,0.5010737858339074,1h_only,-1.1089447162942336,-0.19375521117851102,0.007244666873057026,-0.00320971982411844,0.024084361244892882,0.007676770861484661,0.086619427733855,0.023447943301894814,-1.101535768153885,0,bullish,0,0,0,0,-0.6052035153893554,13.235165902475416,8.0,14.0,0.0,0.0,10.0,45.235165902475416,1,short,BTC,2,2,53,17.839368616527363,41400000,2543.199999999997,ascending,41400000,0.0,2,loser,True,0.1753471090541679,0.22436607783065662,"['15m', '1h', '4h']",['support']
False,bullish,0.013549011342231342,False,bullish,0.03189449567437147,0,0,0,False,bullish,0.06327739906356658,1,{},{},{},{},{},[],0,0.6004027617951736,0.814916048418575,0.6979286536248486,0.005087647356547817,2.211656630839053,1.3572823115969983,9,False,True,ascending,0,0.015286504736002864,19.034310384004016,0.05857242132433305,4.643899533406191,6.599722029187021,8,8,8,0,0,0,0,1747974600000,bullish,8,1748001600000,16,bullish,2,2.5736842105262647e-05,0.0,True,"[{'timeframe': '15m', 'zone_kind': 'support', 'distance_to_entry_r': 0.05857242132433305, 'distance_to_target_r': 1.941427578675667}]",1h favorable zone; 15m favorable zone; 15m opposite zone before target,nested child acceptable with parent,8,8,24,0.9642857142857143,0.07665295273548134,0.994795331251027,20.0,0.28601265433995177,136563402.06176758,0.07665295273548134,0.9233470472645187,True,1.0,ascending,,,,,,,,,,,,,0.8888888888888888,0.6550156643528424,1h_only,1.6986951994347863,0.2959611417925444,0.010120150900958969,-0.0035178329635329186,0.04651774751626436,0.01271518240594749,0.11875099251848464,0.044788675161485214,1.689206802969363,0,bullish,0,0,0,0,-1.2846723170585785,13.719649021864223,12.0,14.0,0.0,0.0,10.0,49.71964902186422,8,short,BTC,2,2,27,20.0,17100000,1066.2999999999884,ascending,17100000,0.0,0,winner,True,0.05857242132433305,1.941427578675667,['15m'],['support']
False,bullish,0.007702442207682217,False,bullish,0.03168680597881295,0,0,0,False,bullish,0.06502709634462957,1,{},{},{},{},{},[],0,0.7906464458188552,2.8611285698956013,0.8308904515801022,0.021655709693301307,7.3361642113654355,3.6187205862063836,1,False,True,descending,0,0.00490496873734154,97.2881439084216,0.5233990147783252,0.6202894088669941,1.2268472906403949,4,4,4,0,0,0,0,1748002500000,neutral,4,1749150900000,12,bullish,3,0.0,0.0,True,"[{'timeframe': '4h', 'zone_kind': 'support', 'distance_to_entry_r': 1.2268472906403949, 'distance_to_target_r': 0.773152709359605}, {'timeframe': '1h', 'zone_kind': 'support', 'distance_to_entry_r': 0.6202894088669941, 'distance_to_target_r': 1.3797105911330059}, {'timeframe': '15m', 'zone_kind': 'support', 'distance_to_entry_r': 0.5233990147783252, 'distance_to_target_r': 1.4766009852216748}]",4h opposite zone before target; 1h favorable zone; 1h opposite zone before target; 15m favorable zone; 15m opposite zone before target,nested child acceptable with parent,4,4,26,0.9651162790697675,-1.386212581791945,0.9734854458589904,20.0,0.06565950029052876,1054194690.2653809,-1.386212581791945,2.386212581791945,True,1.0,ascending,,,,,,,,,,,,,0.3058823529411765,0.8522370714700739,1h_only,1.9176834738482047,-1.3917225601830072,-0.01653539181814323,-0.023929205496555306,0.02421795995951359,-0.007977337737039902,0.09617191469389774,0.023234838339811548,1.9037560376130096,0,bullish,0,0,0,0,-3.056775987238583,14.365839193425382,2.0,14.0,0.0,0.0,10.0,40.36583919342538,4,short,BTC,2,2,85,20.0,68400000,1466.699999999997,descending,68400000,-8.940058479532165e-06,0,winner,True,0.5233990147783252,0.773152709359605,"['15m', '1h', '4h']",['support']
False,bullish,0.003922048577244538,True,bearish,0.00045260062618266274,0,0,0,False,bullish,0.01598691374130256,1,{},{},{},{},{},[],0,0.823420074349436,1.2672228843861097,0.996902106567534,0.004192790875186195,4.213880993857067,1.5389749702025561,11,False,True,ascending,0,0.003132319718368249,171.59587020650292,0.4145491342478233,0.441421182819888,0.9505284461434835,6,6,6,0,0,0,0,1749377700000,neutral,6,1749390300000,18,neutral,3,2.897435897435711e-06,0.0,True,"[{'timeframe': '4h', 'zone_kind': 'support', 'distance_to_entry_r': 0.9505284461434835, 'distance_to_target_r': 1.0494715538565165}, {'timeframe': '1h', 'zone_kind': 'support', 'distance_to_entry_r': 0.441421182819888, 'distance_to_target_r': 1.558578817180112}, {'timeframe': '15m', 'zone_kind': 'support', 'distance_to_entry_r': 0.4145491342478233, 'distance_to_target_r': 1.5854508657521766}]",4h favorable zone; 4h opposite zone before target; 1h favorable zone; 1h opposite zone before target; 15m favorable zone; 15m opposite zone before target,nested child acceptable with parent,6,6,38,0.7,-0.431752171443406,0.8067716767870647,17.924198549081694,0.764524245196705,864323.111328125,-0.431752171443406,1.431752171443406,True,1.0,ascending,,,,,,,,,,,,,0.5507246376811594,0.35876029277218274,1h_only,-1.178886069555059,-0.034235282707790304,-0.00020317368663269608,-0.004108315666932705,0.0006197479104144143,0.001073115028429994,0.01960717554926661,0.0032537659878564273,-1.168100471312533,0,bullish,0,0,0,0,-0.9876226985955051,13.77756921240762,8.0,14.0,15.0,0.0,10.0,60.77756921240762,6,short,BTC,2,2,69,20.0,46800000,627.3999999999942,ascending,46800000,0.0,0,loser,True,0.4145491342478233,1.0494715538565165,"['15m', '1h', '4h']",['support']
True,bullish,0.009191926026401606,True,bullish,0.016797710307304044,0,0,0,True,bullish,0.021186972596400646,1,{},{},{},{},{},[],0,0.725069160848379,1.615450089518972,0.7977868528520632,0.008210548106932902,2.629034843528077,2.227994482110904,4,True,True,descending,0,0.012546219558842156,35.849593495935665,,0.12054041408351322,0.2387413732600283,2,2,2,0,0,0,0,1749583800000,bullish,2,1749680100000,2,bullish,1,0.0,0.0,True,"[{'timeframe': '4h', 'zone_kind': 'resistance', 'distance_to_entry_r': 0.2387413732600283, 'distance_to_target_r': 1.7612586267399717}, {'timeframe': '1h', 'zone_kind': 'resistance', 'distance_to_entry_r': 0.12054041408351322, 'distance_to_target_r': 1.8794595859164869}]",4h favorable zone; 4h opposite zone before target; 1h favorable zone; 1h opposite zone before target; 15m favorable zone,nested child aligned with parent,2,2,39,0.5,1.1242705608417007,0.7393901261504086,15.077196980487102,0.8439560032590187,1031256.9936523438,1.1242705608417007,-0.12427056084170081,True,1.0,symmetrical,,,,,,,,,,,,,1.2580645161290323,0.2810902896081767,1h_only,-1.1013141779976972,0.3089636688505094,0.017382199910777718,0.007956094960088977,0.028135591220051825,0.010680806416656363,0.04873082299247189,0.0259351279924378,-1.0925144496336963,0,bullish,0,0,0,0,2.1003326151868755,14.241700698195237,10.0,20.0,15.0,0.0,10.0,69.24170069819525,2,long,BTC,2,2,31,20.0,23400000,1518.0,descending,23400000,-2.523076923076898e-05,0,loser,True,0.12054041408351322,1.7612586267399717,"['1h', '4h']",['resistance']
True,bearish,0.001054515824988469,False,bullish,0.01635279171451802,0,0,0,False,bullish,0.025252225965348932,1,{},{},{},{},{},[],0,0.6825820637663073,1.9136944077499216,0.7009580650227815,0.005338537823558954,2.548656979304292,2.803610744165562,11,True,True,descending,0,0.02032614325884252,11.715358361775088,1.9485817606508886,0.3620748107130648,1.2639846310317426,6,6,6,0,0,0,0,1749699000000,bearish,7,1749760200000,21,bullish,3,0.0,0.0018554056846020513,True,"[{'timeframe': '4h', 'zone_kind': 'support', 'distance_to_entry_r': 1.2639846310317426, 'distance_to_target_r': 0.7360153689682575}, {'timeframe': '1h', 'zone_kind': 'support', 'distance_to_entry_r': 0.3620748107130648, 'distance_to_target_r': 1.6379251892869353}, {'timeframe': '15m', 'zone_kind': 'support', 'distance_to_entry_r': 1.9485817606508886, 'distance_to_target_r': 0.051418239349111376}]",4h favorable zone; 4h opposite zone before target; 1h favorable zone; 1h opposite zone before target; 15m favorable zone; 15m opposite zone before target,nested child aligned with parent,7,6,35,0.7,-0.21349032836815326,0.8807041786511626,18.703385604255534,0.008248609246114097,13399953488.374268,-0.21349032836815326,1.2134903283681533,True,1.0,descending,,,,,,,,,,,,,1.206896551724138,0.35756761941300924,1h_only,1.668520307009435,0.10883957196984706,-0.0092211074371219,-0.008184866899481613,0.011873710453059072,-0.004597180218064545,0.04092585159986162,0.014265186444684996,1.6569987793158578,0,bullish,0,0,0,0,-2.69789663811682,13.878592743835432,8.0,20.0,0.0,0.0,10.0,51.87859274383543,6,short,BTC,2,2,29,17.072297157698973,21600000,745.6000000000058,descending,21600000,-2.0347222222222222e-05,2,winner,True,0.3620748107130648,0.051418239349111376,"['15m', '1h', '4h']",['support']
False,bearish,0.008529603553894406,False,bearish,0.005075685195058018,0,0,0,True,bullish,0.020443602335722937,1,{},{},{},{},{},[],0,0.47666515632079054,0.29836776947402066,0.47666515632079054,0.005503000543914349,1.6401420187592104,0.6259483528794422,6,True,True,symmetrical,0,0.019185888738127543,3.0103724658180226,0.23404255319148937,0.08917257683215406,0.1878014184397218,1,0,1,0,1,1,0,1749852900000,bearish,1,1749915000000,1,bearish,1,3.14327485380117e-05,0.0,True,"[{'timeframe': '4h', 'zone_kind': 'resistance', 'distance_to_entry_r': 0.1878014184397218, 'distance_to_target_r': 1.8121985815602781}, {'timeframe': '1h', 'zone_kind': 'resistance', 'distance_to_entry_r': 0.08917257683215406, 'distance_to_target_r': 1.910827423167846}, {'timeframe': '15m', 'zone_kind': 'resistance', 'distance_to_entry_r': 0.23404255319148937, 'distance_to_target_r': 1.7659574468085106}]",4h favorable zone; 4h opposite zone before target; 1h favorable zone; 1h opposite zone before target; 15m favorable zone; 15m opposite zone before target,nested child aligned with parent,1,0,28,1.0,0.7819432737603722,1.0,17.54528903778875,0.6814708526381298,17101895.025146484,0.7819432737603722,0.2180567262396278,True,1.0,symmetrical,47,1.0,0.38012969518985257,1.0,20.0,0.2231144610329994,2084057135.432373,0.38012969518985257,0.6198703048101475,True,1.0,ascending,0.9333333333333333,0.31852914736187016,both,-1.1516264117192603,0.3487413651797232,-0.0038288704884552605,0.004708078602140731,-0.00993458311171369,-0.004934117960565643,0.005249928252325287,-0.014992883826150272,-1.1417822269759215,1,bullish,1,0,0,0,4.441660140955539,12.14748527412771,8.0,20.0,0.0,20.0,10.0,70.14748527412772,1,long,BTC,2,2,30,20.0,17100000,1842.5,symmetrical,17100000,-3.058479532163743e-05,0,loser,True,0.08917257683215406,1.7659574468085106,"['15m', '1h', '4h']",['resistance']
False,bearish,0.004993702388281692,False,bearish,0.008232438153096882,0,0,0,True,bullish,0.017000917581343068,1,{},{},{},{},{},[],0,0.7106406080347245,0.4815066855492611,0.7942453854505466,0.004167393910662155,1.6090195140791927,0.6775670853947781,8,True,True,descending,0,0.0049326855822981255,110.87881286067795,0.14499787143465553,0.30557684120903256,0.3943805874840457,4,4,4,0,0,0,0,1749939300000,bearish,4,1750084200000,8,bearish,2,0.0,0.0,True,"[{'timeframe': '4h', 'zone_kind': 'resistance', 'distance_to_entry_r': 0.3943805874840457, 'distance_to_target_r': 1.6056194125159544}, {'timeframe': '1h', 'zone_kind': 'resistance', 'distance_to_entry_r': 0.30557684120903256, 'distance_to_target_r': 1.6944231587909675}, {'timeframe': '15m', 'zone_kind': 'resistance', 'distance_to_entry_r': 0.14499787143465553, 'distance_to_target_r': 1.8550021285653444}]",4h favorable zone; 4h opposite zone before target; 1h favorable zone; 1h opposite zone before target; 15m favorable zone; 15m opposite zone before target,nested child aligned with parent,4,4,31,0.7246376811594203,1.5437103724645407,0.8110886727501354,13.111751279823032,0.8357967777196906,-16132855.680664062,1.5437103724645407,-0.5437103724645407,True,1.0,symmetrical,,,,,,,,,,,,,0.45588235294117646,0.5156123758376461,1h_only,1.753203015443299,-0.09627173535875277,-8.361335342788045e-05,0.004934309909558232,-0.0095679927326624,-0.0014259492076109659,0.00044439476520841126,-0.016287059920881974,1.740203444329018,0,bullish,0,0,0,0,1.650458006186059,12.979511061432728,8.0,20.0,0.0,0.0,10.0,50.97951106143273,4,long,BTC,2,2,68,20.0,54000000,1084.8999999999942,descending,54000000,-6.738888888888781e-06,0,winner,True,0.14499787143465553,1.6056194125159544,"['15m', '1h', '4h']",['resistance']
True,bearish,0.004465925882278907,False,bullish,0.0005714026980174362,0,0,0,False,bullish,0.01402346185728908,1,{},{},{},{},{},[],0,0.7852301939705378,0.947439657117078,0.8368777751811136,0.023127600746656134,6.956157532475388,1.2065756823821605,0,True,True,symmetrical,0,0.012235418158669518,-23.803837086415683,0.16597061098221078,0.07316318638824326,0.1914539829853021,5,0,0,5,5,0,0,1750176000000,bearish,5,1750602600000,0,neutral,0,9.360433604335886e-06,0.0,True,"[{'timeframe': '4h', 'zone_kind': 'support', 'distance_to_entry_r': 0.1914539829853021, 'distance_to_target_r': 1.8085460170146979}, {'timeframe': '1h', 'zone_kind': 'support', 'distance_to_entry_r': 0.07316318638824326, 'distance_to_target_r': 1.9268368136117566}, {'timeframe': '15m', 'zone_kind': 'support', 'distance_to_entry_r': 0.16597061098221078, 'distance_to_target_r': 1.8340293890177892}]",4h favorable zone; 4h opposite zone before target; 1h favorable zone; 1h opposite zone before target; 15m favorable zone; 15m opposite zone before target,nested child aligned with parent,5,0,,,,,,,,,,,,,36,0.9583333333333334,-0.02295331370187154,0.977004119565119,17.564475979500184,0.41829110651499407,568825142.9277344,-0.02295331370187154,1.0229533137018716,True,1.0,symmetrical,0.5070422535211268,0.36608066184074456,4h_only,1.9008393884568027,-1.1471801925722338,-0.02039195838277752,-0.01608748190657472,-0.01962344142469652,-0.020172330901111812,-0.0055948262542731,-0.019271093817413876,1.883467513129529,5,neutral,1,0,0,0,-2466931707317068.0,14.388291656929177,8.0,20.0,0.0,20.0,10.0,72.38829165692917,5,short,BTC,2,2,71,20.0,36900000,2832.0,symmetrical,36900000,-5.731165311653124e-05,0,winner,True,0.07316318638824326,1.8085460170146979,"['15m', '1h', '4h']",['support']
True,bullish,0.013790155312101508,False,bearish,0.0018773256528686903,0,0,0,False,bearish,0.004612506044618197,1,{},{},{},{},{},[],0,0.7399119589141799,1.2669995916957517,0.886463683052101,0.006018479033404462,1.994723452369762,1.7123653381073505,7,True,True,ascending,0,0.015935739208699666,21.369439071566603,0.304112655040558,0.012589760328266308,0.304112655040558,6,6,6,0,0,0,0,1750784400000,bullish,6,1751197500000,6,neutral,1,1.9148148148148148e-05,0.0,True,"[{'timeframe': '4h', 'zone_kind': 'resistance', 'distance_to_entry_r': 0.304112655040558, 'distance_to_target_r': 1.695887344959442}, {'timeframe': '1h', 'zone_kind': 'resistance', 'distance_to_entry_r': 0.012589760328266308, 'distance_to_target_r': 1.9874102396717337}, {'timeframe': '15m', 'zone_kind': 'resistance', 'distance_to_entry_r': 0.304112655040558, 'distance_to_target_r': 1.695887344959442}]",4h favorable zone; 4h opposite zone before target; 1h favorable zone; 1h opposite zone before target; 15m favorable zone; 15m opposite zone before target,nested child aligned with parent,6,6,24,0.9714285714285714,1.063628377909803,0.9909862697830416,20.0,0.7725147637795278,-15438318.203613281,1.063628377909803,-0.063628377909803,True,1.0,ascending,,,,,,,,,,,,,0.7058823529411765,0.14674581692913355,1h_only,1.734420002401994,-0.17042162309554465,0.02408420680270229,0.009823200547003808,0.02172575089672879,0.0236893015918469,0.008071466042543829,0.01278062831721738,1.7153382590777957,0,neutral,0,0,0,0,2.724565532223061,14.574238811445378,8.0,20.0,15.0,0.0,10.0,67.57423881144538,6,long,BTC,2,2,34,20.0,27000000,954.1999999999971,ascending,27000000,0.0,0,winner,True,0.012589760328266308,1.695887344959442,"['15m', '1h', '4h']",['resistance']
False,bullish,0.0030745624608394897,False,bullish,0.010871712967649128,0,0,0,False,bullish,0.010686453015469825,1,{},{},{},{},{},[],0,0.8409466152999745,0.8491955428349295,0.9174463401210774,0.005095979913585981,3.0557794018210735,1.0098090977297203,7,True,True,ascending,0,0.010851580298442397,23.584875727128292,0.08399348887684073,0.25469343461746835,0.6786760716223643,4,0,0,4,4,0,0,1751218200000,neutral,4,1751238900000,0,bullish,0,1.750925925925935e-05,0.00012618963173140435,True,"[{'timeframe': '4h', 'zone_kind': 'support', 'distance_to_entry_r': 0.6786760716223643, 'distance_to_target_r': 1.3213239283776357}, {'timeframe': '1h', 'zone_kind': 'support', 'distance_to_entry_r': 0.25469343461746835, 'distance_to_target_r': 1.7453065653825317}, {'timeframe': '15m', 'zone_kind': 'support', 'distance_to_entry_r': 0.08399348887684073, 'distance_to_target_r': 1.9160065111231592}]",4h favorable zone; 4h opposite zone before target; 1h favorable zone; 1h opposite zone before target; 15m favorable zone; 15m opposite zone before target,nested child aligned with parent,4,0,,,,,,,,,,,,,40,0.2708333333333333,0.849041064560698,0.3470539325839371,16.15568464485879,0.8791356258325528,-33489341.833496094,0.849041064560698,0.15095893543930206,True,1.0,symmetrical,0.851063829787234,0.10975381123883791,4h_only,-1.1810594576930002,-0.16320028853088764,-0.00025818250762477124,-0.0033217409071127912,0.011985968597966634,0.0009732400130411101,0.024842731024206754,0.013740314319517832,-1.1660654801070514,8,bullish,2,0,0,0,-1.479427789860811,14.69042377545404,8.0,20.0,0.0,0.0,10.0,52.690423775454036,4,short,BTC,2,2,47,18.936905184134297,32400000,1112.300000000003,ascending,32400000,0.0,1,loser,True,0.08399348887684073,1.3213239283776357,"['15m', '1h', '4h']",['support']
True,bullish,0.002569098589934351,True,bullish,0.010531632962384357,0,0,0,True,bullish,0.011266022012078686,1,{},{},{},{},{},[],0,0.4189756507137388,0.27312534209090605,0.4189756507137388,0.008411226965954349,4.944824545399235,0.6518883415435432,5,True,True,descending,0,0.014066184515935984,7.453817660413506,,0.4974683544303771,0.4974683544303771,4,0,0,4,4,0,0,1751241600000,bullish,4,1751292000000,0,bullish,0,0.0,0.0,True,"[{'timeframe': '4h', 'zone_kind': 'resistance', 'distance_to_entry_r': 0.4974683544303771, 'distance_to_target_r': 1.502531645569623}, {'timeframe': '1h', 'zone_kind': 'resistance', 'distance_to_entry_r': 0.4974683544303771, 'distance_to_target_r': 1.502531645569623}]",4h favorable zone; 4h opposite zone before target; 1h favorable zone; 1h opposite zone before target; 15m favorable zone,nested child aligned with parent,4,0,,,,,,,,,,,,,42,0.3125,1.550158037770694,0.41620978566060174,16.15568464485879,0.8791356258325528,-62289341.833496094,1.550158037770694,-0.5501580377706939,True,1.0,symmetrical,0.8936170212765957,0.12490996102422361,4h_only,-1.1523857007718796,-1.3952796877903504,0.00808978841997976,0.005485699052493187,0.018734592961432206,0.007920673718545546,0.03023736279750855,0.01841692667487349,-1.1390839934391477,8,bullish,2,0,0,0,6.213622737692631,11.585012594458954,10.0,20.0,0.0,20.0,10.0,71.58501259445896,4,long,BTC,2,2,47,20.0,32400000,1265.8999999999942,descending,32400000,-2.583024691358007e-05,0,loser,True,0.4974683544303771,1.502531645569623,"['1h', '4h']",['resistance']
False,bullish,0.0004416603406446272,False,bullish,0.009970010093042185,0,4,0,False,bullish,0.012181160191223013,1,{},{},{},{},{},[],0,0.7778826193621469,2.1387433196699783,0.8756369126250332,0.006171604105094133,3.4400456597312123,2.7494422248741315,10,False,True,descending,0,0.012443930528178245,16.31129820185049,0.7711151045114921,0.2131845266244146,0.04029130804880895,4,4,4,0,0,0,0,1751295600000,neutral,4,1751463900000,12,bullish,3,0.0,0.0,True,"[{'timeframe': '4h', 'zone_kind': 'support', 'distance_to_entry_r': 0.04029130804880895, 'distance_to_target_r': 1.959708691951191}, {'timeframe': '1h', 'zone_kind': 'support', 'distance_to_entry_r': 0.2131845266244146, 'distance_to_target_r': 1.7868154733755854}, {'timeframe': '15m', 'zone_kind': 'support', 'distance_to_entry_r': 0.7711151045114921, 'distance_to_target_r': 1.2288848954885079}]",4h favorable zone; 4h opposite zone before target; 1h favorable zone; 1h opposite zone before target; 15m favorable zone; 15m opposite zone before target,nested child acceptable with parent,4,0,36,0.6896551724137931,-0.3353634683889854,0.8404818315046955,18.68708467359152,0.0657818811309849,1070778947.3684082,-0.3353634683889854,1.3353634683889855,True,1.0,ascending,,,,,,,,,,,,,0.631578947368421,0.9783612233121753,1h_only,-1.157205931155414,-0.8043652237177601,-0.007981257652567075,-0.008415705770165594,0.0022456429685808743,-0.00767011337297463,0.02277529139926049,0.010189751798662217,-1.1451530105422973,0,bullish,2,0,0,0,-2.196889078639595,14.533638422343875,8.0,14.0,0.0,0.0,10.0,46.53363842234388,4,short,BTC,2,2,57,20.0,46800000,1356.3999999999942,descending,46800000,-2.055769230769212e-05,0,loser,True,0.04029130804880895,1.2288848954885079,"['15m', '1h', '4h']",['support']
False,bullish,0.00450840691660572,False,bullish,0.01240157963733411,0,0,0,False,bullish,0.015667843824660358,1,{},{},{},{},{},[],0,0.8257928118393357,1.2396064741352193,0.9403805496829122,0.00507874246238508,3.5239606474135172,1.5011107584893755,9,True,True,descending,1,0.00567484336837597,79.94161676647514,1.3369105355484299,0.05902383654937235,2.106387369724477,2,2,2,0,0,0,0,1751609700000,neutral,6,1752066000000,18,bullish,3,0.0,0.00045521339500030405,True,"[{'timeframe': '1h', 'zone_kind': 'support', 'distance_to_entry_r': 0.05902383654937235, 'distance_to_target_r': 1.9409761634506277}, {'timeframe': '15m', 'zone_kind': 'support', 'distance_to_entry_r': 1.3369105355484299, 'distance_to_target_r': 0.66308946445157}]",4h favorable zone; 1h favorable zone; 1h opposite zone before target; 15m favorable zone; 15m opposite zone before target,nested child aligned with parent,6,2,57,1.0,0.1716171866443607,1.0,15.479060688096597,0.7628739578224606,22430858.244873047,0.1716171866443607,0.8283828133556393,True,1.0,symmetrical,,,,,,,,,,,,,1.3255813953488371,0.10327460670766224,1h_only,-1.1712031372097726,0.11565602200695879,-0.0006938984075872678,-0.005175858264645838,0.013761877438286385,0.0011748581728570073,0.03264397058228652,0.01620252061078431,-1.1603331872286964,0,bullish,0,0,0,0,-1.5595213572778757,14.77642706131092,14.0,20.0,0.0,0.0,10.0,58.77642706131092,2,short,BTC,2,2,43,14.538551607048724,27000000,547.5,descending,27000000,-4.948148148147825e-06,2,loser,True,0.05902383654937235,0.66308946445157,"['15m', '1h']",['support']
True,bullish,0.002217519387124074,True,bullish,0.003945568321261675,0,0,0,True,bullish,0.015563584320009797,1,{},{},{},{},{},[],0,0.816176470588233,2.959419721623115,0.8388840830449806,0.0067854090295240655,5.795726328170893,3.6259556949616645,7,True,True,ascending,0,0.006392807342050675,43.27142857142769,0.5208838821490518,0.0028596187175068547,0.5944540727902946,4,0,4,0,4,4,0,1752066900000,bullish,4,1752071400000,20,bullish,5,7.777777777777777e-06,0.0,True,"[{'timeframe': '4h', 'zone_kind': 'resistance', 'distance_to_entry_r': 0.5944540727902946, 'distance_to_target_r': 1.4055459272097053}, {'timeframe': '1h', 'zone_kind': 'resistance', 'distance_to_entry_r': 0.0028596187175068547, 'distance_to_target_r': 1.997140381282493}, {'timeframe': '15m', 'zone_kind': 'resistance', 'distance_to_entry_r': 0.5208838821490518, 'distance_to_target_r': 1.4791161178509482}]",4h favorable zone; 4h opposite zone before target; 1h favorable zone; 1h opposite zone before target; 15m favorable zone; 15m opposite zone before target,nested child aligned with parent,4,0,57,0.9404761904761905,1.557638123239019,0.9453414678210544,16.961212846767193,0.6228915117804038,74395382.60498047,1.557638123239019,-0.5576381232390192,True,1.0,symmetrical,28,0.9404761904761905,1.2362945248170303,0.9469708735853549,17.675190424482437,0.20312311345433964,1212938220.7250977,1.2362945248170303,-0.2362945248170302,True,1.0,descending,0.6867469879518072,0.399719621941841,both,-1.1444283918008498,-0.5687380400845468,0.009757068500373611,0.007501116455702395,0.010329476015705774,0.006317966579455048,0.023909489260023342,0.007848712841514116,-1.135124060663509,12,bullish,3,0,0,0,3.4400792340707165,14.395815311418678,8.0,20.0,15.0,20.0,10.0,87.39581531141867,4,long,BTC,2,2,83,20.0,60300000,883.8999999999942,ascending,60300000,0.0,0,loser,True,0.0028596187175068547,1.4055459272097053,"['15m', '1h', '4h']",['resistance']
True,bullish,0.004509425414839363,True,bullish,0.005162123529511498,0,0,0,True,bullish,0.016032400526027064,1,{},{},{},{},{},[],0,0.4268292682926815,1.1901647920481235,0.6271106941838662,0.018045626648806053,6.47495422443105,2.7883860842270414,4,False,True,ascending,0,0.015572808394496226,15.80966218670494,,,,3,0,0,3,3,0,0,1752091200000,bullish,3,1752182100000,0,bullish,0,3.3987654320988015e-05,0.0,False,[],4h favorable zone; 1h favorable zone; 15m favorable zone,nested child acceptable with parent,3,0,,,,,,,,,,,,,30,0.32142857142857145,2.270553636968703,0.45205187104253597,17.675190424482437,0.20312311345433964,1184138220.7250977,2.270553636968703,-1.2705536369687032,True,1.0,descending,1.1111111111111112,0.5270253954199708,4h_only,1.8913753469947185,-0.41255817622466306,0.026864638269641805,0.022131586920903557,0.031928171545847706,0.02646027851631283,0.04860623463601588,0.031268877281155794,1.878130164103146,9,bullish,3,0,0,0,5.094913151364844,12.412640712945587,20.0,14.0,0.0,20.0,10.0,76.41264071294559,3,long,BTC,2,2,27,20.0,16200000,1309.5,ascending,16200000,0.0,0,winner,False,,,[],[]
False,bullish,0.012995627474184116,False,bullish,0.0374080138182236,0,0,0,False,bullish,0.03356668622026855,1,{},{},{},{},{},[],0,0.9492714516998997,0.9713133990446697,0.9492714516998997,0.004353177903856905,2.8311704398840054,1.0232198569811601,9,True,True,ascending,1,0.013018159451992042,4.729091255478238,6.981121720996664,9.061134891889019,10.786741301723298,3,3,3,0,0,0,0,1752327000000,bullish,6,1752410700000,12,bullish,2,1.576276276276259e-05,0.0008113056406008136,False,[],15m favorable zone,nested child aligned with parent,6,3,47,1.0,0.4192103464173876,1.0,18.17936312443288,0.8730267673301305,-28474528.302001953,0.4192103464173876,0.5807896535826124,True,1.0,symmetrical,,,,,,,,,,,,,0.9215686274509803,0.09355548718434256,1h_only,-1.1928839663362167,-0.43260124924441423,0.009320855905746495,-0.0037467566399775887,0.05104804522571049,0.011286660788599079,0.09216527733154978,0.05354203731295715,-1.182309743168627,0,bullish,0,0,0,0,-7.642226966923234,13.83953479966007,10.0,20.0,0.0,0.0,10.0,53.83953479966007,3,short,BTC,2,2,51,15.267573842383682,33300000,790.6000000000058,ascending,33300000,0.0,1,loser,False,,,[],[]
True,bullish,0.006161039288186609,True,bullish,0.03429207779332961,0,0,0,True,bullish,0.03923537245357501,1,{},{},{},{},{},[],0,0.4504389465283506,2.4466793826947244,0.5588188347964977,0.004429832004072678,4.526616958557325,5.4317669498872485,11,True,True,ascending,0,0.007361798955963255,69.78181818181542,,,,4,0,4,0,4,4,0,1752411600000,bullish,4,1752459300000,23,bullish,6,2.3913043478260867e-06,0.0,False,[],4h favorable zone; 1h favorable zone; 15m favorable zone,nested child aligned with parent,4,0,71,0.03125,1.8205513959835158,0.07729668937621957,13.06494220333151,0.9231533855584226,-40818089.5246582,1.8205513959835158,-0.8205513959835158,True,1.0,symmetrical,17,0.96875,1.1341393556890464,0.9756108776436552,18.75989423104693,0.8444489148699502,-54569504.35107422,1.1341393556890464,-0.13413935568904636,True,1.0,symmetrical,2.2903225806451615,0.0256668165574035,both,1.5356130117145141,-0.251854744240561,0.011258443430836929,0.004996907681735552,0.047388484883103654,0.01107362469081652,0.08884435128864743,0.044233431733561535,1.5238023010292803,4,bullish,1,0,0,0,4.47643448555408,11.442952315765972,20.0,20.0,15.0,20.0,10.0,96.44295231576598,4,long,BTC,2,2,31,20.0,20700000,216.89999999999418,ascending,20700000,0.0,0,winner,False,,,[],[]
True,bullish,0.009045193034503364,True,bullish,0.0339767162550823,0,2,0,True,bullish,0.041845595567865004,1,{},{},{},{},{},[],0,0.6267904771312834,3.848778490514542,0.6788995357107557,0.014189455602072415,5.140803421136445,6.140454635063644,5,True,True,ascending,0,0.016527302736239518,13.379455557225924,,,,2,2,2,0,0,0,0,1752464700000,bullish,2,1752542100000,6,bullish,3,3.078240740740781e-05,0.00033840279176250334,False,[],4h favorable zone; 1h favorable zone; 15m favorable zone,nested child aligned with parent,2,0,17,0.8181818181818182,1.9941698071380998,0.8639334459388669,20.0,0.2763072950290485,104576635.51391602,1.9941698071380998,-0.9941698071380998,True,1.0,ascending,,,,,,,,,,,,,0.53125,0.6243233848140234,1h_only,-1.0864251741996491,-0.03226701183432312,0.027453768208076657,0.01799303198000901,0.05133069003027302,0.015071557913300948,0.09496876579720737,0.04699581526110874,-1.0764289931713629,0,bullish,1,0,0,0,5.572841726618825,13.795873258915336,20.0,20.0,15.0,0.0,10.0,78.79587325891534,2,long,BTC,2,2,32,16.830798604118748,21600000,1257.199999999997,ascending,21600000,0.0,3,loser,False,,,[],[]
False,bearish,0.003429154756889688,True,bullish,0.01926702018262951,0,0,0,True,bullish,0.048624687646274124,1,{},{},{},{},{},[],0,0.7175050301810982,0.7357128120487041,0.8804828973843175,0.004320149769722306,2.098617701671167,1.0253765215597308,9,True,True,ascending,2,0.00989990669393398,21.23681852128402,0.9959799819509442,1.0,,2,2,2,0,0,0,0,1752651000000,neutral,5,1752786900000,5,bullish,1,2.6101364522417154e-05,0.0020874087085929432,True,"[{'timeframe': '1h', 'zone_kind': 'resistance', 'distance_to_entry_r': 1.0, 'distance_to_target_r': 1.0}, {'timeframe': '15m', 'zone_kind': 'resistance', 'distance_to_entry_r': 0.9959799819509442, 'distance_to_target_r': 1.004020018049056}]",4h favorable zone; 1h favorable zone; 1h opposite zone before target; 15m favorable zone; 15m opposite zone before target,nested child aligned with parent,5,2,17,0.9253731343283582,0.8383061028515371,0.9946914191607639,20.0,0.47453662685615106,33822524.271728516,0.8383061028515371,0.16169389714846294,True,1.0,ascending,,,,,,,,,,,,,0.25757575757575757,0.7262643087500409,1h_only,1.7348708831801007,0.048633197793781946,0.0018404868916328532,0.005294140804010805,0.021745386030140423,0.002019638475233787,0.06867147386172534,0.015882349739470225,1.7207606399730278,0,bullish,0,0,0,0,2.019485794465509,13.532035519774563,14.0,20.0,15.0,0.0,10.0,72.53203551977457,2,long,BTC,2,2,66,7.668191092303054,51300000,2049.2999999999884,ascending,51300000,0.0,4,winner,True,0.9959799819509442,1.0,"['15m', '1h']",['resistance']
False,bullish,0.006461021889405223,False,bullish,0.017209003388265108,0,0,0,False,bullish,0.04973259670252678,1,{},{},{},{},{},[],0,0.8974498100922451,1.588373693561036,0.8976306746246945,0.005101148256925807,1.9589862193696985,1.7698746778917627,3,True,True,ascending,0,0.01128394544094508,28.42254030217589,0.09818797416766342,0.726628628754162,7.472945012226503,4,0,0,4,4,0,0,1752825600000,bullish,4,1753146900000,0,bullish,0,3.842500000000008e-05,0.0,True,"[{'timeframe': '1h', 'zone_kind': 'support', 'distance_to_entry_r': 0.726628628754162, 'distance_to_target_r': 1.273371371245838}, {'timeframe': '15m', 'zone_kind': 'support', 'distance_to_entry_r': 0.09818797416766342, 'distance_to_target_r': 1.9018120258323366}]",1h opposite zone before target; 15m favorable zone; 15m opposite zone before target,nested child aligned with parent,4,0,,,,,,,,,,,,,24,0.4583333333333333,0.7101827994891428,0.6769899401855121,15.018698143659678,0.6474369907765781,84830931.97143555,0.7101827994891428,0.28981720051085724,True,1.0,symmetrical,0.5106382978723404,0.34221125965966553,4h_only,1.8030858142111597,-0.05915892162678826,0.0021722743652461407,-0.004275101112988344,0.01981361119371594,0.0022245937368370328,0.07514560737840492,0.02057564900507547,1.7853486002036965,4,bullish,1,0,0,0,-0.6226101243994244,14.616115029842605,4.0,20.0,0.0,0.0,10.0,48.616115029842604,4,short,BTC,2,2,47,20.0,36000000,2608.300000000003,ascending,36000000,0.0,0,winner,True,0.09818797416766342,1.273371371245838,"['15m', '1h']",['support']
False,bearish,0.003609988978498889,True,bullish,0.002927157334797515,0,0,0,True,bullish,0.04404663268053247,1,{},{},{},{},{},[],0,0.5597577388963583,1.3151403996964142,0.7274562584118439,0.00378527946984394,1.4025088912367154,2.349481406526688,8,False,True,symmetrical,0,0.018539470232717126,-0.3505788194941033,1.519255107575513,0.9262339540770403,1.0146447297053083,1,0,1,0,1,1,0,1753148700000,bearish,2,1753152300000,2,neutral,1,1.619934640522914e-05,0.0006196595436633378,True,"[{'timeframe': '4h', 'zone_kind': 'resistance', 'distance_to_entry_r': 1.0146447297053083, 'distance_to_target_r': 0.9853552702946918}, {'timeframe': '1h', 'zone_kind': 'resistance', 'distance_to_entry_r': 0.9262339540770403, 'distance_to_target_r': 1.0737660459229597}, {'timeframe': '15m', 'zone_kind': 'resistance', 'distance_to_entry_r': 1.519255107575513, 'distance_to_target_r': 0.4807448924244871}]",4h favorable zone; 4h opposite zone before target; 1h favorable zone; 1h opposite zone before target; 15m favorable zone; 15m opposite zone before target,nested child acceptable with parent,2,0,26,0.9772727272727273,0.4349704824275199,0.9914004453857626,20.0,0.15537979406058972,412518786.0161133,0.4349704824275199,0.5650295175724801,True,1.0,descending,38,0.9772727272727273,0.37173268516137303,0.9913060414502468,15.89595827070595,0.36464140782038085,781088980.1862793,0.37173268516137303,0.628267314838627,True,1.0,symmetrical,0.6046511627906976,0.7858827040740205,both,-1.3025251272700873,-0.3074790222546524,-0.0028979597083984565,0.0007041021022855531,-0.00452527760466348,-0.007417574586743525,0.043871163258759616,-0.0020151899947936647,-1.2874135186776752,4,bullish,2,0,0,0,421885294117630.1,11.764426607188422,8.0,14.0,15.0,20.0,10.0,78.76442660718843,1,long,BTC,2,2,43,16.69017022816833,30600000,2633.100000000006,symmetrical,30600000,-5.239869281045733e-05,3,loser,True,0.9262339540770403,0.4807448924244871,"['15m', '1h', '4h']",['resistance']
False,bearish,0.0029266167775014082,True,bullish,0.0018355725271333816,0,0,0,True,bullish,0.04294882536345266,1,{},{},{},{},{},[],0,0.4701234567901091,0.4902604508645084,0.4446913580247057,0.009332745171379926,2.8084576794167053,1.0428334170175,4,True,True,symmetrical,0,0.022929882182559758,-0.8396842020462145,0.33654172032806823,0.6080797126008297,0.1473598590117222,4,0,0,4,4,0,0,1753171200000,neutral,5,1753411500000,0,bullish,0,4.586666666666645e-05,0.0,True,"[{'timeframe': '4h', 'zone_kind': 'resistance', 'distance_to_entry_r': 0.1473598590117222, 'distance_to_target_r': 1.8526401409882778}, {'timeframe': '1h', 'zone_kind': 'resistance', 'distance_to_entry_r': 0.6080797126008297, 'distance_to_target_r': 1.3919202873991703}, {'timeframe': '15m', 'zone_kind': 'resistance', 'distance_to_entry_r': 0.33654172032806823, 'distance_to_target_r': 1.6634582796719317}]",4h favorable zone; 4h opposite zone before target; 1h favorable zone; 1h opposite zone before target; 15m favorable zone; 15m opposite zone before target,nested child aligned with parent,5,0,,,,,,,,,,,,,40,0.9629629629629629,0.47318733681920466,0.9867761410153365,15.89595827070595,0.36464140782038085,752288980.1862793,0.47318733681920466,0.5268126631807953,True,1.0,symmetrical,1.5384615384615385,0.39483065953654345,4h_only,-1.1259915227185746,0.16202082347374025,0.0010686076550436852,0.004010100405972938,0.0031624890648165316,0.00131868336575236,0.04851410070661788,0.0033316206664926185,-1.1143626635396764,10,bullish,2,0,0,0,1021220000000001.1,8.988333333333301,8.0,20.0,0.0,20.0,10.0,66.9883333333333,4,long,BTC,2,2,26,20.0,13500000,2082.100000000006,symmetrical,13500000,-4.608148148148191e-05,0,loser,True,0.1473598590117222,1.3919202873991703,"['15m', '1h', '4h']",['resistance']
True,bearish,0.0023659737709544717,False,bullish,0.002493609975160606,0,0,0,False,bullish,0.03961822556041077,1,{},{},{},{},{},[],0,0.6465344328059008,1.1070617642008285,1.0,0.025186987431175735,11.46723584949847,1.7123013222919634,0,True,True,ascending,0,0.006569493132060018,5.78006051919067,,0.13722830373197917,0.13722830373197917,3,3,3,0,0,0,0,1753412400000,bearish,3,1753633800000,15,neutral,5,3.1712121212121284e-05,0.0,True,"[{'timeframe': '4h', 'zone_kind': 'support', 'distance_to_entry_r': 0.13722830373197917, 'distance_to_target_r': 1.8627716962680207}, {'timeframe': '1h', 'zone_kind': 'support', 'distance_to_entry_r': 0.13722830373197917, 'distance_to_target_r': 1.8627716962680207}]",4h favorable zone; 4h opposite zone before target; 1h favorable zone; 1h opposite zone before target; 15m favorable zone,nested child aligned with parent,3,3,51,0.8625,-0.7182463564832048,0.8788727555620912,12.357560035206825,0.43717659546238996,142186342.94384766,-0.7182463564832048,1.7182463564832047,True,1.0,symmetrical,,,,,,,,,,,,,0.6455696202531646,0.8026071381186131,1h_only,-1.064845833057797,-0.33499665849854954,-0.0174569481516883,-0.015167536596005338,-0.014725136328270438,-0.01713991664573611,0.04293791817563708,0.0015543440043968015,-1.0550241453741418,0,bullish,0,0,0,0,-18.215220565950617,15.0,10.0,20.0,15.0,0.0,10.0,70.0,3,short,BTC,2,2,79,20.0,39600000,2419.699999999997,ascending,39600000,0.0,0,loser,True,0.13722830373197917,1.8627716962680207,"['1h', '4h']",['support']
True,bullish,0.0036041980211149035,True,bullish,0.0009731683662084287,0,0,0,True,bullish,0.03205019272934294,1,{},{},{},{},{},[],0,0.4685737308621958,1.1066968002854463,0.2806204673650374,0.0068793202141137315,3.87106634881894,2.3618413227072645,8,True,True,descending,0,0.0007614729560844272,975.1870229008898,0.14951677089254514,0.09640217656135533,0.3156013968975801,7,7,7,0,0,0,0,1753635600000,bullish,7,1753722000000,34,bullish,5,0.0,0.0,True,"[{'timeframe': '4h', 'zone_kind': 'resistance', 'distance_to_entry_r': 0.3156013968975801, 'distance_to_target_r': 1.6843986031024198}, {'timeframe': '1h', 'zone_kind': 'resistance', 'distance_to_entry_r': 0.09640217656135533, 'distance_to_target_r': 1.9035978234386446}, {'timeframe': '15m', 'zone_kind': 'resistance', 'distance_to_entry_r': 0.14951677089254514, 'distance_to_target_r': 1.8504832291074549}]",4h favorable zone; 4h opposite zone before target; 1h favorable zone; 1h opposite zone before target; 15m favorable zone; 15m opposite zone before target,nested child aligned with parent,7,7,57,0.6483516483516484,2.3055808500993247,0.7902562231150527,17.705919048925058,0.8856108241634851,-5550451.678222656,2.3055808500993247,-1.305580850099325,True,1.0,ascending,,,,,,,,,,,,,0.6333333333333333,0.10731529306085884,1h_only,-1.1467897108196814,-1.1866424077022444,0.01007200796450336,0.006408179457894958,0.011013658095055945,0.010019913127836677,0.04016102479135486,0.006603519559733595,-1.137412204797625,0,bullish,0,0,0,0,3.3245844406435507,8.363769137792064,8.0,20.0,15.0,0.0,10.0,61.36376913779206,7,long,BTC,2,2,90,20.0,65700000,382.3000000000029,descending,65700000,-3.987823439877791e-07,0,loser,True,0.09640217656135533,1.6843986031024198,"['15m', '1h', '4h']",['resistance']
False,bearish,0.0015357311922391834,True,bullish,0.0025205626353791435,0,0,0,True,bullish,0.030806307544934155,1,{},{},{},{},{},[],0,0.8382262996942074,0.9559015850320233,0.9039755351682135,0.0039449099163841915,1.6272297686097705,1.1403860572983033,8,True,True,ascending,0,0.0005551005551006434,1472.3442622948419,0.022026431718061627,0.3392817143283754,0.5408048980810772,1,1,1,0,0,0,0,1753761600000,neutral,4,1753803000000,4,bullish,1,6.559139784947279e-07,0.0,True,"[{'timeframe': '4h', 'zone_kind': 'resistance', 'distance_to_entry_r': 0.5408048980810772, 'distance_to_target_r': 1.4591951019189227}, {'timeframe': '1h', 'zone_kind': 'resistance', 'distance_to_entry_r': 0.3392817143283754, 'distance_to_target_r': 1.6607182856716245}, {'timeframe': '15m', 'zone_kind': 'resistance', 'distance_to_entry_r': 0.022026431718061627, 'distance_to_target_r': 1.9779735682819384}]",4h favorable zone; 4h opposite zone before target; 1h favorable zone; 1h opposite zone before target; 15m favorable zone; 15m opposite zone before target,nested child aligned with parent,4,1,68,1.0,0.6283730490850572,1.0,18.904224173985803,0.04420866489832007,4556088000.0,0.6283730490850572,0.37162695091494286,True,1.0,ascending,,,,,,,,,,,,,1.837837837837838,0.39389920424403185,1h_only,-1.1343857492963916,0.16793917515893486,0.00348696873663612,0.005035815601655891,0.006094967420829711,0.003550039403273919,0.03793152107964337,0.005772120805050962,-1.1263908433945287,0,bullish,0,0,0,0,1.5368413629801239,13.057273131457032,8.0,20.0,15.0,0.0,10.0,66.05727313145704,1,long,BTC,2,2,37,20.0,27900000,891.0,ascending,27900000,0.0,0,loser,True,0.022026431718061627,1.4591951019189227,"['15m', '1h', '4h']",['resistance']
True,bearish,0.0008099354009836856,False,bullish,0.0025142184269080453,0,0,0,False,bullish,0.030369555083947196,1,{},{},{},{},{},[],0,0.32805350228796104,0.2940155840878647,0.8190777895107598,0.009078614022475728,3.3903277705921906,0.896242783684052,4,False,True,descending,0,0.005146275546437287,84.95160517489273,0.3773174639505562,0.2938315403982595,0.032330052643625436,3,0,3,0,3,3,0,1753806600000,bearish,3,1754072100000,6,neutral,2,0.0,0.000179475591140552,True,"[{'timeframe': '4h', 'zone_kind': 'support', 'distance_to_entry_r': 0.032330052643625436, 'distance_to_target_r': 1.9676699473563746}, {'timeframe': '1h', 'zone_kind': 'support', 'distance_to_entry_r': 0.2938315403982595, 'distance_to_target_r': 1.7061684596017406}, {'timeframe': '15m', 'zone_kind': 'support', 'distance_to_entry_r': 0.3773174639505562, 'distance_to_target_r': 1.622682536049444}]",4h favorable zone; 4h opposite zone before target; 1h favorable zone; 1h opposite zone before target; 15m favorable zone; 15m opposite zone before target,nested child acceptable with parent,3,0,47,0.9148936170212766,-0.047815375919093496,0.9560989654997628,18.904224173985803,0.008464384828863511,16414347540.980957,-0.047815375919093496,1.0478153759190936,True,1.0,ascending,30,0.9148936170212766,-0.004079340835005564,0.9625152875177614,14.944125485383088,0.5665056427768297,189074694.01245117,-0.004079340835005564,1.0040793408350055,True,1.0,ascending,1.0217391304347827,0.4077705827937055,both,1.8177284812262793,-0.41949395107429965,-0.009160469201431765,-0.008364665967123375,-0.006197380513094042,-0.00867434333772954,0.024678168621633745,-0.00624646751556035,1.806952858404669,3,bullish,1,0,0,0,-1.8791216848850343,12.539862724393117,8.0,14.0,15.0,0.0,10.0,59.53986272439312,3,short,BTC,2,2,46,18.910262204429724,27900000,881.5999999999913,descending,27900000,-7.48028673835115e-06,1,winner,True,0.032330052643625436,1.622682536049444,"['15m', '1h', '4h']",['support']
True,bearish,0.01149787655557876,True,bearish,0.010100804579226472,0,0,0,False,bullish,0.022266570238770655,1,{},{},{},{},{},[],0,0.6961897040940496,0.6123485841110247,0.817186866639647,0.016176632696069202,3.335472542360747,0.879571445124821,1,True,True,ascending,0,0.020783883953894106,1.2586115527294623,,2.6696652929942624,3.1936375515127087,4,0,4,0,4,4,0,1754074800000,bearish,4,1754561700000,4,bearish,1,0.00010483333333333171,0.0,False,[],4h favorable zone; 1h favorable zone; 15m favorable zone,nested child aligned with parent,4,0,26,0.75,-0.2189295252629865,0.8310923019857089,20.0,0.6276295814356972,23253213.545166016,-0.2189295252629865,1.2189295252629866,True,1.0,descending,48,0.0,-0.5941744548286614,0.013685885905376033,14.331477170278973,0.331612043476449,1031369483.862793,-0.5941744548286614,1.5941744548286614,True,1.0,symmetrical,1.368421052631579,0.4145304706137485,both,-1.0928074378051904,0.24471180924964075,-0.022002948448156423,-0.010880408062663438,-0.031173584070200322,-0.021599024230944508,0.0031249788206737517,-0.01879144538310762,-1.0843697930325624,16,bullish,4,0,0,0,-15.756210526311706,14.314450749898677,20.0,20.0,15.0,0.0,10.0,79.31445074989867,4,short,BTC,2,2,19,20.0,7200000,1911.3999999999942,ascending,7200000,0.0,0,loser,False,,,[],[]
True,bullish,0.004724531976760767,False,bearish,0.0037344200941976185,0,0,0,True,bullish,0.003368111197715792,1,{},{},{},{},{},[],0,0.3855850032320317,0.5164949346263268,0.06625727213962633,0.01150819842979231,5.736860334228126,1.339509914278274,5,True,True,ascending,1,0.01355297795327386,14.216778668979941,1.1441285390036953,0.6157567793572972,1.0200692868235435,1,0,0,1,1,0,0,1754568000000,bullish,1,1754876700000,0,neutral,0,1.6017361111110706e-05,0.0008619367002031496,True,"[{'timeframe': '4h', 'zone_kind': 'resistance', 'distance_to_entry_r': 1.0200692868235435, 'distance_to_target_r': 0.9799307131764565}, {'timeframe': '1h', 'zone_kind': 'resistance', 'distance_to_entry_r': 0.6157567793572972, 'distance_to_target_r': 1.3842432206427029}, {'timeframe': '15m', 'zone_kind': 'resistance', 'distance_to_entry_r': 1.1441285390036953, 'distance_to_target_r': 0.8558714609963047}]",4h favorable zone; 4h opposite zone before target; 1h favorable zone; 1h opposite zone before target; 15m favorable zone; 15m opposite zone before target,nested child aligned with parent,1,0,,,,,,,,,,,,,43,0.8372093023255814,1.2314780627365662,0.8536832564987451,16.266702319724413,0.5603966005665714,188674795.26831055,1.2314780627365662,-0.23147806273656626,True,1.0,symmetrical,1.0238095238095237,0.11478753541076404,4h_only,1.8083968167135984,-0.8533662754787275,0.01603888493360417,0.011184885832906444,0.012073054882087764,0.015912702990716232,0.015355470385695735,0.011894961508472246,1.79638199728817,1,bullish,1,0,0,0,7.465676557591867,7.06197478991579,8.0,20.0,0.0,20.0,10.0,65.06197478991578,1,long,BTC,2,2,42,13.466589718715975,28800000,810.3999999999942,ascending,28800000,0.0,3,winner,True,0.6157567793572972,0.8558714609963047,"['15m', '1h', '4h']",['resistance']
False,bullish,0.002672696474651957,False,bullish,0.013512959992956555,0,0,0,False,bullish,0.01630526598656401,1,{},{},{},{},{},[],0,0.9897070467141498,1.0581562685177288,0.9901029295328585,0.005400452914289862,2.738847032929754,1.069161093710338,4,True,True,ascending,0,0.011128720201064963,13.221368178324951,0.5628775398132864,0.721123924583553,1.6105619622917697,5,5,5,0,0,0,0,1755051300000,neutral,5,1755079200000,15,bullish,3,2.8911111111110934e-05,0.0,True,"[{'timeframe': '4h', 'zone_kind': 'support', 'distance_to_entry_r': 1.6105619622917697, 'distance_to_target_r': 0.38943803770823016}, {'timeframe': '1h', 'zone_kind': 'support', 'distance_to_entry_r': 0.721123924583553, 'distance_to_target_r': 1.278876075416447}, {'timeframe': '15m', 'zone_kind': 'support', 'distance_to_entry_r': 0.5628775398132864, 'distance_to_target_r': 1.4371224601867136}]",4h favorable zone; 4h opposite zone before target; 1h favorable zone; 1h opposite zone before target; 15m favorable zone; 15m opposite zone before target,nested child aligned with parent,5,5,53,1.0,0.4945054945054955,1.0,12.109718183843276,0.49099099099099097,157541284.40356445,0.4945054945054955,0.5054945054945045,True,1.0,descending,,,,,,,,,,,,,0.828125,0.4525450450450457,1h_only,-1.1659053120493261,-0.009868141216514914,-0.0007327351021954032,-0.0033944076245661092,0.015005222479640645,0.0012720504219041473,0.03778078434966958,0.020512396381954234,-1.1560823805535416,0,bullish,0,0,0,0,-1.8809371548164413,14.962885985748219,8.0,20.0,0.0,0.0,10.0,52.962885985748215,5,short,BTC,2,2,64,20.0,49500000,2009.300000000003,ascending,49500000,0.0,0,loser,True,0.5628775398132864,0.38943803770823016,"['15m', '1h', '4h']",['support']
True,bullish,0.0022063376386767903,True,bullish,0.012877595671132775,0,0,0,True,bullish,0.01692578923952687,1,{},{},{},{},{},[],0,0.6407371948300508,1.0581027667984075,0.8046912398276562,0.0064762627244160705,3.0608915239349357,1.6513833992094977,6,True,True,descending,0,0.007161304043994686,41.849384811201844,1.1929801498619739,0.2948599973708476,,5,5,5,0,0,0,0,1755080100000,bullish,6,1755124200000,12,bullish,2,0.0,0.0,True,"[{'timeframe': '1h', 'zone_kind': 'resistance', 'distance_to_entry_r': 0.2948599973708476, 'distance_to_target_r': 1.7051400026291523}, {'timeframe': '15m', 'zone_kind': 'resistance', 'distance_to_entry_r': 1.1929801498619739, 'distance_to_target_r': 0.8070198501380262}]",4h favorable zone; 1h favorable zone; 1h opposite zone before target; 15m favorable zone; 15m opposite zone before target,nested child aligned with parent,6,5,53,0.9814814814814815,0.9455314347036,0.9928195308760173,15.374272350355005,0.6725,67904832.71386719,0.9455314347036,0.05446856529639995,True,1.0,symmetrical,,,,,,,,,,,,,1.0,0.2822727272727273,1h_only,1.7827647943924883,0.04791481810115794,0.008480314569212721,0.006241379124701796,0.019360317425567652,0.006152642233632655,0.03244111485760137,0.014709192756505285,1.7697907508286732,0,bullish,0,0,0,0,2.4131631504779465,14.26759214935371,14.0,20.0,15.0,0.0,10.0,73.2675921493537,5,long,BTC,2,2,53,20.0,32400000,1242.0,descending,32400000,-1.4549382716049203e-05,0,winner,True,0.2948599973708476,0.8070198501380262,"['15m', '1h']",['resistance']
False,bearish,0.003064240610118209,False,bearish,0.003334766791526792,0,0,0,True,bullish,0.01597292601360217,1,{},{},{},{},{},[],0,0.481922196796352,0.8281882889614468,0.7336384439359401,0.0035330021547337765,3.2709111644186213,1.718510362184911,11,False,True,descending,0,0.001437161358530368,441.0114942529058,0.022438443208887344,0.07922954725973307,0.047756155679101873,2,2,2,0,0,0,0,1755407700000,neutral,3,1755476100000,12,bearish,4,0.0,0.0,True,"[{'timeframe': '4h', 'zone_kind': 'resistance', 'distance_to_entry_r': 0.047756155679101873, 'distance_to_target_r': 1.952243844320898}, {'timeframe': '1h', 'zone_kind': 'resistance', 'distance_to_entry_r': 0.07922954725973307, 'distance_to_target_r': 1.920770452740267}, {'timeframe': '15m', 'zone_kind': 'resistance', 'distance_to_entry_r': 0.022438443208887344, 'distance_to_target_r': 1.9775615567911127}]",4h favorable zone; 4h opposite zone before target; 1h favorable zone; 1h opposite zone before target; 15m favorable zone; 15m opposite zone before target,nested child acceptable with parent,3,2,76,0.9649122807017544,0.9926328674053675,0.967998443105129,17.856022016341342,0.8963084756550335,-24162116.1015625,0.9926328674053675,0.007367132594632521,True,1.0,descending,,,,,,,,,,,,,1.3571428571428572,0.0860029701920024,1h_only,-1.175856428774526,0.044223965543784605,0.00184190319271349,0.004926912891626278,-0.0024074894132745106,0.0009223172707653049,0.010238579756361332,-0.005804226628008946,-1.165236926038227,0,bullish,0,0,0,0,1.7226160689463472,10.9421805776386,8.0,14.0,0.0,0.0,10.0,42.9421805776386,2,long,BTC,2,2,56,20.0,36000000,648.6000000000058,descending,36000000,-1.4499999999999192e-06,0,loser,True,0.022438443208887344,1.920770452740267,"['15m', '1h', '4h']",['resistance']
True,bearish,0.0013386949067098644,True,bearish,0.002893742014517281,0,0,0,False,bullish,0.014692286392471575,1,{},{},{},{},{},[],0,0.8493845039826364,2.170614359733579,0.8493845039826364,0.004102675754240952,2.9755736491488247,2.555514433752787,11,True,True,descending,0,0.014951073648062014,15.329853181076487,0.3398770104068025,0.6297303689687752,0.05818353831598481,3,3,3,0,0,0,0,1755477000000,bearish,3,1755485100000,15,bearish,5,0.0,0.0008643888765098259,True,"[{'timeframe': '4h', 'zone_kind': 'support', 'distance_to_entry_r': 0.05818353831598481, 'distance_to_target_r': 1.9418164616840152}, {'timeframe': '1h', 'zone_kind': 'support', 'distance_to_entry_r': 0.6297303689687752, 'distance_to_target_r': 1.3702696310312248}, {'timeframe': '15m', 'zone_kind': 'support', 'distance_to_entry_r': 0.3398770104068025, 'distance_to_target_r': 1.6601229895931975}]",4h favorable zone; 4h opposite zone before target; 1h favorable zone; 1h opposite zone before target; 15m favorable zone; 15m opposite zone before target,nested child aligned with parent,3,3,65,0.9767441860465116,0.006553363025805073,0.9970418020870173,15.49090056597634,0.2989065558897957,485033865.81469727,0.006553363025805073,0.9934466369741949,True,1.0,descending,,,,,,,,,,,,,1.5476190476190477,0.46612233204411774,1h_only,1.6261372997575725,-0.3239678899082923,-0.006778162315178027,-0.005455795440108879,-0.007517786480060851,-0.004659180107071337,0.007295147873669139,-0.007394880615727684,1.6133310919641337,0,bullish,0,0,0,0,-1.8480398416550494,13.089205521296316,8.0,20.0,15.0,0.0,10.0,66.08920552129632,3,short,BTC,2,2,42,18.567805561745086,32400000,976.1999999999971,descending,32400000,-1.8919753086419752e-05,1,winner,True,0.05818353831598481,1.3702696310312248,"['15m', '1h', '4h']",['support']
True,bearish,0.004189891001307822,True,bearish,0.004050470547588773,0,0,0,False,bullish,0.014692286392471575,1,{},{},{},{},{},[],0,0.7056687194062883,1.5329205755740893,0.7573030159482079,0.018599817318666664,7.501672183442777,2.1722949217074636,3,True,True,descending,0,0.012075867177280857,5.329853181076487,,0.2151595953258559,1.072386479491807,3,3,3,0,0,0,0,1755486000000,bearish,3,1756152000000,9,bearish,3,0.0,0.0008643888765098259,True,"[{'timeframe': '4h', 'zone_kind': 'support', 'distance_to_entry_r': 1.072386479491807, 'distance_to_target_r': 0.9276135205081931}, {'timeframe': '1h', 'zone_kind': 'support', 'distance_to_entry_r': 0.2151595953258559, 'distance_to_target_r': 1.7848404046741442}]",4h favorable zone; 4h opposite zone before target; 1h favorable zone; 1h opposite zone before target; 15m favorable zone,nested child aligned with parent,3,3,40,0.6226415094339622,-1.8446030332430334,0.7111332916240352,12.574659235001436,0.41748961383913286,162826884.17626953,-1.8446030332430334,2.8446030332430334,True,1.0,descending,,,,,,,,,,,,,0.7692307692307693,0.6648505073894948,1h_only,1.887088517562532,-1.1565071459505978,-0.020022671354636534,-0.01598229644414384,-0.023606166277579388,-0.019729338473619795,0.007295147873669139,-0.007394880615727684,1.8692116013076419,0,bullish,0,0,0,0,-24.097698334964775,14.08988630980578,10.0,20.0,15.0,0.0,10.0,69.08988630980578,3,short,BTC,2,2,52,18.567805561745086,32400000,976.1999999999971,descending,32400000,-1.8919753086419752e-05,1,winner,True,0.2151595953258559,0.9276135205081931,"['1h', '4h']",['support']
False,bearish,0.011272257585399589,False,bearish,0.021980704010855796,0,0,0,False,bearish,0.015098752934332941,1,{},{},{},{},{},[],0,0.883403855195065,0.9397819345803426,0.964268923366217,0.0040786925273938734,1.1219338023629324,1.0638191457437423,3,True,True,descending,0,0.01905340345159635,18.074482973098725,2.050347222222241,0.058570906432754165,1.384411549707615,3,3,3,0,0,0,0,1756233000000,bearish,6,1756355400000,18,bearish,3,0.0,0.0,True,"[{'timeframe': '4h', 'zone_kind': 'resistance', 'distance_to_entry_r': 1.384411549707615, 'distance_to_target_r': 0.615588450292385}, {'timeframe': '1h', 'zone_kind': 'resistance', 'distance_to_entry_r': 0.058570906432754165, 'distance_to_target_r': 1.9414290935672458}]",4h favorable zone; 4h opposite zone before target; 1h opposite zone before target; 15m favorable zone,nested child aligned with parent,6,3,47,1.0,0.7078613947610088,1.0,16.38956277741753,0.769083098613712,28478639.823242188,0.7078613947610088,0.29213860523899116,True,1.0,symmetrical,,,,,,,,,,,,,2.0434782608695654,0.23091690138628795,1h_only,1.7294658885585488,0.384910537582295,-0.007378347228672033,0.0038538609110572164,-0.03286006008929976,-0.01185363279916607,-0.04919545086544741,-0.03534692706550058,1.7098860366475495,0,bearish,0,0,0,0,1.694744358508919,13.484047253714166,6.0,20.0,0.0,0.0,10.0,49.48404725371417,3,long,BTC,2,2,23,20.0,16200000,1467.5,descending,16200000,-3.969753086419789e-05,0,winner,True,0.058570906432754165,0.615588450292385,"['1h', '4h']",['resistance']
False,bullish,0.005917236040833314,True,bearish,0.011626497301464965,0,0,0,True,bearish,0.017283133676035442,1,{},{},{},{},{},[],0,0.9975990396157066,0.3721200994111075,0.9987995198078533,0.004394668918490752,2.23066599409169,0.3730156953182864,7,False,True,ascending,0,0.02804576588330224,-2.6864575363428003,1.1853364867770657,0.41517953128361523,0.41517953128361523,2,2,2,0,0,0,0,1756374300000,bullish,2,1756386900000,2,neutral,4,8.542483660130719e-05,0.0,True,"[{'timeframe': '4h', 'zone_kind': 'support', 'distance_to_entry_r': 0.41517953128361523, 'distance_to_target_r': 1.5848204687163847}, {'timeframe': '1h', 'zone_kind': 'support', 'distance_to_entry_r': 0.41517953128361523, 'distance_to_target_r': 1.5848204687163847}, {'timeframe': '15m', 'zone_kind': 'support', 'distance_to_entry_r': 1.1853364867770657, 'distance_to_target_r': 0.8146635132229343}]",4h favorable zone; 4h opposite zone before target; 1h favorable zone; 1h opposite zone before target; 15m favorable zone; 15m opposite zone before target,nested child acceptable with parent,2,2,64,0.3333333333333333,0.9792298456872148,0.48163590438277715,18.339097340550687,0.5189718764407568,154460356.2385254,0.9792298456872148,0.02077015431278522,True,1.0,ascending,,,,,,,,,,,,,2.4615384615384617,0.41318579990779025,1h_only,-1.342947303702715,0.34336053412462453,0.010002642262957329,0.004002298792121106,0.00027272894153584915,0.012042446785540228,-0.01627011187133154,0.0007444809023351429,-1.3254769412506346,0,bearish,0,0,0,0,-498141176470584.5,14.087501577015653,8.0,14.0,15.0,0.0,10.0,61.08750157701565,2,short,BTC,2,2,26,20.0,15300000,1792.3999999999942,ascending,15300000,0.0,0,loser,True,0.41517953128361523,0.8146635132229343,"['15m', '1h', '4h']",['support']
False,bullish,0.00554460636283262,True,bearish,0.00870423335421211,0,0,0,True,bearish,0.017132119529281013,1,{},{},{},{},{},[],0,0.8539156626505946,0.6010096325838465,0.8539156626505946,0.0070171457292781125,2.103715026705252,0.7038278589694492,7,False,True,ascending,0,0.011910550702280923,0.3575786015956055,0.03971661657363713,0.42378703306140686,0.42378703306140686,6,6,6,0,0,0,0,1756404000000,bullish,6,1756450800000,18,bearish,3,3.7385964912280585e-05,0.0005127115985106568,True,"[{'timeframe': '4h', 'zone_kind': 'support', 'distance_to_entry_r': 0.42378703306140686, 'distance_to_target_r': 1.5762129669385931}, {'timeframe': '1h', 'zone_kind': 'support', 'distance_to_entry_r': 0.42378703306140686, 'distance_to_target_r': 1.5762129669385931}, {'timeframe': '15m', 'zone_kind': 'support', 'distance_to_entry_r': 0.03971661657363713, 'distance_to_target_r': 1.9602833834263629}]",4h favorable zone; 4h opposite zone before target; 1h favorable zone; 1h opposite zone before target; 15m favorable zone; 15m opposite zone before target,nested child acceptable with parent,6,6,33,0.9857142857142858,0.6167310970916408,0.996610584276537,20.0,0.16740278285126203,501245546.5185547,0.6167310970916408,0.3832689029083592,True,1.0,ascending,,,,,,,,,,,,,0.4782608695652174,0.7749809052568641,1h_only,1.6800835381858747,0.02978567885764405,0.002726999399356167,-0.002817064990812912,-0.006022054274598232,0.002652712494307208,-0.019781012144016286,-0.0030388147914676145,1.660428239599703,0,bearish,0,0,0,0,-65.98206474190934,14.452183734939728,8.0,14.0,15.0,0.0,10.0,61.45218373493973,6,short,BTC,2,2,69,17.743644200744672,51300000,2333.699999999997,ascending,51300000,0.0,2,winner,True,0.03971661657363713,1.5762129669385931,"['15m', '1h', '4h']",['support']
False,bearish,0.005434087310910877,False,bearish,0.020353390188127953,0,0,0,False,bearish,0.025629261440279553,1,{},{},{},{},{},[],0,0.9277715565509431,3.315491971387008,0.9280515117581263,0.004528801280322688,4.923215446950954,3.5736081236555535,11,True,True,ascending,0,0.008309628272503585,33.15056570931438,1.0983783783783823,1.8328378378378418,1.6186486486486527,4,4,4,0,0,0,0,1756601100000,bearish,6,1756633500000,12,bearish,2,6.3833333333332796e-06,2.0060721460757605e-05,True,"[{'timeframe': '4h', 'zone_kind': 'resistance', 'distance_to_entry_r': 1.6186486486486527, 'distance_to_target_r': 0.3813513513513474}, {'timeframe': '1h', 'zone_kind': 'resistance', 'distance_to_entry_r': 1.8328378378378418, 'distance_to_target_r': 0.16716216216215823}, {'timeframe': '15m', 'zone_kind': 'resistance', 'distance_to_entry_r': 1.0983783783783823, 'distance_to_target_r': 0.9016216216216177}]",4h favorable zone; 4h opposite zone before target; 1h favorable zone; 1h opposite zone before target; 15m favorable zone; 15m opposite zone before target,nested child aligned with parent,6,4,35,0.9859154929577465,1.1389811638137006,0.9868086442632409,13.289566632702142,0.8278246406082913,-12183828.468017578,1.1389811638137006,-0.13898116381370057,True,1.0,symmetrical,,,,,,,,,,,,,0.5,0.14081026494000376,1h_only,-1.2214428354373335,0.27336327517703407,-0.0006754566303561749,0.00478092259271623,-0.024071704164687513,-0.004293539263834023,-0.04758040179040568,-0.02375033202007304,-1.2051521061899806,0,bearish,0,0,0,0,3.583880283538783,14.02339508957698,8.0,20.0,0.0,0.0,10.0,52.02339508957698,4,long,BTC,2,2,70,18.98996963926962,54000000,592.6000000000058,ascending,54000000,0.0,1,loser,True,1.0983783783783823,0.16716216216215823,"['15m', '1h', '4h']",['resistance']
True,bearish,0.0038226594023551197,True,bearish,0.01922182050815172,0,0,0,True,bearish,0.027040231337180927,1,{},{},{},{},{},[],0,0.47007426823944326,0.636084180657398,0.9261686325906745,0.003593338368858402,2.3061007330338406,1.3531567746511786,11,True,True,descending,0,0.00551345226137343,83.17493962972924,0.84943594325924,,0.8197252317658794,1,1,1,0,0,0,0,1756646100000,bearish,4,1756664100000,4,bearish,1,0.0,0.000861959064866168,True,"[{'timeframe': '4h', 'zone_kind': 'support', 'distance_to_entry_r': 0.8197252317658794, 'distance_to_target_r': 1.1802747682341206}, {'timeframe': '15m', 'zone_kind': 'support', 'distance_to_entry_r': 0.84943594325924, 'distance_to_target_r': 1.15056405674076}]",4h favorable zone; 4h opposite zone before target; 1h favorable zone; 15m favorable zone; 15m opposite zone before target,nested child aligned with parent,4,1,48,0.8461538461538461,-0.160473692538006,0.9180945416315265,13.614043674477745,0.7558037305453257,-163770.12060546875,-0.160473692538006,1.160473692538006,True,1.0,symmetrical,,,,,,,,,,,,,0.6233766233766234,0.20860163953902677,1h_only,-1.1862423427529523,0.10049969120206581,-0.00788385506221223,-0.004106908493802686,-0.025542110200235002,-0.006941271497256318,-0.04980866732192557,-0.024751216618681182,-1.171833329857766,0,bearish,0,0,0,0,-0.8557225485736889,11.683585534939343,12.0,20.0,15.0,0.0,10.0,68.68358553493934,1,short,BTC,2,2,77,15.569020467566917,61200000,877.8999999999942,descending,61200000,-6.089869281045704e-06,4,loser,True,0.8197252317658794,1.15056405674076,"['15m', '4h']",['support']
True,bearish,0.001304337589327424,True,bearish,0.017702744368693478,0,0,0,True,bearish,0.027573380400415657,1,{},{},{},{},{},[],0,0.6703332254933774,1.250452625226295,0.7492720802329272,0.0035506529862724405,2.3361496680747815,1.8654194327096638,11,True,True,ascending,0,0.01642678155577364,7.8278443113771345,0.21535447096546131,0.3970431065194354,0.13430708941932581,1,1,1,0,0,0,0,1756682100000,bearish,2,1756693800000,6,bearish,3,2.4740740740740742e-05,0.0,True,"[{'timeframe': '4h', 'zone_kind': 'support', 'distance_to_entry_r': 0.13430708941932581, 'distance_to_target_r': 1.865692910580674}, {'timeframe': '1h', 'zone_kind': 'support', 'distance_to_entry_r': 0.3970431065194354, 'distance_to_target_r': 1.6029568934805647}, {'timeframe': '15m', 'zone_kind': 'support', 'distance_to_entry_r': 0.21535447096546131, 'distance_to_target_r': 1.7846455290345387}]",4h favorable zone; 4h opposite zone before target; 1h favorable zone; 1h opposite zone before target; 15m favorable zone; 15m opposite zone before target,nested child aligned with parent,2,1,24,0.825,0.2764802048111862,0.8558759314592761,18.808252207777368,0.23683954461418202,214003286.77075195,0.2764802048111862,0.7235197951888138,True,1.0,descending,,,,,,,,,,,,,0.6153846153846154,1.0145956991339886,1h_only,1.4888737388586755,0.03288419303139689,-0.0029953341951733936,-0.0016971105073705361,-0.018548694676140176,-0.00119507682849318,-0.044321331035508726,-0.0184563892483377,1.4725142733060221,0,bearish,0,0,0,0,-2.2208835341364592,11.885749780282154,8.0,20.0,15.0,0.0,10.0,64.88574978028215,1,short,BTC,2,2,39,20.0,27000000,1042.699999999997,ascending,27000000,0.0,0,winner,True,0.13430708941932581,1.6029568934805647,"['15m', '1h', '4h']",['support']
True,bullish,0.0011172264094615647,False,bearish,0.013684392596280296,0,0,0,False,bearish,0.029140926731381248,1,{},{},{},{},{},[],0,0.9111980298420937,1.9485146061150618,0.9456757931334204,0.00800192277520358,2.71023788572813,2.138409590780974,7,False,True,descending,0,0.002027123196523994,338.4759853542946,0.036683785766691054,0.09951310611618543,0.04665510571599877,1,0,0,1,1,0,0,1756782000000,bullish,1,1757637900000,0,bearish,0,0.0,0.0,True,"[{'timeframe': '4h', 'zone_kind': 'resistance', 'distance_to_entry_r': 0.04665510571599877, 'distance_to_target_r': 1.9533448942840013}, {'timeframe': '1h', 'zone_kind': 'resistance', 'distance_to_entry_r': 0.09951310611618543, 'distance_to_target_r': 1.9004868938838146}, {'timeframe': '15m', 'zone_kind': 'resistance', 'distance_to_entry_r': 0.036683785766691054, 'distance_to_target_r': 1.963316214233309}]",4h favorable zone; 4h opposite zone before target; 1h favorable zone; 1h opposite zone before target; 15m favorable zone; 15m opposite zone before target,nested child acceptable with parent,1,0,,,,,,,,,,,,,26,0.9195402298850575,1.3509773669306768,0.9551996865182479,20.0,0.6488451528952515,99452086.93701172,1.3509773669306768,-0.35097736693067677,True,1.0,descending,0.3023255813953488,0.43319778789850405,4h_only,1.913669312899747,0.09585324131422623,0.012952986868451033,0.011807926035725336,-0.0013940314852968205,0.012441298919552812,-0.038631527337398386,-0.01092235060322544,1.8898594282250125,1,bearish,1,0,0,0,1.4119642848052616,14.796284224250327,8.0,14.0,0.0,0.0,10.0,46.79628422425033,1,long,BTC,2,2,86,20.0,66600000,2663.300000000003,descending,66600000,-6.971471471471515e-06,0,winner,True,0.036683785766691054,1.9004868938838146,"['15m', '1h', '4h']",['resistance']
True,bullish,0.008590980132152178,True,bullish,0.01345932489343757,0,6,0,False,bearish,0.0053340461251929466,1,{},{},{},{},{},[],0,0.32351801627276433,0.8735908769910804,0.06063541263076925,0.010745958590831377,6.439986399183977,2.7002850940287013,1,True,True,ascending,0,0.012434576791012434,2.785522788203707,,0.6036497718892511,1.0013749140678598,7,6,7,0,1,1,0,1757638800000,bullish,7,1758501900000,14,bullish,2,2.072222222222222e-05,0.0,True,"[{'timeframe': '4h', 'zone_kind': 'resistance', 'distance_to_entry_r': 1.0013749140678598, 'distance_to_target_r': 0.9986250859321402}, {'timeframe': '1h', 'zone_kind': 'resistance', 'distance_to_entry_r': 0.6036497718892511, 'distance_to_target_r': 1.396350228110749}]",4h favorable zone; 4h opposite zone before target; 1h favorable zone; 1h opposite zone before target; 15m favorable zone,nested child aligned with parent,7,0,29,0.39285714285714285,2.2084777120648176,0.5135354210930402,18.87052009381892,0.1737256088337601,265002002.61206055,2.2084777120648176,-1.2084777120648178,True,1.0,ascending,38,0.0,1.9276305828917446,0.0,11.887918554784244,0.17599498589783494,1402092307.6923828,1.9276305828917446,-0.9276305828917447,True,1.0,ascending,1.0740740740740742,0.42013311148086613,both,-1.1198144161127306,-1.414270405429535,0.01870625724038444,0.009868208568887926,0.03247543899045824,0.018324373380288916,0.023492466571225945,0.029110748537136688,-1.1037956600267527,2,neutral,2,0,0,0,24.69778633301395,6.6684908950019715,10.0,20.0,15.0,20.0,10.0,81.66849089500198,7,long,BTC,2,2,27,20.0,9000000,555.5,ascending,9000000,0.0,0,loser,True,0.6036497718892511,0.9986250859321402,"['1h', '4h']",['resistance']
True,bearish,0.0026509751200029246,False,bullish,0.00040789795144629,0,0,0,False,bullish,0.012030647212848349,1,{},{},{},{},{},[],0,0.6254768392370651,2.84934057408849,0.7085831062670379,0.00816381411730012,5.840806826997736,4.555469356090013,10,True,True,descending,0,0.006544734291373548,71.75595621377727,,0.8471229145386403,1.4265406877766345,6,6,6,0,0,0,0,1758502800000,bearish,6,1758520800000,30,neutral,5,0.0,0.0,True,"[{'timeframe': '4h', 'zone_kind': 'support', 'distance_to_entry_r': 1.4265406877766345, 'distance_to_target_r': 0.5734593122233657}, {'timeframe': '1h', 'zone_kind': 'support', 'distance_to_entry_r': 0.8471229145386403, 'distance_to_target_r': 1.1528770854613597}]",4h favorable zone; 4h opposite zone before target; 1h favorable zone; 1h opposite zone before target; 15m favorable zone,nested child aligned with parent,6,6,33,0.532258064516129,-2.5748342654775436,0.6164616260053223,20.0,0.418951132300355,92422190.61157227,-2.5748342654775436,3.5748342654775436,True,1.0,descending,,,,,,,,,,,,,0.5409836065573771,0.5795589988081074,1h_only,1.7463431994556031,-0.5813040692085574,-0.011180566587831953,-0.008581726457750793,-0.01062879960538754,-0.011027911639813204,0.008703835784604319,-0.0033903807154798127,1.7232641864746487,0,bullish,0,0,0,0,-4.475919129194196,13.907186648501392,10.0,20.0,15.0,0.0,10.0,68.9071866485014,6,short,BTC,2,2,61,20.0,47700000,389.0,descending,47700000,-3.2557651991614867e-06,0,winner,True,0.8471229145386403,0.5734593122233657,"['1h', '4h']",['support']
True,bearish,0.01090329232399723,True,bearish,0.009879752501650473,0,0,0,False,bullish,0.00781734046140885,1,{},{},{},{},{},[],0,0.7955422203172032,0.8832837596669019,0.9262751821688947,0.0044306144160288765,2.379452006858707,1.1102914931588594,11,True,True,ascending,0,0.02932512640140681,-1.811694152923451,0.023857526881715656,0.6774193548387081,0.6774193548387081,1,1,1,0,0,0,0,1758589200000,bearish,3,1758609000000,3,bearish,1,4.359477124183007e-05,0.0,True,"[{'timeframe': '4h', 'zone_kind': 'support', 'distance_to_entry_r': 0.6774193548387081, 'distance_to_target_r': 1.3225806451612918}, {'timeframe': '1h', 'zone_kind': 'support', 'distance_to_entry_r': 0.6774193548387081, 'distance_to_target_r': 1.3225806451612918}, {'timeframe': '15m', 'zone_kind': 'support', 'distance_to_entry_r': 0.023857526881715656, 'distance_to_target_r': 1.9761424731182844}]",4h favorable zone; 4h opposite zone before target; 1h favorable zone; 1h opposite zone before target; 15m favorable zone; 15m opposite zone before target,nested child aligned with parent,3,1,18,1.0,0.44780652117136704,1.0,18.810368706156662,0.4465360283906858,44468832.06640625,0.44780652117136704,0.5521934788286329,True,1.0,symmetrical,,,,,,,,,,,,,0.72,0.4679319035128332,1h_only,-1.2786590043922927,0.40239498194261303,-0.013729911978063059,-0.003008674958138169,-0.023044438263899236,-0.013522883046404144,-0.013224330281281116,-0.020778010877270492,-1.2595901227686146,0,neutral,0,0,0,0,-499982352941180.56,13.869453557176705,8.0,20.0,15.0,0.0,10.0,66.86945355717671,1,short,BTC,2,2,25,20.0,15300000,909.8000000000029,ascending,15300000,0.0,0,loser,True,0.023857526881715656,1.3225806451612918,"['15m', '1h', '4h']",['support']
False,bearish,0.007816799722109047,False,bearish,0.011342298200621794,0,0,0,True,bullish,0.006463152129394277,1,{},{},{},{},{},[],0,0.4995602462620036,0.2532717989877558,0.9437115215478549,0.004112694947982869,2.065373872109257,0.5069894990301584,7,False,True,symmetrical,0,0.006854089536276386,38.921982286795014,1.1823850350740452,0.1795011691348425,0.1169914263445096,2,2,2,0,0,0,0,1758618000000,bearish,6,1758651300000,6,bearish,1,7.932539682539451e-06,0.0011939664679216453,True,"[{'timeframe': '4h', 'zone_kind': 'resistance', 'distance_to_entry_r': 0.1169914263445096, 'distance_to_target_r': 1.8830085736554905}, {'timeframe': '1h', 'zone_kind': 'resistance', 'distance_to_entry_r': 0.1795011691348425, 'distance_to_target_r': 1.8204988308651575}, {'timeframe': '15m', 'zone_kind': 'resistance', 'distance_to_entry_r': 1.1823850350740452, 'distance_to_target_r': 0.8176149649259548}]",4h favorable zone; 4h opposite zone before target; 1h favorable zone; 1h opposite zone before target; 15m favorable zone; 15m opposite zone before target,nested child acceptable with parent,6,2,26,0.8513513513513513,1.0431672448793299,0.9195767135826011,20.0,0.24229799927994913,214812481.42651367,1.0431672448793299,-0.04316724487932989,True,1.0,descending,,,,,,,,,,,,,0.3561643835616438,1.0329681633492729,1h_only,-1.141278694026751,0.26634972170686444,-0.003944103219006956,0.003872013617922665,-0.014984120146296243,-0.003854843946675901,-0.009091937521298332,-0.015397714115901517,-1.1256764817234965,0,neutral,0,0,0,0,1.6631784561024963,12.705322105350875,8.0,14.0,0.0,0.0,10.0,44.705322105350874,2,long,BTC,2,2,73,18.403016766039176,50400000,2008.3999999999942,symmetrical,50400000,-1.2005952380952496e-05,1,loser,True,0.1169914263445096,0.8176149649259548,"['15m', '1h', '4h']",['resistance']
True,bearish,0.00592679359021579,True,bearish,0.012052222395994242,0,0,0,False,bullish,0.005367938274307047,1,{},{},{},{},{},[],0,0.9460264900662155,0.8779693309978076,0.9460264900662155,0.008801515557102268,3.047655265664857,0.9280599858639853,6,True,True,ascending,0,0.008681610841838784,27.176255707762266,0.13841249601530495,0.405674211029648,0.6193178195728458,3,3,3,0,0,0,0,1758653100000,bearish,3,1758724200000,3,bearish,1,2.28125e-05,0.0,True,"[{'timeframe': '4h', 'zone_kind': 'support', 'distance_to_entry_r': 0.6193178195728458, 'distance_to_target_r': 1.380682180427154}, {'timeframe': '1h', 'zone_kind': 'support', 'distance_to_entry_r': 0.405674211029648, 'distance_to_target_r': 1.594325788970352}, {'timeframe': '15m', 'zone_kind': 'support', 'distance_to_entry_r': 0.13841249601530495, 'distance_to_target_r': 1.861587503984695}]",4h favorable zone; 4h opposite zone before target; 1h favorable zone; 1h opposite zone before target; 15m favorable zone; 15m opposite zone before target,nested child aligned with parent,3,3,35,0.9841269841269841,0.12185732795113258,0.9972626841069137,20.0,0.09129249601398948,935109633.8027344,0.12185732795113258,0.8781426720488674,True,1.0,descending,,,,,,,,,,,,,0.5645161290322581,0.9416756673352834,1h_only,-1.1181457011628964,-0.18527969914714193,-0.01388160975781938,-0.008084338683710612,-0.023647553065382354,-0.012021799357750496,-0.010810582696974547,-0.016035344232303572,-1.1041025981024992,0,neutral,0,0,0,0,-1.7774267983959733,14.797599337748307,8.0,20.0,15.0,0.0,10.0,67.79759933774831,3,short,BTC,2,2,62,20.0,43200000,1830.8999999999942,ascending,43200000,0.0,0,loser,True,0.13841249601530495,1.380682180427154,"['15m', '1h', '4h']",['support']
False,bearish,0.009350002502140617,False,bearish,0.021419284814244453,0,0,0,False,bearish,0.007403191218649054,1,{},{},{},{},{},[],0,0.6340439276485763,0.5717531238167453,0.6343669250646158,0.005039946342776606,1.6086563947222892,0.9017563277313553,7,False,True,ascending,0,0.0018573064964818138,322.15969162994406,1.0133783783783803,0.25114864864864667,0.14405405405405208,4,4,4,0,0,0,0,1758911400000,bearish,5,1759152600000,10,bearish,2,3.0572390572391554e-06,0.0,True,"[{'timeframe': '4h', 'zone_kind': 'resistance', 'distance_to_entry_r': 0.14405405405405208, 'distance_to_target_r': 1.855945945945948}, {'timeframe': '1h', 'zone_kind': 'resistance', 'distance_to_entry_r': 0.25114864864864667, 'distance_to_target_r': 1.7488513513513533}, {'timeframe': '15m', 'zone_kind': 'resistance', 'distance_to_entry_r': 1.0133783783783803, 'distance_to_target_r': 0.9866216216216197}]",4h favorable zone; 4h opposite zone before target; 1h favorable zone; 1h opposite zone before target; 15m favorable zone; 15m opposite zone before target,nested child acceptable with parent,5,4,48,0.8775510204081632,1.0509886435694902,0.93237074977035,18.875516198131695,0.7760302159084512,18437774.22631836,1.0509886435694902,-0.05098864356949015,True,1.0,descending,,,,,,,,,,,,,1.0,0.19138621117312146,1h_only,1.8035131409508225,0.3010193982581203,-0.0026898052781531012,0.006697500746603913,-0.0259931806335294,-0.005239970191061927,-0.04063023480271999,-0.033767668396015194,1.7828307455224994,0,bearish,0,0,0,0,1.6230629595823998,13.62887596899231,8.0,14.0,0.0,0.0,10.0,45.62887596899231,4,long,BTC,2,2,48,20.0,29700000,1018.5,ascending,29700000,0.0,0,winner,True,0.14405405405405208,0.9866216216216197,"['15m', '1h', '4h']",['resistance']
True,bullish,0.005632200431803421,True,bullish,0.005969281787226779,0,0,0,False,bearish,0.008315569565762274,1,{},{},{},{},{},[],0,0.4202602704771985,0.5903649007097663,0.440928808369496,0.007987755202369145,3.246962147824228,1.4047601978636166,5,True,True,descending,0,0.00708395468003555,42.87502125488879,,0.22588263077104181,0.2762427677411698,2,0,0,2,2,0,0,1759262400000,bullish,2,1759334400000,0,bullish,0,0.0,0.0,True,"[{'timeframe': '4h', 'zone_kind': 'resistance', 'distance_to_entry_r': 0.2762427677411698, 'distance_to_target_r': 1.7237572322588302}, {'timeframe': '1h', 'zone_kind': 'resistance', 'distance_to_entry_r': 0.22588263077104181, 'distance_to_target_r': 1.7741173692289582}]",4h favorable zone; 4h opposite zone before target; 1h favorable zone; 1h opposite zone before target; 15m favorable zone,nested child aligned with parent,2,0,,,,,,,,,,,,,61,1.0,0.9107861833068798,1.0,16.391852298630358,0.24418139112795573,2468635514.018799,0.9107861833068798,0.08921381669312023,True,1.0,symmetrical,0.8026315789473685,0.2915576789622588,4h_only,1.82637171570575,0.2297100069801371,0.013689367831687393,0.007934764173921804,0.0196243913861871,0.013456066731753369,0.010604071349011424,0.019168910509909987,1.8022141390820352,2,neutral,1,0,0,0,2.149594682488082,11.675044654248802,10.0,20.0,0.0,20.0,10.0,71.67504465424881,2,long,BTC,2,2,76,20.0,57600000,2184.699999999997,descending,57600000,-2.0420138888888838e-05,0,winner,True,0.22588263077104181,1.7237572322588302,"['1h', '4h']",['resistance']
True,bullish,0.006573225518183876,True,bullish,0.03377545808477788,0,0,0,True,bullish,0.020960133676682903,1,{},{},{},{},{},[],0,0.9301325689716962,1.5714761342655892,1.0,0.003799250552037683,2.797326479772876,1.6895184478949354,11,True,True,descending,0,0.020159481848881187,3.6531981024050992,0.5880393641180836,0.5880393641180836,,1,1,1,0,0,0,0,1759612500000,bullish,4,1759631400000,8,bullish,2,0.0,0.0,True,"[{'timeframe': '1h', 'zone_kind': 'resistance', 'distance_to_entry_r': 0.5880393641180836, 'distance_to_target_r': 1.4119606358819166}, {'timeframe': '15m', 'zone_kind': 'resistance', 'distance_to_entry_r': 0.5880393641180836, 'distance_to_target_r': 1.4119606358819166}]",4h favorable zone; 1h favorable zone; 1h opposite zone before target; 15m favorable zone; 15m opposite zone before target,nested child aligned with parent,4,1,36,0.9696969696969697,0.5600408302569769,0.9910160316064393,18.415186867459507,0.8203191489361702,-5932460.121826172,0.5600408302569769,0.43995916974302307,True,1.0,symmetrical,,,,,,,,,,,,,1.125,0.2016170212765939,1h_only,1.5132431571771912,0.17231841566632988,0.007953996457458645,0.001319743554085262,0.041422016547575824,0.006035224829145092,0.064815831896325,0.04156937602686517,1.490541084857698,0,bullish,0,0,0,0,5.759269210102036,13.19887582805654,14.0,20.0,15.0,0.0,10.0,72.19887582805654,1,long,BTC,2,2,32,20.0,20700000,947.5999999999913,descending,20700000,-2.9531400966183012e-05,0,winner,True,0.5880393641180836,1.4119606358819166,"['15m', '1h']",['resistance']
True,bullish,0.006684038512956604,True,bullish,0.03322307925575102,0,0,0,True,bullish,0.021945459970349586,1,{},{},{},{},{},[],0,0.5175173282923774,5.787267026036697,0.5394454946439861,0.010798530438465044,9.307684177148298,11.182750237818343,10,True,True,ascending,0,0.02377501250172154,4.276939490930772,,,,5,5,5,0,0,0,0,1759632300000,bullish,5,1759849200000,25,bullish,5,2.8038461538461788e-05,0.0,False,[],4h favorable zone; 1h favorable zone; 15m favorable zone,nested child aligned with parent,5,5,58,0.9375,2.035683697167652,0.9462880809594582,16.17689682653046,0.807244192884447,15040471.69165039,2.035683697167652,-1.0356836971676522,True,1.0,symmetrical,,,,,,,,,,,,,1.8709677419354838,0.1635915907086144,1h_only,-1.1324036122426933,-0.6918626707131958,0.018734003861346604,0.01184409704065037,0.043363430412721726,0.008408223933326298,0.06779317005722207,0.0433442624836482,-1.113754897627698,0,bullish,0,0,0,0,13.238836819786666,12.628024574669212,20.0,20.0,15.0,0.0,10.0,77.62802457466921,5,long,BTC,2,2,31,20.0,23400000,890.1999999999971,ascending,23400000,0.0,0,loser,False,,,[],[]
False,bearish,0.007486723788685645,True,bullish,0.025124920042009887,0,0,0,True,bullish,0.03627937975436373,1,{},{},{},{},{},[],0,0.7658440276406597,0.6859598397835376,0.7658440276406597,0.007446442246403006,1.5944076966915683,0.895691309230129,3,True,True,descending,0,0.024010643040670725,2.595184201030065,0.5457213047632147,0.34086256312269825,2.658591510850296,1,0,0,1,1,0,0,1759868100000,bearish,1,1760028300000,0,bullish,3,0.0,0.0,True,"[{'timeframe': '1h', 'zone_kind': 'resistance', 'distance_to_entry_r': 0.34086256312269825, 'distance_to_target_r': 1.6591374368773018}, {'timeframe': '15m', 'zone_kind': 'resistance', 'distance_to_entry_r': 0.5457213047632147, 'distance_to_target_r': 1.4542786952367852}]",4h favorable zone; 1h favorable zone; 1h opposite zone before target; 15m favorable zone; 15m opposite zone before target,nested child aligned with parent,1,0,,,,,,,,,,,,,44,0.5,0.14017113336287418,0.6962326332215706,17.5154810265024,0.6648092293771676,175093266.18798828,0.14017113336287418,0.8598288666371259,True,1.0,ascending,1.5172413793103448,0.3301010405670339,4h_only,-1.1363806009501838,0.31725933640827453,-0.011831927042219137,-0.004466831877108279,0.009839276402233033,-0.015148504822703912,0.04825490334345939,0.00985025987125443,-1.1189125866332836,3,bullish,3,0,0,0,3.5073632582891774,14.121915103652473,14.0,20.0,0.0,20.0,10.0,78.12191510365247,1,long,BTC,2,2,29,20.0,19800000,4377.800000000003,descending,19800000,-0.0001539545454545456,0,loser,True,0.34086256312269825,1.4542786952367852,"['15m', '1h']",['resistance']
False,bearish,0.0029026319768935102,True,bullish,0.005581609286215622,0,0,0,True,bullish,0.03451862521875672,1,{},{},{},{},{},[],0,0.3561608634202886,1.2687079500206568,0.6018244892714981,0.005363050899615198,2.9832028925809273,3.5621767586617583,10,True,True,ascending,0,0.017093175964354262,10.06075044669501,0.011759059275243887,0.35253179745618585,1.8634509239260664,5,5,5,0,0,0,0,1760103900000,neutral,6,1760105700000,6,bullish,1,1.4350427350427267e-05,0.0004301197656515287,True,"[{'timeframe': '4h', 'zone_kind': 'resistance', 'distance_to_entry_r': 1.8634509239260664, 'distance_to_target_r': 0.1365490760739336}, {'timeframe': '1h', 'zone_kind': 'resistance', 'distance_to_entry_r': 0.35253179745618585, 'distance_to_target_r': 1.647468202543814}, {'timeframe': '15m', 'zone_kind': 'resistance', 'distance_to_entry_r': 0.011759059275243887, 'distance_to_target_r': 1.988240940724756}]",4h favorable zone; 4h opposite zone before target; 1h favorable zone; 1h opposite zone before target; 15m favorable zone; 15m opposite zone before target,nested child aligned with parent,6,5,24,0.9318181818181818,1.2891030748347518,0.965958823330406,18.63789354692517,0.7548772586566843,610757.2001953125,1.2891030748347518,-0.28910307483475195,True,1.0,symmetrical,,,,,,,,,,,,,0.5581395348837209,0.16444700405538418,1h_only,-1.2213719317387142,0.12342179850554413,0.0031896264342896608,0.0061193355566455665,0.003604706380964995,-0.0019858985019386433,0.03969180095580316,0.0036713106528798445,-1.2039445714512045,0,bullish,0,0,0,0,6.016220696187532,11.89380701528985,8.0,20.0,15.0,0.0,10.0,64.89380701528985,5,long,BTC,2,2,43,17.784940117174237,35100000,685.3000000000029,ascending,35100000,0.0,2,loser,True,0.011759059275243887,0.1365490760739336,"['15m', '1h', '4h']",['resistance']
True,bullish,0.003986309832032099,False,bearish,0.023680135360078753,0,0,0,True,bullish,0.005980565607753091,1,{},{},{},{},{},[],0,0.5878504672897197,0.5898847427108436,0.718878504672908,0.004599328704324074,0.9921957360374748,1.0034605321154255,5,True,True,symmetrical,0,0.019177462239067675,15.541618571245408,0.1333333333333354,0.5278076785073555,0.36935773232866675,4,4,4,0,0,0,0,1760383800000,bullish,5,1760406300000,15,bearish,3,2.8091503267974047e-05,0.0,True,"[{'timeframe': '4h', 'zone_kind': 'resistance', 'distance_to_entry_r': 0.36935773232866675, 'distance_to_target_r': 1.6306422676713332}, {'timeframe': '1h', 'zone_kind': 'resistance', 'distance_to_entry_r': 0.5278076785073555, 'distance_to_target_r': 1.4721923214926445}, {'timeframe': '15m', 'zone_kind': 'resistance', 'distance_to_entry_r': 0.1333333333333354, 'distance_to_target_r': 1.8666666666666645}]",4h favorable zone; 4h opposite zone before target; 1h favorable zone; 1h opposite zone before target; 15m favorable zone; 15m opposite zone before target,nested child aligned with parent,5,4,45,0.9583333333333334,1.0219275040491462,0.9837773008939457,14.867362793749596,0.7054437685228523,38526829.69970703,1.0219275040491462,-0.021927504049146278,True,1.0,symmetrical,,,,,,,,,,,,,1.9565217391304348,0.27572921541101186,1h_only,-1.1332880074693767,0.3272781464225827,0.011479721608985471,0.0074177411865630205,-0.01578863347713122,0.007697013490232996,-0.01692252247913406,-0.022668604956408878,-1.11846405688181,0,neutral,0,0,0,0,1.7421231576688856,13.121890252747882,8.0,20.0,0.0,0.0,10.0,51.12189025274788,4,long,BTC,2,2,23,20.0,15300000,1767.699999999997,symmetrical,15300000,-2.2869281045751254e-05,0,loser,True,0.1333333333333354,1.4721923214926445,"['15m', '1h', '4h']",['resistance']
False,bullish,0.004618108161672074,True,bearish,0.02075663137639235,0,0,0,False,bullish,0.005075193640556066,1,{},{},{},{},{},[],0,0.6285860655737788,1.0887552962577212,0.6342213114754106,0.018413833316195578,9.506030589435763,1.7320703653586338,2,False,True,ascending,0,0.02186157998329935,-7.6993776110493855,0.3071862976293889,0.3820901079806341,0.9657440734764731,3,3,3,0,0,0,0,1760407200000,neutral,3,1760436000000,9,bearish,3,7.666013071895386e-05,0.0,True,"[{'timeframe': '4h', 'zone_kind': 'support', 'distance_to_entry_r': 0.9657440734764731, 'distance_to_target_r': 1.034255926523527}, {'timeframe': '1h', 'zone_kind': 'support', 'distance_to_entry_r': 0.3820901079806341, 'distance_to_target_r': 1.617909892019366}, {'timeframe': '15m', 'zone_kind': 'support', 'distance_to_entry_r': 0.3071862976293889, 'distance_to_target_r': 1.6928137023706111}]",4h favorable zone; 4h opposite zone before target; 1h favorable zone; 1h opposite zone before target; 15m favorable zone; 15m opposite zone before target,nested child acceptable with parent,3,3,52,1.0,0.3529694220974405,1.0,16.170030569188338,0.63944782405241,68173435.78491211,0.3529694220974405,0.6470305779025596,True,1.0,ascending,,,,,,,,,,,,,1.625,0.26151926376540413,1h_only,1.818175678506522,-0.42399311716943644,-0.0021690761915289514,-0.006746080769758578,-0.022439963254662798,-0.002193620352483494,-0.00946223380224609,-0.014416928409979213,1.7964022801370583,0,neutral,0,0,0,0,-2142611764705871.0,13.628329918032788,8.0,14.0,15.0,0.0,10.0,60.62832991803279,3,short,BTC,2,2,32,20.0,15300000,1676.6000000000058,ascending,15300000,0.0,0,winner,True,0.3071862976293889,1.034255926523527,"['15m', '1h', '4h']",['support']
True,bearish,0.005086874791400454,True,bearish,0.02369831125060057,0,0,0,True,bearish,0.0038692015984891632,1,{},{},{},{},{},[],0,0.6382457096159063,0.6468266018827905,0.6385181149550668,0.004730598828069224,1.4620544957623787,1.0134444965905813,8,False,True,descending,0,0.0007116614626422237,973.8349999999962,0.0337144247141758,0.15149598637800737,0.3441984918511311,4,4,4,0,0,0,0,1760534100000,bearish,4,1760682600000,4,bearish,1,0.0,0.00031527797627556536,True,"[{'timeframe': '4h', 'zone_kind': 'support', 'distance_to_entry_r': 0.3441984918511311, 'distance_to_target_r': 1.6558015081488688}, {'timeframe': '1h', 'zone_kind': 'support', 'distance_to_entry_r': 0.15149598637800737, 'distance_to_target_r': 1.8485040136219926}, {'timeframe': '15m', 'zone_kind': 'support', 'distance_to_entry_r': 0.0337144247141758, 'distance_to_target_r': 1.9662855752858241}]",4h favorable zone; 4h opposite zone before target; 1h favorable zone; 1h opposite zone before target; 15m favorable zone; 15m opposite zone before target,nested child acceptable with parent,4,4,23,0.9436619718309859,0.037592305028313455,0.9553079020187509,20.0,0.5009936143716383,50128686.27026367,0.037592305028313455,0.9624076949716865,True,1.0,ascending,,,,,,,,,,,,,0.32857142857142857,0.42550541851037116,1h_only,1.869315824387277,-0.04713329000536115,-0.012776789935045496,-0.007794049864121022,-0.03326361118062593,-0.010596354021972787,-0.03483602922507956,-0.031218196917506158,1.8436181220287378,0,bearish,0,0,0,0,-0.3534890407512629,13.240341173185403,8.0,14.0,15.0,0.0,10.0,60.2403411731854,4,short,BTC,2,2,70,18.842361011862216,46800000,1605.8999999999942,descending,46800000,-1.7094017094017095e-06,1,winner,True,0.0337144247141758,1.6558015081488688,"['15m', '1h', '4h']",['support']
False,bearish,0.005317807137894789,False,bearish,0.03704830233728176,0,0,0,False,bearish,0.029780648408932412,1,{},{},{},{},{},[],0,0.7280505952380766,1.2181761593526175,0.9508928571428685,0.004607690231246868,3.060068471833228,1.6732026143791108,11,True,True,descending,0,0.01878238341968912,1.27586206896558,0.3494818652849779,0.08445595854921903,2.073963730569937,5,0,5,0,5,5,0,1760819400000,bearish,8,1760861700000,16,bearish,2,0.0,0.0004205720499863476,True,"[{'timeframe': '1h', 'zone_kind': 'resistance', 'distance_to_entry_r': 0.08445595854921903, 'distance_to_target_r': 1.915544041450781}, {'timeframe': '15m', 'zone_kind': 'resistance', 'distance_to_entry_r': 0.3494818652849779, 'distance_to_target_r': 1.6505181347150222}]",4h favorable zone; 1h opposite zone before target; 15m favorable zone; 15m opposite zone before target,nested child aligned with parent,8,0,40,1.0,0.8487617428235806,1.0,17.146276618978458,0.8293134140807707,-4348970.916259766,0.8487617428235806,0.1512382571764194,True,1.0,symmetrical,55,1.0,0.43156870328307817,1.0,17.367629512481287,0.6179736856314909,288792264.2277832,0.43156870328307817,0.5684312967169218,True,1.0,symmetrical,1.25,0.10105064749205901,both,-1.2126512767791684,0.33428378868784314,-0.0022005275222709564,0.0031221440593527383,-0.03911846945158326,-0.0036493534380447334,-0.06513481221936568,-0.038361951685664586,-1.193779944100178,16,bearish,2,0,0,0,23.144144144147308,14.227383561156026,10.0,20.0,0.0,0.0,10.0,54.227383561156024,5,long,BTC,2,2,32,18.789713975006826,18000000,579.0,descending,18000000,-1.9333333333333333e-05,1,loser,True,0.08445595854921903,1.6505181347150222,"['15m', '1h']",['resistance']
True,bearish,0.0035880294150138947,True,bearish,0.0341729813866707,0,0,0,True,bearish,0.03232169774196119,1,{},{},{},{},{},[],0,0.46075209930631533,0.6182486221677729,0.5436290617013412,0.004807638282809689,2.5151255358236,1.3418248622167455,9,False,True,descending,0,0.006607877718988449,71.06761565836996,2.088059876037876,,2.192842942345916,6,0,6,0,6,6,0,1760865300000,bearish,7,1760866200000,42,bearish,6,0.0,0.0006697656299747538,False,[],4h favorable zone; 1h favorable zone; 15m favorable zone,nested child acceptable with parent,7,0,16,0.8627450980392157,-0.5291388604541594,0.9157140211325169,20.0,0.28843338213762015,76093401.01513672,-0.5291388604541594,1.5291388604541594,True,1.0,ascending,58,1.0,0.32847395497096116,1.0,17.367629512481287,0.6179736856314909,245592264.2277832,0.32847395497096116,0.6715260450290388,True,1.0,symmetrical,0.32,0.5747268836580767,both,-1.1936509138223073,-0.8238915404302003,-0.008616522162491869,-0.005077470218178726,-0.039993563204947735,-0.007431066782401685,-0.06586451390721926,-0.03678222921493268,-1.1764797235286553,14,bearish,2,0,0,0,-1.7139041896176406,12.014579001432523,20.0,14.0,15.0,20.0,10.0,91.01457900143252,6,short,BTC,2,2,50,18.665117185012623,36000000,510.3000000000029,descending,36000000,-4.683333333333091e-06,1,loser,False,,,[],[]
False,bullish,0.00622902991389165,True,bearish,0.026628575720518622,0,0,0,True,bearish,0.03263644555976518,1,{},{},{},{},{},[],0,0.8826589595375555,0.5595866314863623,0.9346820809248386,0.00548673237033353,2.1949878799579747,0.6339783054822693,6,True,True,ascending,0,0.016554030481544635,3.5987129309046395,0.29512136505646736,2.591804854602261,0.0020427781783190287,3,0,0,3,3,0,0,1760909400000,bullish,3,1760931900000,0,bearish,0,7.2010840108401e-05,0.0,True,"[{'timeframe': '4h', 'zone_kind': 'support', 'distance_to_entry_r': 0.0020427781783190287, 'distance_to_target_r': 1.997957221821681}, {'timeframe': '15m', 'zone_kind': 'support', 'distance_to_entry_r': 0.29512136505646736, 'distance_to_target_r': 1.7048786349435328}]",4h favorable zone; 4h opposite zone before target; 1h favorable zone; 15m favorable zone; 15m opposite zone before target,nested child aligned with parent,3,0,,,,,,,,,,,,,61,1.0,0.5989463435389767,1.0,17.367629512481287,0.6179736856314909,202392264.2277832,0.5989463435389767,0.4010536564610233,True,1.0,symmetrical,1.2708333333333333,0.15047517053942613,4h_only,-1.2005414956079985,0.3708656716417926,0.008582493520788104,0.002285643464614795,-0.01593595206623455,0.010544584605139962,-0.04587558425570937,-0.015209981819378604,-1.1846649155349023,6,bearish,2,0,0,0,-2.568125490196104,14.755057803468144,12.0,20.0,0.0,20.0,10.0,76.75505780346815,3,short,BTC,2,2,48,20.0,36900000,3344.0999999999913,ascending,36900000,0.0,0,loser,True,0.0020427781783190287,1.7048786349435328,"['15m', '4h']",['support']
False,bullish,0.010431483557112074,True,bearish,0.0089500190844158,0,0,0,True,bearish,0.030048658124328304,1,{},{},{},{},{},[],0,0.965915190552841,1.467781402936359,0.9661835748792119,0.0038233064272441414,1.7234910277324922,1.5195758564437476,9,False,True,symmetrical,0,0.016203680941376947,13.753312430464348,0.1273862299828124,0.011851985886189981,0.5509816339455337,1,1,1,0,0,0,0,1761005700000,bullish,3,1761021000000,6,bearish,2,2.4666666666666665e-05,0.0,True,"[{'timeframe': '4h', 'zone_kind': 'support', 'distance_to_entry_r': 0.5509816339455337, 'distance_to_target_r': 1.4490183660544662}, {'timeframe': '1h', 'zone_kind': 'support', 'distance_to_entry_r': 0.011851985886189981, 'distance_to_target_r': 1.98814801411381}, {'timeframe': '15m', 'zone_kind': 'support', 'distance_to_entry_r': 0.1273862299828124, 'distance_to_target_r': 1.8726137700171877}]",4h favorable zone; 4h opposite zone before target; 1h favorable zone; 1h opposite zone before target; 15m favorable zone; 15m opposite zone before target,nested child acceptable with parent,3,1,38,1.0,0.24584120223409806,1.0,16.988636700268493,0.6693003467877443,31720036.322753906,0.24584120223409806,0.7541587977659019,True,1.0,ascending,,,,,,,,,,,,,1.1515151515151516,0.3305208966429518,1h_only,1.7381776850972854,0.2574088550920367,0.0057383973576627945,-0.004703599122788615,-0.00029994515661313503,0.008725459013997794,-0.02957878640116851,-0.0004315140030225484,1.7172254634573234,0,bearish,0,0,0,0,-0.7769582067819439,13.108148046663294,8.0,14.0,15.0,0.0,10.0,60.108148046663295,1,short,BTC,2,2,33,20.0,22500000,1849.0,symmetrical,22500000,-1.9275555555555428e-05,0,winner,True,0.011851985886189981,1.4490183660544662,"['15m', '1h', '4h']",['support']
False,bullish,0.004561152555082941,True,bearish,0.00859277107161681,0,0,0,True,bearish,0.030554289545702714,1,{},{},{},{},{},[],0,0.7888940955951412,0.9614643270177968,0.7888940955951412,0.027827808336984214,8.815088736275511,1.2187495538199824,0,False,True,symmetrical,0,0.010484734726773318,-4.246687569535652,0.05317349633541936,0.13886828284027156,0.13210290495830876,3,0,3,0,3,3,0,1761021900000,neutral,3,1761057900000,6,bearish,2,2.4666666666666665e-05,0.0,True,"[{'timeframe': '4h', 'zone_kind': 'support', 'distance_to_entry_r': 0.13210290495830876, 'distance_to_target_r': 1.8678970950416913}, {'timeframe': '1h', 'zone_kind': 'support', 'distance_to_entry_r': 0.13886828284027156, 'distance_to_target_r': 1.8611317171597284}, {'timeframe': '15m', 'zone_kind': 'support', 'distance_to_entry_r': 0.05317349633541936, 'distance_to_target_r': 1.9468265036645807}]",4h favorable zone; 4h opposite zone before target; 1h favorable zone; 1h opposite zone before target; 15m favorable zone; 15m opposite zone before target,nested child acceptable with parent,3,0,42,0.7692307692307693,-0.603745324226198,0.7932206058543887,16.988636700268493,0.6693003467877443,17320036.322753906,-0.603745324226198,1.603745324226198,True,1.0,ascending,27,1.0,0.31904893901344195,1.0,17.29828451828636,0.30457008244994144,684234449.6867676,0.31904893901344195,0.680951060986558,True,1.0,ascending,0.8235294117647058,0.3305208966429518,both,-1.0628411271616558,-0.35385649470676994,-0.01490326766266814,-0.019309682329935685,-0.013263365359315604,-0.004825477619204932,-0.042041406206691834,-0.01315675686778417,-1.0482294545967632,3,bearish,1,0,0,0,-3087000000000000.0,14.20835285848178,8.0,14.0,15.0,20.0,10.0,81.20835285848179,3,short,BTC,2,2,51,20.0,22500000,1849.0,symmetrical,22500000,-1.9275555555555428e-05,0,loser,True,0.05317349633541936,1.8611317171597284,"['15m', '1h', '4h']",['support']
False,bearish,0.002105194452980915,False,bearish,0.00963932330763481,0,1,0,False,bearish,0.031228490632486065,1,{},{},{},{},{},[],0,0.866504573347224,4.089952728365722,0.936474856238661,0.02627265369481743,5.22897515975541,4.720059021231275,2,True,True,descending,0,0.006204841908456299,71.1224443818644,0.23388683236382804,0.17237440507667778,0.23490216816499207,1,1,1,0,0,0,0,1761058800000,neutral,1,1761130800000,2,neutral,2,0.0,0.0,True,"[{'timeframe': '4h', 'zone_kind': 'resistance', 'distance_to_entry_r': 0.23490216816499207, 'distance_to_target_r': 1.765097831835008}, {'timeframe': '1h', 'zone_kind': 'resistance', 'distance_to_entry_r': 0.17237440507667778, 'distance_to_target_r': 1.8276255949233222}, {'timeframe': '15m', 'zone_kind': 'resistance', 'distance_to_entry_r': 0.23388683236382804, 'distance_to_target_r': 1.7661131676361719}]",4h favorable zone; 4h opposite zone before target; 1h favorable zone; 1h opposite zone before target; 15m favorable zone; 15m opposite zone before target,nested child aligned with parent,1,0,38,0.9868421052631579,1.1123220399093825,0.9967393445986159,20.0,0.005336079385883471,19424526315.78711,1.1123220399093825,-0.11232203990938246,True,1.0,ascending,,,,,,,,,,,,,0.5066666666666667,0.8929273544280099,1h_only,-1.0474880563792817,-1.5231203671020626,0.027788768015763354,0.03001741175916406,0.016932578517775854,0.02699978696738703,-0.045389690170684505,-0.016057336952530754,-1.0341715030015273,0,bearish,1,0,0,0,2.5457344475953323,14.761780710894978,8.0,20.0,15.0,0.0,10.0,67.76178071089498,1,long,BTC,2,2,75,20.0,61200000,3815.300000000003,descending,61200000,-2.9011437908496734e-05,0,loser,True,0.17237440507667778,1.765097831835008,"['15m', '1h', '4h']",['resistance']
False,bearish,0.006766287270165488,False,bearish,0.0113260746291434,0,0,0,False,bearish,0.031777268256196374,1,{},{},{},{},{},[],0,0.7297297297297497,0.2020627236371494,0.14358108108107048,0.003778972582741447,0.9518417175331667,0.27690076942867864,6,False,True,descending,1,0.007070012450053755,60.86649713922361,0.267769257182105,0.6022089962229635,0.386974934187936,1,1,1,0,0,0,0,1761184800000,bearish,1,1761309000000,1,bearish,1,0.0,0.002715721043496518,True,"[{'timeframe': '4h', 'zone_kind': 'resistance', 'distance_to_entry_r': 0.386974934187936, 'distance_to_target_r': 1.613025065812064}, {'timeframe': '1h', 'zone_kind': 'resistance', 'distance_to_entry_r': 0.6022089962229635, 'distance_to_target_r': 1.3977910037770365}, {'timeframe': '15m', 'zone_kind': 'resistance', 'distance_to_entry_r': 0.267769257182105, 'distance_to_target_r': 1.732230742817895}]",4h favorable zone; 4h opposite zone before target; 1h favorable zone; 1h opposite zone before target; 15m favorable zone; 15m opposite zone before target,nested child acceptable with parent,1,1,33,1.0,0.5545240890873394,1.0,20.0,0.6306318192012879,43148259.41430664,0.5545240890873394,0.4454759109126606,True,1.0,descending,,,,,,,,,,,,,0.559322033898305,0.34825916593004974,1h_only,1.8396903395174427,0.3159117762898773,-0.004098286423251163,0.0026581829814269486,-0.015356523824932689,-0.004251794966755762,-0.05067338075031491,-0.02114423230403928,1.8181829542453023,0,bearish,0,0,0,0,1.303638759118541,6.956887928166131,8.0,14.0,0.0,0.0,10.0,38.95688792816613,1,long,BTC,2,2,59,11.405728895611773,45000000,2639.699999999997,descending,45000000,-2.446888888888902e-05,4,winner,True,0.267769257182105,1.3977910037770365,"['15m', '1h', '4h']",['resistance']
True,bullish,0.00401854619530858,True,bullish,0.006675760050510244,0,0,0,False,bearish,0.02174137384227856,1,{},{},{},{},{},[],0,0.8813376483279405,11.674208144796745,0.8813376483279405,0.007526652795345612,10.019052155275395,13.246010954989684,11,True,True,ascending,0,0.0019951063429324983,290.7712264150805,,0.4229801509644925,0.42437797036622577,6,6,6,0,0,0,0,1761471000000,bullish,6,1761516000000,27,bullish,5,2.093827160493899e-06,0.0,True,"[{'timeframe': '4h', 'zone_kind': 'resistance', 'distance_to_entry_r': 0.42437797036622577, 'distance_to_target_r': 1.5756220296337742}, {'timeframe': '1h', 'zone_kind': 'resistance', 'distance_to_entry_r': 0.4229801509644925, 'distance_to_target_r': 1.5770198490355074}]",4h favorable zone; 4h opposite zone before target; 1h favorable zone; 1h opposite zone before target; 15m favorable zone,nested child aligned with parent,6,6,60,0.9911504424778761,1.5173950273232586,0.994615803190423,18.88571230034645,0.686482661004954,68826804.1237793,1.5173950273232586,-0.5173950273232586,True,1.0,ascending,,,,,,,,,,,,,0.5357142857142857,0.26857749469214437,1h_only,1.7952574032861663,0.11492704826042399,0.013444856649196701,0.00933426717347352,0.012105712282463044,0.005313238110361551,-0.00995008720347934,0.011829590545235247,1.7710493811816073,0,bearish,0,0,0,0,2.535563360289428,14.555016181229776,10.0,20.0,15.0,0.0,10.0,69.55501618122977,6,long,BTC,2,2,112,20.0,81000000,759.0,ascending,81000000,0.0,0,winner,True,0.4229801509644925,1.5756220296337742,"['1h', '4h']",['resistance']
True,bullish,0.002153516766718096,True,bullish,0.01775993548885064,0,0,0,False,bearish,0.00936367799779331,1,{},{},{},{},{},[],0,0.41051805337523783,0.23834480244270695,0.7653061224490145,0.0076999859770525035,3.986156646498575,0.5805951784167838,4,True,True,descending,0,0.013812089208138588,4.297146535078014,0.8595419847328272,0.2385496183206107,0.2929389312977099,4,4,4,0,0,0,0,1761645600000,bullish,4,1761681600000,12,bullish,3,0.0,0.0,True,"[{'timeframe': '4h', 'zone_kind': 'resistance', 'distance_to_entry_r': 0.2929389312977099, 'distance_to_target_r': 1.70706106870229}, {'timeframe': '1h', 'zone_kind': 'resistance', 'distance_to_entry_r': 0.2385496183206107, 'distance_to_target_r': 1.7614503816793894}, {'timeframe': '15m', 'zone_kind': 'resistance', 'distance_to_entry_r': 0.8595419847328272, 'distance_to_target_r': 1.1404580152671728}]",4h favorable zone; 4h opposite zone before target; 1h favorable zone; 1h opposite zone before target; 15m favorable zone; 15m opposite zone before target,nested child aligned with parent,4,4,65,1.0,0.4765609859820103,1.0,11.522183973637949,0.5605584774300955,154152170.0979004,0.4765609859820103,0.5234390140179898,True,1.0,symmetrical,,,,,,,,,,,,,1.9696969696969697,0.19346172764766076,1h_only,-1.1722598929747494,0.017795844625110413,0.004443737081924359,0.0022757280564182913,0.022676709422995378,0.004433512600808154,0.010218408004390112,0.019865684543748374,-1.154408123159324,0,neutral,0,0,0,0,8.424035149033987,12.833006279435232,8.0,20.0,15.0,0.0,10.0,65.83300627943524,4,long,BTC,2,2,33,20.0,15300000,1022.6000000000058,descending,15300000,-3.046405228758208e-05,0,loser,True,0.2385496183206107,1.1404580152671728,"['15m', '1h', '4h']",['resistance']
False,bullish,0.003307828667819387,False,bullish,0.017797741524637645,0,0,0,True,bearish,0.007473458844512532,1,{},{},{},{},{},[],0,0.7735946364105208,1.7697653291173627,0.792573491490453,0.010534638607022416,2.835871963377669,2.2877166487723777,1,False,True,descending,0,0.00841120739176522,45.70257791458209,0.5797047280882078,0.02952719117921884,0.08185385909175855,3,3,3,0,0,0,0,1761682500000,neutral,3,1761831000000,9,bullish,3,0.0,0.0,True,"[{'timeframe': '4h', 'zone_kind': 'support', 'distance_to_entry_r': 0.08185385909175855, 'distance_to_target_r': 1.9181461409082414}, {'timeframe': '1h', 'zone_kind': 'support', 'distance_to_entry_r': 0.02952719117921884, 'distance_to_target_r': 1.9704728088207812}, {'timeframe': '15m', 'zone_kind': 'support', 'distance_to_entry_r': 0.5797047280882078, 'distance_to_target_r': 1.4202952719117923}]",4h favorable zone; 4h opposite zone before target; 1h favorable zone; 1h opposite zone before target; 15m favorable zone; 15m opposite zone before target,nested child acceptable with parent,3,3,75,0.96875,-0.1507935375248535,0.9760153429602886,13.441503929980094,0.4403496159521746,298672555.421875,-0.1507935375248535,1.1507935375248535,True,1.0,ascending,,,,,,,,,,,,,2.4193548387096775,0.37714253282379184,1h_only,1.9049511154271594,-0.2027964758167189,-0.011758448432276913,-0.014978418709067798,0.012748821148618639,-0.005182409524494447,0.0054844756114926785,0.013097341737095425,1.8781096561015211,0,neutral,0,0,0,0,-1.0117779779594425,14.2221505930892,8.0,14.0,0.0,0.0,10.0,46.2221505930892,3,short,BTC,2,2,31,20.0,18000000,1993.5,descending,18000000,-2.8877777777777938e-05,0,winner,True,0.02952719117921884,1.4202952719117923,"['15m', '1h', '4h']",['support']
False,bearish,0.002382078421748311,False,bearish,0.011141685373424115,0,0,0,False,bearish,0.013427131454613018,1,{},{},{},{},{},[],0,0.742758620689635,0.49881895234124013,0.7565517241379109,0.003878421631100042,1.9627590678746725,0.6715761196794965,11,False,True,symmetrical,0,0.020843923768344524,-3.325826948233839,0.19563106796117918,1.2385922330097159,1.3599514563106867,1,0,0,1,1,0,0,1761958800000,bearish,3,1761969600000,0,bearish,0,2.59655172413792e-05,0.0,True,"[{'timeframe': '4h', 'zone_kind': 'resistance', 'distance_to_entry_r': 1.3599514563106867, 'distance_to_target_r': 0.6400485436893133}, {'timeframe': '1h', 'zone_kind': 'resistance', 'distance_to_entry_r': 1.2385922330097159, 'distance_to_target_r': 0.7614077669902842}, {'timeframe': '15m', 'zone_kind': 'resistance', 'distance_to_entry_r': 0.19563106796117918, 'distance_to_target_r': 1.8043689320388208}]",4h favorable zone; 4h opposite zone before target; 1h favorable zone; 1h opposite zone before target; 15m favorable zone; 15m opposite zone before target,nested child acceptable with parent,3,0,,,,,,,,,,,,,57,1.0,0.3426610388930981,1.0,20.0,0.030529246798869685,22748742464.858154,0.3426610388930981,0.6573389611069018,True,1.0,descending,1.4615384615384615,0.2627770736234894,4h_only,1.3143045656115107,0.5189326382219749,-0.0014475055533860193,0.0009333448790744825,-0.012644454854269349,-0.0016619326148966662,-0.026473801146957188,-0.01357964546657342,1.2933564673574591,9,bearish,3,0,0,0,178310344827594.25,12.404701412167181,8.0,14.0,0.0,0.0,10.0,44.404701412167185,1,long,BTC,2,2,39,20.0,26100000,2633.0,symmetrical,26100000,-5.604214559386962e-05,0,winner,True,0.19563106796117918,0.6400485436893133,"['15m', '1h', '4h']",['resistance']
False,bullish,0.0013115813599615517,True,bearish,0.008239403837685514,0,0,0,True,bearish,0.013772626787481255,1,{},{},{},{},{},[],0,0.9666856492027415,2.5269817640491117,0.9666856492027415,0.003574437924157094,2.932160136105074,2.614067733531784,11,True,True,ascending,0,0.01714221187715631,16.4968125796845,0.5704078594819819,0.467698719857094,0.467698719857094,1,1,1,0,0,0,0,1762034400000,neutral,6,1762058700000,12,bearish,2,1.8674603174603405e-05,0.0,True,"[{'timeframe': '4h', 'zone_kind': 'support', 'distance_to_entry_r': 0.467698719857094, 'distance_to_target_r': 1.5323012801429061}, {'timeframe': '1h', 'zone_kind': 'support', 'distance_to_entry_r': 0.467698719857094, 'distance_to_target_r': 1.5323012801429061}, {'timeframe': '15m', 'zone_kind': 'support', 'distance_to_entry_r': 0.5704078594819819, 'distance_to_target_r': 1.429592140518018}]",4h favorable zone; 4h opposite zone before target; 1h favorable zone; 1h opposite zone before target; 15m favorable zone; 15m opposite zone before target,nested child aligned with parent,6,1,50,1.0,0.2561588947451579,1.0,18.548816233336595,0.8206834889727797,636678.3681640625,0.2561588947451579,0.743841105254842,True,1.0,symmetrical,,,,,,,,,,,,,1.5151515151515151,0.16528909199284605,1h_only,-1.2490910660161803,0.0541675718734177,-0.0015486594270951448,-0.002854471520562396,-0.009813729933653925,-0.0016688003621515568,-0.01931977758126635,-0.005892826594052547,-1.2275946583605264,0,bearish,0,0,0,0,-1.4207950124945805,12.736728070745931,8.0,20.0,15.0,0.0,10.0,65.73672807074593,1,short,BTC,2,2,33,20.0,25200000,831.8999999999942,ascending,25200000,0.0,0,loser,True,0.467698719857094,1.429592140518018,"['15m', '1h', '4h']",['support']
True,bullish,0.0007333445675525075,False,bearish,0.007478244207452394,0,0,0,False,bearish,0.01398454033121821,1,{},{},{},{},{},[],0,0.5423480595557693,1.614532243415056,0.5731022699536358,0.004766575840145349,3.813260672116279,2.9769300635785436,11,True,True,ascending,0,0.013033004095398348,37.767097966730034,0.4671154115832121,0.8528958070396748,1.4376665264338644,2,2,2,0,0,0,0,1762059600000,bullish,5,1762099200000,20,bearish,4,5.0092592592591245e-06,0.0,True,"[{'timeframe': '4h', 'zone_kind': 'resistance', 'distance_to_entry_r': 1.4376665264338644, 'distance_to_target_r': 0.5623334735661356}, {'timeframe': '1h', 'zone_kind': 'resistance', 'distance_to_entry_r': 0.8528958070396748, 'distance_to_target_r': 1.1471041929603252}, {'timeframe': '15m', 'zone_kind': 'resistance', 'distance_to_entry_r': 0.4671154115832121, 'distance_to_target_r': 1.5328845884167879}]",4h favorable zone; 4h opposite zone before target; 1h favorable zone; 1h opposite zone before target; 15m favorable zone; 15m opposite zone before target,nested child aligned with parent,5,2,57,0.9655172413793104,1.1566086862485774,0.9739519679867841,18.65506343377092,0.8641963043910192,-513990.11376953125,1.1566086862485774,-0.15660868624857732,True,1.0,symmetrical,,,,,,,,,,,,,2.0357142857142856,0.05891118617126962,1h_only,-1.2347788649480256,-0.2398079583367081,0.005705991919754849,0.004964801209026648,-0.0020179822316948037,0.005486114726739988,-0.021047287638442658,-0.0074592019440336,-1.2150203175729573,0,bearish,0,0,0,0,4.08222396241199,12.553085629878813,8.0,20.0,0.0,0.0,10.0,50.553085629878815,2,long,BTC,2,2,28,20.0,21600000,296.5,ascending,21600000,0.0,0,loser,True,0.4671154115832121,0.5623334735661356,"['15m', '1h', '4h']",['resistance']
True,bearish,1.2806838609848548e-05,True,bearish,0.005324574938435426,0,0,0,True,bearish,0.013731063026284967,1,{},{},{},{},{},[],0,0.6086132644271979,2.596553117995015,0.6086132644271979,0.0046599194254430265,3.770991805387103,4.266343291809103,11,False,True,descending,2,0.020001893059356027,-2.71800387180042,0.23779162440227197,0.1378061150557992,0.1378061150557992,2,2,2,0,0,0,0,1762123500000,bearish,5,1762124400000,10,bearish,2,0.0,0.0020686881750117347,True,"[{'timeframe': '4h', 'zone_kind': 'support', 'distance_to_entry_r': 0.1378061150557992, 'distance_to_target_r': 1.8621938849442008}, {'timeframe': '1h', 'zone_kind': 'support', 'distance_to_entry_r': 0.1378061150557992, 'distance_to_target_r': 1.8621938849442008}, {'timeframe': '15m', 'zone_kind': 'support', 'distance_to_entry_r': 0.23779162440227197, 'distance_to_target_r': 1.762208375597728}]",4h favorable zone; 4h opposite zone before target; 1h favorable zone; 1h opposite zone before target; 15m favorable zone; 15m opposite zone before target,nested child acceptable with parent,5,2,54,0.9767441860465116,-0.0195162055622361,0.987903480450803,20.0,0.40303835928598447,239675461.74145508,-0.0195162055622361,1.019516205562236,True,1.0,ascending,,,,,,,,,,,,,1.2857142857142858,0.4203570072161044,1h_only,-1.2399775992379254,0.13353909465020508,-0.005083553835255272,-0.005070876712662931,-0.0075254539124191,-0.002252854035917462,-0.019384233735795786,-0.006000127948817768,-1.2216201566442595,0,bearish,0,0,0,0,-513099999999991.25,12.923858466329747,8.0,14.0,15.0,0.0,10.0,59.92385846632975,2,short,BTC,2,2,42,8.98770311654251,29700000,1106.800000000003,descending,29700000,-3.1306397306397405e-05,3,loser,True,0.1378061150557992,1.762208375597728,"['15m', '1h', '4h']",['support']
False,bearish,1.736479945396133e-05,False,bearish,0.005365605392707983,0,0,0,False,bearish,0.013731063026284967,1,{},{},{},{},{},[],0,0.9085545722713834,3.305213580946204,0.9085545722713834,0.0039920734413001245,2.6174223229102,3.637881181625867,9,True,True,descending,2,0.01909271610211257,-4.71800387180042,0.43186907838070127,1.379328165374672,2.126959517657187,1,1,1,0,0,0,0,1762125300000,neutral,5,1762130700000,10,bearish,2,0.0,0.0020686881750117347,True,"[{'timeframe': '1h', 'zone_kind': 'resistance', 'distance_to_entry_r': 1.379328165374672, 'distance_to_target_r': 0.620671834625328}, {'timeframe': '15m', 'zone_kind': 'resistance', 'distance_to_entry_r': 0.43186907838070127, 'distance_to_target_r': 1.5681309216192987}]",4h favorable zone; 1h favorable zone; 1h opposite zone before target; 15m favorable zone; 15m opposite zone before target,nested child aligned with parent,5,1,55,0.9555555555555556,0.4964630175579077,0.9795390328370865,20.0,0.40303835928598447,236075461.74145508,0.4964630175579077,0.5035369824420922,True,1.0,ascending,,,,,,,,,,,,,1.25,0.4203570072161044,1h_only,-1.276986849654489,-0.12821163484106868,0.0023562139482138367,0.002373660978116199,-0.008226703093112686,-0.002920781778409709,-0.019384233735795786,-0.006000127948817768,-1.2596202753340975,0,bearish,0,0,0,0,306100000000005.8,13.145189807967924,14.0,20.0,0.0,0.0,10.0,57.145189807967924,1,long,BTC,2,2,44,8.98770311654251,29700000,1106.800000000003,descending,29700000,-3.1306397306397405e-05,3,loser,True,0.43186907838070127,0.620671834625328,"['15m', '1h']",['resistance']
True,bearish,0.0007614104960875874,True,bearish,0.0054199226878727655,0,0,0,True,bearish,0.01362801120674365,1,{},{},{},{},{},[],0,0.9278825995807249,1.4061730552334495,0.9358490566037614,0.004374382188048253,1.5240425092532146,1.5154644088259073,6,False,True,descending,0,0.005698256446364163,90.78297029703003,0.38018960444589733,0.3544295521412264,0.40241909120627656,2,2,2,0,0,0,0,1762137000000,bearish,2,1762182900000,4,bearish,2,0.0,0.0006654824131050759,True,"[{'timeframe': '4h', 'zone_kind': 'support', 'distance_to_entry_r': 0.40241909120627656, 'distance_to_target_r': 1.5975809087937234}, {'timeframe': '1h', 'zone_kind': 'support', 'distance_to_entry_r': 0.3544295521412264, 'distance_to_target_r': 1.6455704478587736}, {'timeframe': '15m', 'zone_kind': 'support', 'distance_to_entry_r': 0.38018960444589733, 'distance_to_target_r': 1.6198103955541026}]",4h favorable zone; 4h opposite zone before target; 1h favorable zone; 1h opposite zone before target; 15m favorable zone; 15m opposite zone before target,nested child acceptable with parent,2,2,58,0.8620689655172413,-0.27598868210156635,0.9154634459487716,20.0,0.40303835928598447,225275461.74145508,-0.27598868210156635,1.2759886821015662,True,1.0,ascending,,,,,,,,,,,,,1.0175438596491229,0.5905051272312962,1h_only,1.8181537260044691,-0.30522191299252244,-0.00859248153264236,-0.007843534275922548,-0.010234459250833106,-0.004896272362395315,-0.01593553457633412,-0.00255901151131821,1.7956893582511566,0,bearish,0,0,0,0,-0.5022444999934517,13.821007244336423,8.0,14.0,15.0,0.0,10.0,60.82100724433642,2,short,BTC,2,2,57,18.667258793447463,43200000,1554.800000000003,descending,43200000,-1.1689814814814815e-05,1,winner,True,0.3544295521412264,1.5975809087937234,"['15m', '1h', '4h']",['support']
True,bearish,0.011949685044273534,True,bearish,0.016804450306190596,0,0,0,True,bearish,0.019299529179945714,1,{},{},{},{},{},[],0,0.7972508591065293,2.2738410271488836,0.8136597938144254,0.005498297966505433,1.4307066549054093,2.8521023228462288,0,True,True,symmetrical,0,0.009661024538778358,44.72653534183155,,,,5,5,5,0,0,0,0,1762234200000,bearish,5,1762274700000,10,bearish,2,1.0333333333333182e-05,0.0,False,[],4h favorable zone; 1h favorable zone; 15m favorable zone,nested child aligned with parent,5,5,40,0.9795918367346939,-0.048429681081487264,0.9937382615857506,12.51441379000394,0.5723630831643012,66250270.22241211,-0.048429681081487264,1.0484296810814873,True,1.0,symmetrical,,,,,,,,,,,,,0.8333333333333334,0.3460277214333995,1h_only,1.840402488882362,0.3576659959758497,-0.022727649556093965,-0.011180115233637267,-0.02907482695044583,-0.012970589500886698,-0.043187739941052294,-0.025186814177109773,1.814405116507196,0,bearish,0,0,0,0,-0.5913412735610105,14.301224226804097,20.0,20.0,15.0,0.0,10.0,79.3012242268041,5,short,BTC,2,2,48,20.0,38700000,2047.0999999999913,symmetrical,38700000,-1.4196382428940418e-05,0,winner,False,,,[],[]
True,bearish,0.003331137310258286,True,bearish,0.032584806860718095,0,0,0,True,bearish,0.03725798581681776,1,{},{},{},{},{},[],0,0.6200660754651307,1.2730258460659418,0.9756564075812898,0.0043752995864855745,1.6064543766957033,2.053048693417078,10,False,True,descending,0,0.015406836783822713,12.968750000000341,0.7919000430848772,,,2,2,2,0,0,0,0,1762433100000,bearish,5,1762434900000,10,bearish,2,0.0,0.00031988106963434386,True,"[{'timeframe': '15m', 'zone_kind': 'support', 'distance_to_entry_r': 0.7919000430848772, 'distance_to_target_r': 1.2080999569151227}]",4h favorable zone; 1h favorable zone; 15m favorable zone; 15m opposite zone before target,nested child acceptable with parent,5,2,38,0.96875,-0.04479985286397254,0.9811301629816885,17.64087248750007,0.6767757809157025,24499517.900878906,-0.04479985286397254,1.0447998528639726,True,1.0,ascending,,,,,,,,,,,,,1.2258064516129032,0.24249393809727401,1h_only,-1.1459559773836623,0.01741099865523177,-0.010606790666356614,-0.007335161290803471,-0.03503234760075047,-0.003705578582380742,-0.06842105022762812,-0.0349244801657409,-1.1277221537830244,0,bearish,0,0,0,0,-1.1217282924802523,13.942057360948885,18.0,14.0,15.0,0.0,10.0,70.9420573609489,2,short,BTC,2,2,31,18.84005946518283,18900000,1360.0999999999913,descending,18900000,-3.437037037036991e-05,1,loser,True,0.7919000430848772,1.2080999569151227,['15m'],['support']
True,bearish,0.0037469727412634186,True,bearish,0.032745126858843385,0,0,0,True,bearish,0.03725798581681776,1,{},{},{},{},{},[],0,0.4373278236914615,0.9809474768280124,0.9057621671257965,0.005149520277941499,1.3604531410916432,2.2430484037075105,6,False,True,descending,1,0.009776693563520332,46.94145873320565,0.40082562088021995,,,2,2,2,0,0,0,0,1762441200000,bearish,2,1762547400000,4,bearish,2,0.0,0.000753102722404427,True,"[{'timeframe': '15m', 'zone_kind': 'support', 'distance_to_entry_r': 0.40082562088021995, 'distance_to_target_r': 1.59917437911978}]",4h favorable zone; 1h favorable zone; 15m favorable zone; 15m opposite zone before target,nested child acceptable with parent,2,2,41,0.9024390243902439,-0.2249738402511336,0.9491215211389902,17.64087248750007,0.6767757809157025,13699517.900878906,-0.2249738402511336,1.2249738402511336,True,1.0,ascending,,,,,,,,,,,,,1.025,0.2850342319212659,1h_only,-1.1160823933677766,-0.7557826025258805,-0.013136222900264172,-0.009473501885569502,-0.04417841330279737,-0.013296060943597032,-0.06842105022762812,-0.0349244801657409,-1.0995639044417016,0,bearish,0,0,0,0,-0.6121617293289351,13.520575068870505,18.0,14.0,15.0,0.0,10.0,70.5205750688705,2,short,BTC,2,2,40,14.563250707766702,30600000,1598.699999999997,descending,30600000,-2.043137254901951e-05,2,loser,True,0.40082562088021995,1.59917437911978,['15m'],['support']
False,bearish,0.001567764276317421,False,bearish,0.024847015530809903,0,0,0,False,bearish,0.047353788976891006,1,{},{},{},{},{},[],0,0.46246851385391896,0.46239862993000785,1.0,0.003868663628380694,1.9860978189694736,0.9998488893366411,10,True,True,ascending,0,0.0028246799487293855,178.2436974789274,0.5661181484550714,0.012548833905518296,8.126198650408453,1,0,0,1,1,0,0,1762640100000,neutral,5,1762658100000,0,bearish,0,2.6444444444453067e-06,0.0005627566313290484,True,"[{'timeframe': '1h', 'zone_kind': 'resistance', 'distance_to_entry_r': 0.012548833905518296, 'distance_to_target_r': 1.9874511660944818}, {'timeframe': '15m', 'zone_kind': 'resistance', 'distance_to_entry_r': 0.5661181484550714, 'distance_to_target_r': 1.4338818515449288}]",1h favorable zone; 1h opposite zone before target; 15m favorable zone; 15m opposite zone before target,nested child aligned with parent,5,0,,,,,,,,,,,,,23,1.0,0.6394448336614132,1.0,20.0,0.1315967764940817,1624053109.3347168,0.6394448336614132,0.36055516633858675,True,1.0,symmetrical,0.8846153846153846,0.08666737983169405,4h_only,-1.1866673514573092,0.3747697597315006,0.0011028698495827438,0.002676564015184235,-0.024085371286463597,0.00016725022811048262,-0.06997862160783663,-0.027133547942256753,-1.1703910952608465,10,bearish,2,0,0,0,1.9294705577295161,12.327806525694651,8.0,20.0,0.0,0.0,10.0,50.327806525694655,1,long,BTC,2,2,26,17.718621684335474,13500000,486.1000000000058,ascending,13500000,0.0,2,loser,True,0.012548833905518296,1.4338818515449288,"['15m', '1h']",['resistance']
False,bearish,0.0010886359080754763,False,bearish,0.022409227071108942,0,0,0,False,bearish,0.04833799732365893,1,{},{},{},{},{},[],0,0.8113787801127534,0.7498282926367278,0.9410558687852401,0.004919146066053584,2.376136680188928,0.9241408710892437,9,True,True,descending,0,0.00743186244389112,47.75168161435249,0.30911583276216215,1.5591892685792517,6.561930872417485,6,0,6,0,6,6,0,1762695000000,neutral,7,1762713900000,14,bearish,2,0.0,0.0006680843941675567,True,"[{'timeframe': '1h', 'zone_kind': 'resistance', 'distance_to_entry_r': 1.5591892685792517, 'distance_to_target_r': 0.4408107314207484}, {'timeframe': '15m', 'zone_kind': 'resistance', 'distance_to_entry_r': 0.30911583276216215, 'distance_to_target_r': 1.6908841672378379}]",1h favorable zone; 1h opposite zone before target; 15m favorable zone; 15m opposite zone before target,nested child aligned with parent,7,0,48,0.9821428571428571,0.952480608048313,0.9950391740499368,17.98787346202748,0.7651466934937494,7094225.609130859,0.952480608048313,0.04751939195168697,True,1.0,symmetrical,27,1.0,0.6723868937645823,1.0,20.0,0.1315967764940817,1566453109.3347168,0.6723868937645823,0.32761310623541773,True,1.0,symmetrical,0.8727272727272727,0.1792144866240981,both,1.7332236173376259,-0.05975901263475536,0.003915110768905272,0.005013488038389635,-0.022134301919025212,-0.00022604072455711943,-0.06502918355512577,-0.02077341318093251,1.711453899515025,14,bearish,2,0,0,0,2.2365915787248927,14.65767860702512,8.0,20.0,0.0,0.0,10.0,52.65767860702512,6,long,BTC,2,2,55,18.66595780291622,37800000,872.8999999999942,descending,37800000,-9.439153439153131e-06,1,winner,True,0.30911583276216215,0.4408107314207484,"['15m', '1h']",['resistance']
False,bullish,0.015274950247559205,True,bearish,0.0029508708596750277,0,0,0,True,bearish,0.04238559803577639,1,{},{},{},{},{},[],0,0.7284843869002197,2.8518187239117623,0.7802741812642793,0.009248528741397205,3.6476135195829085,3.914728682170611,5,False,True,ascending,0,0.005480923755201873,117.14111427409148,0.3723985583071776,1.9358214161144085,1.9358214161144085,6,6,6,0,0,0,0,1762786800000,bullish,6,1762823700000,6,neutral,1,5.813238770685785e-06,0.0,True,"[{'timeframe': '4h', 'zone_kind': 'support', 'distance_to_entry_r': 1.9358214161144085, 'distance_to_target_r': 0.06417858388559142}, {'timeframe': '1h', 'zone_kind': 'support', 'distance_to_entry_r': 1.9358214161144085, 'distance_to_target_r': 0.06417858388559142}, {'timeframe': '15m', 'zone_kind': 'support', 'distance_to_entry_r': 0.3723985583071776, 'distance_to_target_r': 1.6276014416928224}]",4h favorable zone; 4h opposite zone before target; 1h favorable zone; 1h opposite zone before target; 15m favorable zone; 15m opposite zone before target,nested child acceptable with parent,6,6,28,0.9615384615384616,-0.6969140512253087,0.9753881959484952,20.0,0.8299289690919573,-4632425.8056640625,-0.6969140512253087,1.6969140512253087,True,1.0,ascending,,,,,,,,,,,,,0.5490196078431373,0.16888078325974498,1h_only,-1.1054468831073194,-0.43650397275823893,0.005804583598844948,-0.009414392276255068,0.0027766357600822467,0.005752722790252296,-0.026925221665763832,0.014935124338767203,-1.0896972299461447,0,bearish,0,0,0,0,-1.5969519180698022,14.176028179741047,8.0,14.0,15.0,0.0,10.0,61.176028179741046,6,short,BTC,2,2,51,20.0,42300000,879.7000000000116,ascending,42300000,0.0,0,loser,True,0.3723985583071776,0.06417858388559142,"['15m', '1h', '4h']",['support']
True,bullish,0.009958052535234383,True,bullish,0.0006532719676752275,0,0,0,False,bearish,0.040391610382137205,1,{},{},{},{},{},[],0,0.4159885112493989,1.5340708485347585,0.4159885112493989,0.005346833581675982,1.6702799130342907,3.6877721548781723,7,True,True,symmetrical,0,0.010155327256925034,35.34518323458474,0.32884990253411683,0.32897985705003435,1.5843404808317108,4,4,4,0,0,0,0,1762824600000,bullish,4,1762838100000,8,bullish,2,1.716374269005848e-05,0.0,True,"[{'timeframe': '4h', 'zone_kind': 'resistance', 'distance_to_entry_r': 1.5843404808317108, 'distance_to_target_r': 0.4156595191682892}, {'timeframe': '1h', 'zone_kind': 'resistance', 'distance_to_entry_r': 0.32897985705003435, 'distance_to_target_r': 1.6710201429499656}, {'timeframe': '15m', 'zone_kind': 'resistance', 'distance_to_entry_r': 0.32884990253411683, 'distance_to_target_r': 1.671150097465883}]",4h favorable zone; 4h opposite zone before target; 1h favorable zone; 1h opposite zone before target; 15m favorable zone; 15m opposite zone before target,nested child aligned with parent,4,4,45,0.9361702127659575,1.2681814885009666,0.9492469908392844,14.991995661257722,0.6955087588520297,46618750.837402344,1.2681814885009666,-0.26818148850096657,True,1.0,symmetrical,,,,,,,,,,,,,0.9782608695652174,0.36358553857622067,1h_only,-1.1142542483694096,-0.0568247148173886,0.019056398248392892,0.008819086619819672,0.013709462652041982,0.013038600150945268,-0.02757205968228771,0.012184450820100334,-1.0995773202354888,0,bearish,0,0,0,0,1.669667469640137,11.55588798468164,8.0,20.0,15.0,0.0,10.0,64.55588798468165,4,long,BTC,2,2,46,20.0,34200000,1951.0,symmetrical,34200000,-9.485380116958895e-06,0,loser,True,0.32884990253411683,0.4156595191682892,"['15m', '1h', '4h']",['resistance']
False,bullish,0.0092334262369813,False,bullish,0.0021195027971461855,0,0,0,True,bearish,0.03935285877921473,1,{},{},{},{},{},[],0,0.6837223219629024,0.48137692761439405,0.7280071813285608,0.00463214482157339,1.0321309406202503,0.7040532569309808,4,True,True,symmetrical,0,0.007659735977511866,44.999690306595994,0.5883644346871569,2.064434687156967,2.064434687156967,2,2,2,0,0,0,0,1762839900000,bullish,4,1762963200000,6,bullish,2,2.169739952718683e-05,0.0011177439239530818,True,"[{'timeframe': '15m', 'zone_kind': 'support', 'distance_to_entry_r': 0.5883644346871569, 'distance_to_target_r': 1.411635565312843}]",4h favorable zone; 1h favorable zone; 15m favorable zone; 15m opposite zone before target,nested child aligned with parent,3,2,49,0.8166666666666667,0.45481061573573844,0.8485492778724111,14.991995661257722,0.6955087588520297,32218750.837402344,0.45481061573573844,0.5451893842642616,True,1.0,symmetrical,,,,,,,,,,,,,0.8305084745762712,0.5326127469250839,1h_only,1.85589703370219,0.44091177823030503,0.003034503013115586,-0.006169800812124038,0.009399325166900008,0.007244401622054086,-0.023297442314274552,0.015743721793959775,1.8334672449860419,0,bearish,0,0,0,0,-0.39618317458569996,13.428244162342267,18.0,20.0,0.0,0.0,10.0,61.42824416234227,2,short,BTC,2,2,59,18.44112803802346,42300000,2858.0,symmetrical,42300000,-8.836879432624183e-06,1,winner,True,0.5883644346871569,1.411635565312843,['15m'],['support']
False,bearish,0.006201457181462137,False,bearish,0.009056661250794124,0,0,0,False,bearish,0.040292298126615285,1,{},{},{},{},{},[],0,0.31382175226587955,0.1722333336787788,0.601208459214484,0.016838439931926588,3.549902163703601,0.548825352083489,1,True,True,descending,0,0.00819478657395896,21.216447066033652,0.15404978124195776,0.23522923636898574,2.1137174160814802,2,2,2,0,0,0,0,1763020800000,neutral,2,1763050500000,4,bearish,2,0.0,0.0,True,"[{'timeframe': '1h', 'zone_kind': 'resistance', 'distance_to_entry_r': 0.23522923636898574, 'distance_to_target_r': 1.7647707636310144}, {'timeframe': '15m', 'zone_kind': 'resistance', 'distance_to_entry_r': 0.15404978124195776, 'distance_to_target_r': 1.8459502187580423}]",4h favorable zone; 1h favorable zone; 1h opposite zone before target; 15m favorable zone; 15m opposite zone before target,nested child aligned with parent,2,2,44,0.9726027397260274,0.5606620427389195,0.9975394612630988,20.0,0.029243457039468165,4762178417.266113,0.5606620427389195,0.4393379572610805,True,1.0,ascending,,,,,,,,,,,,,0.6111111111111112,0.9309307413952699,1h_only,-1.0698600644468348,0.1934475334643777,0.0023757066313765396,0.008645639594390131,-0.006586278417147096,0.002432619446395501,-0.044431656399349984,-0.006167056087031164,-1.0549957715003324,0,bearish,0,0,0,0,2.7006565941951663,8.637462235649593,14.0,20.0,0.0,0.0,10.0,52.63746223564959,2,long,BTC,2,2,72,20.0,49500000,4424.899999999994,descending,49500000,-5.274343434343411e-05,0,loser,True,0.15404978124195776,1.7647707636310144,"['15m', '1h']",['resistance']
True,bearish,0.011773732680463625,True,bearish,0.04053615920538038,0,0,0,True,bearish,0.060099037984233356,1,{},{},{},{},{},[],0,0.8362884160756645,1.0789584048190988,0.8362884160756645,0.003755957254207138,1.3713646654285117,1.2901749971405538,4,True,True,ascending,0,0.0046643063630750405,98.41991643454844,0.6446208966785993,,,1,1,1,0,0,0,0,1763239500000,bearish,5,1763286300000,10,bearish,2,7.597883597883136e-06,0.0,True,"[{'timeframe': '15m', 'zone_kind': 'support', 'distance_to_entry_r': 0.6446208966785993, 'distance_to_target_r': 1.3553791033214007}]",4h favorable zone; 1h favorable zone; 15m favorable zone; 15m opposite zone before target,nested child aligned with parent,5,1,27,0.9714285714285714,0.024195203715448973,0.9822021095672302,17.34038470524265,0.7354350493776666,6891359.103759766,0.024195203715448973,0.9758047962845511,True,1.0,symmetrical,,,,,,,,,,,,,0.7941176470588235,0.26456495062233343,1h_only,-1.1481727819627017,0.4293541722806191,-0.01730866938556186,-0.005805898275418331,-0.05005495190207421,-0.012010310716523365,-0.10086834536881428,-0.049506582502122476,-1.1334161864949523,0,bearish,0,0,0,0,-0.5344616538480597,12.520017441594545,18.0,20.0,15.0,0.0,10.0,75.52001744159455,1,short,BTC,2,2,34,20.0,18900000,905.5,ascending,18900000,0.0,0,loser,True,0.6446208966785993,1.3553791033214007,['15m'],['support']
False,bearish,0.006980267769835678,False,bearish,0.03915681205088254,0,0,0,False,bearish,0.0627496378454518,1,{},{},{},{},{},[],0,0.923924560288208,2.24916172298167,0.9944903581267094,0.006785038313058125,3.358266701057494,2.434356461181278,11,True,True,ascending,0,0.023525555626044234,0.49033707865146425,0.7249283667621855,6.313643376680666,13.86665197266926,4,4,4,0,0,0,0,1763287200000,neutral,5,1763291700000,25,bearish,5,3.8034188034188035e-05,0.0008724371107201978,True,"[{'timeframe': '15m', 'zone_kind': 'resistance', 'distance_to_entry_r': 0.7249283667621855, 'distance_to_target_r': 1.2750716332378145}]",1h favorable zone; 15m favorable zone; 15m opposite zone before target,nested child aligned with parent,5,4,67,0.9705882352941176,0.9740409195098642,0.991610609690194,15.49741080515434,0.8274286917166608,11898857.709716797,0.9740409195098642,0.02595908049013589,True,1.0,symmetrical,,,,,,,,,,,,,2.0303030303030303,0.12066098305441471,1h_only,-1.1643394128889322,-0.18127602115448305,0.0007425978938948585,0.0077824128619341515,-0.037225268550931445,0.0004924870169942253,-0.09722856333403285,-0.04301682469135559,-1.1506792384281845,0,bearish,0,0,0,0,39.785517873536925,14.979338842975158,12.0,20.0,0.0,0.0,10.0,56.97933884297516,4,long,BTC,2,2,33,17.5637814446399,23400000,1146.3999999999942,ascending,23400000,0.0,2,loser,True,0.7249283667621855,1.2750716332378145,['15m'],['resistance']
True,bearish,0.008468386889584982,True,bearish,0.043058668654931666,0,0,0,True,bearish,0.08446977395431053,1,{},{},{},{},{},[],0,0.7900862068965643,1.3112760439953641,0.8280172413793041,0.004905551288364795,1.6061191781481408,1.6596619869444607,7,True,True,ascending,0,0.01746196202605327,9.792666666666605,,,,2,2,2,0,0,0,0,1763562600000,bearish,5,1763564400000,10,bearish,2,5.128205128205128e-05,0.0,False,[],4h favorable zone; 1h favorable zone; 15m favorable zone,nested child aligned with parent,5,2,53,1.0,0.2925553356851536,1.0,15.629589874323555,0.4499074353123516,165674066.9855957,0.2925553356851536,0.7074446643148464,True,1.0,symmetrical,,,,,,,,,,,,,1.5588235294117647,0.2900647235257811,1h_only,-1.157560461991793,-0.3159922130638233,-0.013805824194901395,-0.005500285859334486,-0.05131912994954335,-0.01091610601445625,-0.12227957098359699,-0.05199357219043321,-1.145297689296982,0,bearish,0,0,0,0,-0.993498536319693,14.213391587719606,20.0,20.0,15.0,0.0,10.0,79.2133915877196,2,short,BTC,2,2,34,20.0,23400000,2021.199999999997,ascending,23400000,0.0,0,loser,False,,,[],[]
False,bearish,0.00793994043094917,False,bearish,0.04271003933545524,0,0,0,False,bearish,0.08446977395431053,1,{},{},{},{},{},[],0,0.49410304158907054,0.9907891461289298,0.5260707635009358,0.0036988543371522095,1.0548917102315116,2.0052277819267847,8,True,True,ascending,0,0.008666066655757691,62.54445318646424,2.1131227217497033,4.849453219927103,23.362089914945322,1,1,1,0,0,0,0,1763565300000,bearish,5,1763566200000,10,bearish,2,7.845679012346038e-06,0.00032624113475170953,False,[],15m favorable zone,nested child aligned with parent,5,1,54,1.0,0.5228954682330896,1.0,15.629589874323555,0.4499074353123516,162074066.9855957,0.5228954682330896,0.47710453176691037,True,1.0,symmetrical,,,,,,,,,,,,,2.25,0.08769965987859034,1h_only,-1.1688951838516715,-0.6343142880563899,-0.0038525346282539674,0.0040891595072665154,-0.047658712957842186,-0.007280302018229157,-0.12227957098359699,-0.05199357219043321,-1.1578384049035968,0,bearish,0,0,0,0,1.7676051022718728,10.4856651183912,10.0,20.0,0.0,0.0,10.0,50.485665118391196,1,long,BTC,2,2,24,18.836879432624144,16200000,611.1000000000058,ascending,16200000,0.0,1,loser,False,,,[],[]
True,bearish,0.008332505505835893,True,bearish,0.04271003933545524,0,0,0,True,bearish,0.08446977395431053,1,{},{},{},{},{},[],0,0.7801366875090916,1.36238398151322,0.7988948669477919,0.005475025065983226,1.267410708617402,1.7463401008138628,2,True,True,ascending,0,0.013198556835999886,27.052287581699602,,,,3,3,3,0,0,0,0,1763567100000,bearish,3,1763598600000,6,bearish,2,3.399999999999981e-05,0.0,False,[],4h favorable zone; 1h favorable zone; 15m favorable zone,nested child aligned with parent,3,3,54,1.0,0.1824913479389285,1.0,15.629589874323555,0.4499074353123516,162074066.9855957,0.1824913479389285,0.8175086520610715,True,1.0,symmetrical,,,,,,,,,,,,,1.3846153846153846,0.2900647235257811,1h_only,-1.1093103966326208,-1.0095147115016951,-0.017942129985146105,-0.009839645218693516,-0.047658712957842186,-0.007280302018229157,-0.12227957098359699,-0.05199357219043321,-1.1000909679230808,0,bearish,0,0,0,0,-0.6029234114520289,14.24585575105422,20.0,20.0,15.0,0.0,10.0,79.24585575105422,3,short,BTC,2,2,39,20.0,30600000,2021.199999999997,ascending,30600000,0.0,0,loser,False,,,[],[]
True,bearish,0.01138376037754923,True,bearish,0.041316758260497785,0,0,0,True,bearish,0.09070122040455904,1,{},{},{},{},{},[],0,0.707926829268306,0.5887685178728871,0.09740853658535698,0.04714078843423873,5.4684938121482585,0.8316799046610824,0,True,True,ascending,0,0.0015801466217555797,323.89028213164283,,,,2,2,2,0,0,0,0,1763661600000,bearish,2,1764337500000,2,bearish,1,3.0821256038648748e-06,0.0,False,[],4h favorable zone; 1h favorable zone; 15m favorable zone,nested child aligned with parent,2,2,21,0.6097560975609756,-1.9905259229767653,0.6749810661175982,18.14202737500466,0.7579160851360772,1547725.5070800781,-1.9905259229767653,2.9905259229767656,True,1.0,symmetrical,,,,,,,,,,,,,0.525,0.22012386601535086,1h_only,-1.0328650535602995,-0.3481788005537205,-0.046272137339961494,-0.03580385063083291,-0.08224593058171126,-0.04607438478075032,-0.12961988511547073,-0.05501877857011106,-1.0254090018329678,0,bearish,0,0,0,0,-4.800921400296222,8.615282012195088,20.0,20.0,15.0,0.0,10.0,73.61528201219508,2,short,BTC,2,2,40,20.0,20700000,1009.3999999999942,ascending,20700000,0.0,0,loser,False,,,[],[]
True,bullish,0.009279998124113517,True,bullish,0.011500161978713702,0,0,0,False,bearish,0.08645360020379586,1,{},{},{},{},{},[],0,0.6017739367750646,1.9932954160231906,0.6018876506709093,0.005162484350334735,1.7861313043805676,3.3123658141549903,1,True,True,ascending,0,0.007066480706648001,65.0657894736853,0.05197458011801857,0.014374338023906762,14.288697231048541,2,2,2,0,0,0,0,1764338400000,bullish,2,1764347400000,6,bullish,3,1.2546031746031654e-05,0.0,True,"[{'timeframe': '1h', 'zone_kind': 'resistance', 'distance_to_entry_r': 0.014374338023906762, 'distance_to_target_r': 1.9856256619760932}, {'timeframe': '15m', 'zone_kind': 'resistance', 'distance_to_entry_r': 0.05197458011801857, 'distance_to_target_r': 1.9480254198819815}]",4h favorable zone; 1h favorable zone; 1h opposite zone before target; 15m favorable zone; 15m opposite zone before target,nested child aligned with parent,2,2,28,0.9347826086956522,1.3463784814055784,0.9740559971290356,20.0,0.27180700716492684,186983216.44506836,1.3463784814055784,-0.3463784814055784,True,1.0,ascending,,,,,,,,,,,,,0.6222222222222222,0.8169328863472112,1h_only,-1.107138753668945,0.21122490230426716,0.01962742919117444,0.010070004759801687,0.031167146114685185,0.019082268128357782,-0.0612127878930554,0.021710830754060773,-1.100274766211057,0,bearish,0,0,0,0,1.6454460605117756,13.367722310666297,14.0,20.0,15.0,0.0,10.0,72.3677223106663,2,long,BTC,2,2,45,20.0,31500000,1242.800000000003,ascending,31500000,0.0,0,loser,True,0.014374338023906762,1.9480254198819815,"['15m', '1h']",['resistance']
False,bearish,0.0002059381423900328,True,bullish,0.009780026116326477,0,0,0,False,bearish,0.07794586907971814,1,{},{},{},{},{},[],0,0.9995037220843384,1.5352950144838589,1.0,0.003732433579773187,2.5804238450983177,1.5360573258118495,11,False,True,ascending,0,0.019501556447369492,8.734395318595034,0.10586176727907806,1.6841644794400807,4.4838145231846305,2,2,2,0,0,0,0,1764432000000,neutral,8,1764436500000,8,bullish,1,1.0356902356902553e-05,0.0,True,"[{'timeframe': '1h', 'zone_kind': 'resistance', 'distance_to_entry_r': 1.6841644794400807, 'distance_to_target_r': 0.3158355205599193}, {'timeframe': '15m', 'zone_kind': 'resistance', 'distance_to_entry_r': 0.10586176727907806, 'distance_to_target_r': 1.894138232720922}]",4h favorable zone; 1h favorable zone; 1h opposite zone before target; 15m favorable zone; 15m opposite zone before target,nested child acceptable with parent,8,2,25,1.0,0.7648922846744172,1.0,20.0,0.6396581196581197,-3551897.3811035156,0.7648922846744172,0.2351077153255828,True,1.0,descending,,,,,,,,,,,,,0.6756756756756757,0.14574358974359075,1h_only,-1.2772262580276825,-0.11922455573504798,0.003502230751554203,0.0037096567722276763,0.013246806721464166,0.0033044804750512746,-0.06070576133970096,0.01349647690141409,-1.2707058955869592,0,bearish,0,0,0,0,5.157702758030572,13.098650369659753,14.0,14.0,15.0,0.0,10.0,66.09865036965975,2,long,BTC,2,2,37,20.0,29700000,426.3000000000029,ascending,29700000,0.0,0,loser,True,0.10586176727907806,0.3158355205599193,"['15m', '1h']",['resistance']
True,bullish,0.0010852788265891121,True,bullish,0.008607834589160441,0,0,0,False,bearish,0.07380656869659287,1,{},{},{},{},{},[],0,0.6188803966122447,2.1630988050972326,0.75666184672588,0.005909473484274598,3.8781411175326506,3.4951806793979086,11,True,True,descending,0,0.004987560715554856,89.11876484561037,0.45632754342432125,0.45632754342432125,2.0444168734491353,7,7,7,0,0,0,0,1764494100000,bullish,8,1764544500000,48,bullish,6,0.0,0.0006364268143360191,True,"[{'timeframe': '1h', 'zone_kind': 'resistance', 'distance_to_entry_r': 0.45632754342432125, 'distance_to_target_r': 1.5436724565756788}, {'timeframe': '15m', 'zone_kind': 'resistance', 'distance_to_entry_r': 0.45632754342432125, 'distance_to_target_r': 1.5436724565756788}]",4h favorable zone; 1h favorable zone; 1h opposite zone before target; 15m favorable zone; 15m opposite zone before target,nested child aligned with parent,8,7,35,0.9361702127659575,1.2753855644663752,0.9707199412598579,18.469282066399444,0.15766052129688754,555416129.0322266,1.2753855644663752,-0.2753855644663752,True,1.0,ascending,,,,,,,,,,,,,0.7608695652173914,0.3888535706717513,1h_only,-1.1645507744599923,-0.36882161792372603,0.007361780346377689,0.0062616662535379675,0.012664272325269899,0.003913314016951608,-0.05946682930070479,0.010692976767511242,-1.1600797513396788,0,bearish,0,0,0,0,3.219062341746704,14.050764304895518,14.0,20.0,15.0,0.0,10.0,73.05076430489552,7,long,BTC,2,2,46,18.68178659283199,27900000,367.0,descending,27900000,-3.0179211469533006e-06,1,loser,True,0.45632754342432125,1.5436724565756788,"['15m', '1h']",['resistance']
False,bullish,0.0024402787954800223,False,bullish,0.009413189171072102,0,0,0,True,bearish,0.07002759841146576,1,{},{},{},{},{},[],0,0.9527415934565115,1.6235190873189922,0.9527415934565115,0.00518728571569722,2.4391502981183586,1.7040497638283267,11,True,True,descending,0,0.018740399385560762,8.02459016393425,0.06253652834600128,0.004967855055535886,0.6729982466394064,3,3,3,0,0,0,0,1764545400000,neutral,4,1764547200000,8,bullish,2,0.0,0.0008873145888430903,True,"[{'timeframe': '4h', 'zone_kind': 'support', 'distance_to_entry_r': 0.6729982466394064, 'distance_to_target_r': 1.3270017533605936}, {'timeframe': '1h', 'zone_kind': 'support', 'distance_to_entry_r': 0.004967855055535886, 'distance_to_target_r': 1.9950321449444641}, {'timeframe': '15m', 'zone_kind': 'support', 'distance_to_entry_r': 0.06253652834600128, 'distance_to_target_r': 1.9374634716539987}]",4h favorable zone; 4h opposite zone before target; 1h favorable zone; 1h opposite zone before target; 15m favorable zone; 15m opposite zone before target,nested child aligned with parent,4,3,56,1.0,0.13368023360648942,1.0,18.93994214434136,0.49104542563519143,139370972.7998047,0.13368023360648942,0.8663197663935106,True,1.0,symmetrical,,,,,,,,,,,,,1.4,0.2832993003715688,1h_only,1.6337164109676574,-0.4974537484690327,-0.0043005947796395105,-0.006714065195708274,0.011153785426499585,0.0016201823727586273,-0.05274605738871185,0.014553234363016143,1.6293342927128012,0,bearish,0,0,0,0,-3.3413215997485355,14.822780975461917,8.0,20.0,0.0,0.0,10.0,52.82278097546192,3,short,BTC,2,2,40,17.556342705578455,32400000,846.2999999999884,descending,32400000,-1.958024691358007e-05,2,winner,True,0.004967855055535886,1.3270017533605936,"['15m', '1h', '4h']",['support']
False,bullish,0.001173855869826733,False,bullish,0.009177997855813094,0,0,0,True,bearish,0.07010926230176046,1,{},{},{},{},{},[],0,0.9013021324778295,6.4801791004273825,0.9493615147512108,0.02242035582664208,9.220053820582965,7.189796702923904,7,True,True,descending,0,0.012842911194832059,17.740542244640665,0.3718442979728885,0.8442565186751186,1.0889192886456907,4,4,4,0,0,0,0,1764548100000,neutral,4,1764603000000,8,bullish,2,0.0,3.525643690643596e-05,True,"[{'timeframe': '4h', 'zone_kind': 'support', 'distance_to_entry_r': 1.0889192886456907, 'distance_to_target_r': 0.9110807113543092}, {'timeframe': '1h', 'zone_kind': 'support', 'distance_to_entry_r': 0.8442565186751186, 'distance_to_target_r': 1.1557434813248812}, {'timeframe': '15m', 'zone_kind': 'support', 'distance_to_entry_r': 0.3718442979728885, 'distance_to_target_r': 1.6281557020271116}]",4h favorable zone; 4h opposite zone before target; 1h favorable zone; 1h opposite zone before target; 15m favorable zone; 15m opposite zone before target,nested child aligned with parent,4,4,57,0.96,-0.969287696373371,0.9744236154391239,18.93994214434136,0.49104542563519143,135770972.7998047,-0.969287696373371,1.969287696373371,True,1.0,symmetrical,,,,,,,,,,,,,1.163265306122449,0.33746192213704357,1h_only,1.9017249089415897,-0.14352884149296607,-0.022945887599299497,-0.02406520741962015,0.0016193562660462568,-0.007504516070220513,-0.06357217871766008,0.0022262429185473387,1.8935387038288385,0,bearish,0,0,0,0,-7.607662644607752,14.810105680317042,8.0,20.0,0.0,0.0,10.0,52.810105680317044,4,short,BTC,2,2,49,18.98237178154678,37800000,1008.0999999999913,descending,37800000,-1.678306878306863e-05,1,winner,True,0.3718442979728885,0.9110807113543092,"['15m', '1h', '4h']",['support']
True,bullish,0.018367883875752458,True,bullish,0.013770732721085914,0,0,0,False,bearish,0.05862796346554036,1,{},{},{},{},{},[],0,0.31920731707316186,0.5660836419669517,0.31920731707316186,0.004447031005775186,1.1219269552052924,1.7734043415966123,5,True,True,symmetrical,0,0.00752195857410861,34.71522597630553,,1.5752231044902154,12.281357599606572,2,2,2,0,0,0,0,1764802800000,bullish,4,1764859500000,4,bullish,1,1.5064444444444638e-05,0.0026976242755990735,True,"[{'timeframe': '1h', 'zone_kind': 'resistance', 'distance_to_entry_r': 1.5752231044902154, 'distance_to_target_r': 0.4247768955097847}]",4h favorable zone; 1h favorable zone; 1h opposite zone before target; 15m favorable zone,nested child aligned with parent,4,2,38,0.9850746268656716,0.932409192999105,0.9942596468875136,18.841454744493223,0.6984510687494248,14227868.482421875,0.932409192999105,0.067590807000895,True,1.0,ascending,,,,,,,,,,,,,0.5757575757575758,0.30154893125057525,1h_only,-1.1014934785361343,0.09216566094176648,0.027948379519495692,0.008899116726959866,0.04224379408220047,0.027496688226030574,-0.024345085103135933,0.03484895908709462,-1.0946791491625276,0,bearish,0,0,0,0,1.5245614035087542,9.7828178501262,16.0,20.0,15.0,0.0,10.0,70.78281785012621,2,long,BTC,2,2,66,14.651187862200462,45000000,2295.300000000003,symmetrical,45000000,-1.0257777777777584e-05,4,loser,True,1.5752231044902154,0.4247768955097847,['1h'],['resistance']
False,bullish,0.009478689995752514,False,bullish,0.018347389056816158,0,0,0,True,bearish,0.0524058573441805,1,{},{},{},{},{},[],0,0.8011221200907344,2.5032638293110794,0.8837292586844998,0.00946332100456135,3.2735275467194143,3.124696930135398,10,False,True,descending,0,0.013584036838066003,11.837288135593212,0.06900277863537649,0.17134918184624806,1.3155294844087577,4,4,4,0,0,0,0,1764860400000,neutral,4,1764862200000,20,bullish,5,0.0,0.0,True,"[{'timeframe': '4h', 'zone_kind': 'support', 'distance_to_entry_r': 1.3155294844087577, 'distance_to_target_r': 0.6844705155912423}, {'timeframe': '1h', 'zone_kind': 'support', 'distance_to_entry_r': 0.17134918184624806, 'distance_to_target_r': 1.828650818153752}, {'timeframe': '15m', 'zone_kind': 'support', 'distance_to_entry_r': 0.06900277863537649, 'distance_to_target_r': 1.9309972213646236}]",4h favorable zone; 4h opposite zone before target; 1h favorable zone; 1h opposite zone before target; 15m favorable zone; 15m opposite zone before target,nested child acceptable with parent,4,4,24,0.7450980392156863,-0.7667030339791373,0.8118349502542683,10.57362023456649,0.5453824025394304,35416587.850097656,-0.7667030339791373,1.7667030339791374,True,1.0,ascending,,,,,,,,,,,,,0.48,0.6462652514631447,1h_only,-1.1093232842489473,-0.571976783230217,-0.0026372913296424105,-0.011977749306508523,0.016089862007002464,-0.002506015375670745,-0.024588939447965252,0.027957419948978712,-1.1036686792998356,0,bearish,0,0,0,0,-3.5184421534938113,14.563984720066873,8.0,14.0,0.0,0.0,10.0,46.56398472006687,4,short,BTC,2,2,50,20.0,37800000,1303.0,descending,37800000,-2.3412698412698414e-05,0,loser,True,0.06900277863537649,0.6844705155912423,"['15m', '1h', '4h']",['support']
False,bullish,0.0054965178351839,False,bullish,0.01799181522185851,0,0,0,True,bearish,0.05105570773129371,1,{},{},{},{},{},[],0,0.937493109910692,1.7655607690071746,0.9894168228420177,0.005655936008369477,1.0775235643399927,1.8832786612963657,2,True,True,descending,0,0.004674918389553823,141.8213558335773,0.09169025977251555,0.31331644563651817,0.5404062981175177,3,3,3,0,0,0,0,1764875700000,neutral,3,1765296000000,11,bullish,5,0.0,0.0,True,"[{'timeframe': '4h', 'zone_kind': 'support', 'distance_to_entry_r': 0.5404062981175177, 'distance_to_target_r': 1.4595937018824823}, {'timeframe': '1h', 'zone_kind': 'support', 'distance_to_entry_r': 0.31331644563651817, 'distance_to_target_r': 1.686683554363482}, {'timeframe': '15m', 'zone_kind': 'support', 'distance_to_entry_r': 0.09169025977251555, 'distance_to_target_r': 1.9083097402274845}]",4h favorable zone; 4h opposite zone before target; 1h favorable zone; 1h opposite zone before target; 15m favorable zone; 15m opposite zone before target,nested child aligned with parent,3,3,58,0.6585365853658537,-1.2864013053724845,0.7338668392365797,10.62181670923849,0.8866219110054259,-13442588.943115234,-1.2864013053724845,2.2864013053724843,True,1.0,symmetrical,,,,,,,,,,,,,1.45,0.2414703679861267,1h_only,-1.0717368668119207,0.16657150470099835,-0.009758271132094709,-0.015118862282803347,0.017779231313693522,-0.0005228895581864679,-0.023949344808713025,0.02724111761598036,-1.06745196615072,0,bearish,0,0,0,0,-0.36201378631215914,14.960313085657567,8.0,20.0,0.0,0.0,10.0,52.96031308565757,3,short,BTC,2,2,40,20.0,30600000,1838.0,descending,30600000,-1.1232026143790754e-05,0,loser,True,0.09169025977251555,1.4595937018824823,"['15m', '1h', '4h']",['support']
True,bullish,0.0014670350848907223,True,bullish,0.001178554131682763,0,0,0,False,bearish,0.03776747929144262,1,{},{},{},{},{},[],0,0.8844124700239878,1.7996169470435555,0.9088729016786571,0.03123813266684915,6.903980578971127,2.03481634196626,5,True,True,ascending,0,0.011171741862186524,34.02157164869004,0.05358948432760364,0.05358948432760364,5.142712696807743,6,6,6,0,0,0,0,1765296900000,bullish,6,1765419300000,12,bullish,2,1.7540540540540715e-05,0.0006052936033419093,True,"[{'timeframe': '1h', 'zone_kind': 'resistance', 'distance_to_entry_r': 0.05358948432760364, 'distance_to_target_r': 1.9464105156723963}, {'timeframe': '15m', 'zone_kind': 'resistance', 'distance_to_entry_r': 0.05358948432760364, 'distance_to_target_r': 1.9464105156723963}]",4h favorable zone; 1h favorable zone; 1h opposite zone before target; 15m favorable zone; 15m opposite zone before target,nested child aligned with parent,6,6,41,0.9318181818181818,2.0118191770259055,0.9397849511636225,15.216052774128778,0.4160884777323135,117012185.5625,2.0118191770259055,-1.0118191770259055,True,1.0,symmetrical,,,,,,,,,,,,,0.9534883720930233,0.3605230386052323,1h_only,-1.0420128095251264,-2.7898211990183164,0.03237809335661379,0.03081688522510273,0.025237446193999036,0.024000149037872953,-0.013928209252642043,0.024215039779077685,-1.0389557837200616,0,bearish,0,0,0,0,6.2686644524959805,14.658273381294965,14.0,20.0,15.0,0.0,10.0,73.65827338129496,6,long,BTC,2,2,43,18.697353198329047,33300000,1215.9000000000087,ascending,33300000,0.0,1,loser,True,0.05358948432760364,1.9464105156723963,"['15m', '1h']",['resistance']
False,bearish,0.00787901962750407,True,bullish,0.005615012856812589,0,0,0,False,bearish,0.031381199221081055,1,{},{},{},{},{},[],0,0.5956840390879456,0.6508151871705364,0.7658794788273671,0.006978571319793044,2.779312750533077,1.0925509909028321,6,False,True,symmetrical,0,0.01805415113123935,-4.581082542222475,0.439781787662617,3.640369282417077,7.467058329836225,1,1,1,0,0,0,0,1765443600000,bearish,2,1765459800000,4,neutral,2,1.6075880758807508e-05,0.002354439239390709,True,"[{'timeframe': '15m', 'zone_kind': 'resistance', 'distance_to_entry_r': 0.439781787662617, 'distance_to_target_r': 1.560218212337383}]",4h favorable zone; 1h favorable zone; 15m favorable zone; 15m opposite zone before target,nested child acceptable with parent,2,1,65,0.9411764705882353,0.1223305722874077,0.9900001318136435,17.700222659451637,0.022254658881868946,9468232884.09668,0.1223305722874077,0.8776694277125923,True,1.0,descending,,,,,,,,,,,,,1.3,1.0242941693993441,1h_only,-1.4790023349001007,0.15181287511303576,-0.01416112649217871,-0.006443734000181278,-0.008604583022805534,-0.014092830503761533,-0.0380473939057967,-0.008104829866615204,-1.4761969857797468,0,bearish,0,0,0,0,108085365853665.28,13.946152280130299,18.0,14.0,15.0,0.0,10.0,70.94615228013029,1,long,BTC,2,2,50,15.822780380304646,36900000,5122.699999999997,symmetrical,36900000,-0.00010924390243902415,3,loser,True,0.439781787662617,1.560218212337383,['15m'],['resistance']
False,bearish,0.007908768747995227,True,bullish,0.0014078979306862004,0,3,0,False,bearish,0.03150786942446375,1,{},{},{},{},{},[],0,0.6829852045256748,0.5894669633719127,0.865752828546566,0.006362803567501776,1.0812840952837062,0.8630742795977413,4,False,True,ascending,0,0.001742805481123242,358.23749999999905,0.1501823281907417,0.32510518934081345,0.48325385694249323,3,3,3,0,0,0,0,1765481400000,neutral,3,1765711800000,3,neutral,1,3.6213991769547325e-06,0.0,True,"[{'timeframe': '4h', 'zone_kind': 'resistance', 'distance_to_entry_r': 0.48325385694249323, 'distance_to_target_r': 1.5167461430575069}, {'timeframe': '1h', 'zone_kind': 'resistance', 'distance_to_entry_r': 0.32510518934081345, 'distance_to_target_r': 1.6748948106591866}, {'timeframe': '15m', 'zone_kind': 'resistance', 'distance_to_entry_r': 0.1501823281907417, 'distance_to_target_r': 1.8498176718092583}]",4h favorable zone; 4h opposite zone before target; 1h favorable zone; 1h opposite zone before target; 15m favorable zone; 15m opposite zone before target,nested child acceptable with parent,3,0,22,0.85,1.062968153354189,0.9085589217873478,20.0,0.7708825424092768,1259498.6071777344,1.062968153354189,-0.06296815335418905,True,1.0,descending,,,,,,,,,,,,,0.5641025641025641,0.25273781404337514,1h_only,-1.074201789781527,0.2451309935739039,0.000748239270501383,0.008732037004372195,-0.0021148090838044586,-0.0035147915764351945,-0.041559247270259614,-0.011714583155747804,-1.0737493256926887,0,bearish,2,0,0,0,1.4931530314132668,14.496573107049622,8.0,14.0,15.0,0.0,10.0,61.49657310704962,3,long,BTC,2,2,39,20.0,24300000,1294.699999999997,ascending,24300000,0.0,0,loser,True,0.1501823281907417,1.5167461430575069,"['15m', '1h', '4h']",['resistance']
True,bearish,0.004375428758127205,True,bearish,0.003896771294080394,0,7,0,True,bearish,0.027755725972871383,1,{},{},{},{},{},[],0,0.5474640164496244,4.936078173882889,0.6427347498286489,0.013065824646856091,9.084237766019212,9.016260476613605,9,True,True,descending,1,0.01815688836995074,5.671386430678126,,1.556560730018881,2.0208464443046057,7,7,7,0,0,0,0,1765712700000,bearish,7,1765816200000,49,bearish,7,0.0,0.0009531430196721201,True,"[{'timeframe': '1h', 'zone_kind': 'support', 'distance_to_entry_r': 1.556560730018881, 'distance_to_target_r': 0.44343926998111893}]",4h favorable zone; 1h favorable zone; 1h opposite zone before target; 15m favorable zone,nested child aligned with parent,7,0,68,0.9318181818181818,-1.1421568627450696,0.9401070980186534,15.987497132444059,0.8325167345248763,2405769.2307128906,-1.1421568627450696,2.1421568627450696,True,1.0,symmetrical,,,,,,,,,,,,,1.5813953488372092,0.0998780852483143,1h_only,1.7981994869029385,-1.6190942130276529,-0.017387680809204276,-0.01314484490127521,-0.010542005047429748,-0.006712193684211609,-0.03300553824517083,-0.006335959784628198,1.7993741448200609,0,bearish,4,0,0,0,-23.243524394050358,13.19503941055518,16.0,20.0,15.0,0.0,10.0,74.19503941055518,7,short,BTC,2,2,43,13.823602478951308,34200000,434.1999999999971,descending,34200000,-9.912280701754386e-06,2,winner,True,1.556560730018881,0.44343926998111893,['1h'],['support']
True,bearish,0.007374876327900026,True,bearish,0.009847835244650376,0,0,0,True,bearish,0.031076547026892894,1,{},{},{},{},{},[],0,0.6369608057806072,1.3346944861839287,0.6842566236041209,0.03733793846896002,7.67780441457049,2.095410697284955,4,True,True,ascending,0,0.011202949637372901,10.760770130837045,,0.2550760043431045,0.00746471226927253,4,0,0,4,4,0,0,1765817100000,bearish,4,1765983600000,0,bearish,0,3.4818518518518464e-05,0.002164032913983933,True,"[{'timeframe': '4h', 'zone_kind': 'support', 'distance_to_entry_r': 0.00746471226927253, 'distance_to_target_r': 1.9925352877307274}, {'timeframe': '1h', 'zone_kind': 'support', 'distance_to_entry_r': 0.2550760043431045, 'distance_to_target_r': 1.7449239956568954}]",4h favorable zone; 4h opposite zone before target; 1h favorable zone; 1h opposite zone before target; 15m favorable zone,nested child aligned with parent,4,0,,,,,,,,,,,,,48,0.5072463768115942,-0.7555018591232453,0.6485706284618139,16.130984651248014,0.40027668559778606,409628580.7836914,-0.7555018591232453,1.7555018591232452,True,1.0,symmetrical,0.7058823529411765,0.35941459152468197,4h_only,-1.0369010091396678,-2.2849208689668727,-0.03516248033244063,-0.028247922663064196,-0.037021249026672476,-0.027801643043516844,-0.06395538033424208,-0.035910960876916365,-1.0357147172730823,16,bearish,4,0,0,0,-9.925050908443932,13.815962338515453,10.0,20.0,0.0,20.0,10.0,73.81596233851545,4,short,BTC,2,2,68,17.917983543008035,54000000,2468.0999999999913,ascending,54000000,0.0,1,loser,True,0.00746471226927253,1.7449239956568954,"['1h', '4h']",['support']
False,bullish,0.01287312783352546,False,neutral,,0,0,0,False,neutral,,1,{},{},{},{},{},[],0,0.7403225806452065,0.5250815077504003,0.9822580645161814,0.004771170138501804,1.8825292034843022,0.7092604244122621,6,True,True,symmetrical,0,0.018306433576859973,6.56299312802247,0.16330858960763156,0.16330858960763156,,3,3,3,0,0,0,0,1735891200000,bullish,5,1735904700000,5,bearish,1,8.501792114695269e-07,0.00031692635983632684,True,"[{'timeframe': '1h', 'zone_kind': 'support', 'distance_to_entry_r': 0.16330858960763156, 'distance_to_target_r': 1.8366914103923684}, {'timeframe': '15m', 'zone_kind': 'support', 'distance_to_entry_r': 0.16330858960763156, 'distance_to_target_r': 1.8366914103923684}]",1h opposite zone before target; 15m favorable zone; 15m opposite zone before target,nested child aligned with parent,5,3,17,0.9743589743589743,0.08828400356702835,0.9922884133410449,18.83313885647611,0.4168871782535471,38825158.68432617,0.08828400356702835,0.9117159964329716,True,1.0,descending,,,,,,,,,,,,,0.4473684210526316,0.6793360596584088,1h_only,-1.172537945268843,-0.253544728022699,0.007313663188147634,-0.005581240867106985,,0.00690621133431657,,,-1.172537945268843,0,neutral,0,0,0,0,-1.9783603505779066,14.590222949688467,4.0,20.0,15.0,0.0,10.0,63.59022294968847,3,short,ETH,2,2,38,18.841536820081835,27900000,56.48000000000002,symmetrical,27900000,-5.580645161290381e-07,1,loser,True,0.16330858960763156,1.8366914103923684,"['15m', '1h']",['support']
True,bullish,0.010367551697231955,False,neutral,,0,0,0,False,neutral,,1,{},{},{},{},{},[],0,0.44477390659748683,0.7035234800961494,0.7961452928094852,0.004383208192754751,1.7759964080264734,1.581755291082817,4,False,True,descending,0,0.005012232809683285,93.72703917790471,0.27197477335436027,,,2,2,2,0,0,0,0,1735906500000,bullish,3,1735919100000,3,bearish,1,0.0,0.0,True,"[{'timeframe': '15m', 'zone_kind': 'resistance', 'distance_to_entry_r': 0.27197477335436027, 'distance_to_target_r': 1.7280252266456397}]",1h favorable zone; 15m favorable zone; 15m opposite zone before target,nested child acceptable with parent,3,2,21,0.9464285714285714,0.7915681008864549,0.9810812319839688,18.83313885647611,0.4168871782535471,24425158.684326172,0.7915681008864549,0.20843189911354515,True,1.0,descending,,,,,,,,,,,,,0.38181818181818183,0.6793360596584088,1h_only,1.797535383312479,0.2185900783289847,0.016723051277344414,0.006117636906429524,,0.014705187219126392,,,1.7996455359914623,0,neutral,0,0,0,0,1.4255445992339013,12.229000576752549,12.0,14.0,0.0,0.0,10.0,48.22900057675255,2,long,ETH,2,2,55,20.0,36900000,56.48000000000002,descending,36900000,-4.2195121951219957e-07,0,winner,True,0.27197477335436027,1.7280252266456397,['15m'],['resistance']
True,bullish,0.014190309801359111,False,neutral,,0,0,0,False,neutral,,1,{},{},{},{},{},[],0,0.4463722397476383,0.727459674828109,0.4530757097791869,0.03316705524901501,7.353185966793215,1.6297153139258542,0,True,True,descending,0,0.00393818292189401,78.72703917790471,,,,3,3,3,0,0,0,0,1735920000000,bullish,3,1736263800000,6,neutral,2,0.0,0.0,False,[],1h favorable zone; 15m favorable zone,nested child aligned with parent,3,3,46,0.8309859154929577,2.0762164545640474,0.8444897595608738,17.328103043464875,0.7109930011050879,28270298.275390625,2.0762164545640474,-1.0762164545640476,True,1.0,symmetrical,,,,,,,,,,,,,0.6571428571428571,0.2972162290164716,1h_only,-1.0362538166096578,-0.8460905349794159,0.04018765355342646,0.025057209426955218,,0.03956572531868807,,,-1.0356065651596118,0,neutral,0,0,0,0,4.827228377033463,11.877267350157782,14.0,20.0,15.0,0.0,10.0,70.87726735015778,3,long,ETH,2,2,70,20.0,36900000,56.48000000000002,descending,36900000,-4.2195121951219957e-07,0,loser,False,,,[],[]
True,bearish,0.021405373750338734,True,bearish,0.035298025851793154,0,0,0,False,neutral,,1,{},{},{},{},{},[],0,0.8055113937466876,0.854772950934923,0.9570747217806078,0.004132155155640929,0.7652726859812764,1.061155630535658,2,True,True,ascending,0,0.014933183062308921,23.527223719676158,0.3115727002967301,,,1,1,1,0,0,0,0,1736428500000,bearish,4,1736437500000,4,bearish,1,1.585470085470101e-06,0.0,True,"[{'timeframe': '15m', 'zone_kind': 'support', 'distance_to_entry_r': 0.3115727002967301, 'distance_to_target_r': 1.6884272997032699}]",1h favorable zone; 15m favorable zone; 15m opposite zone before target,nested child aligned with parent,4,1,21,1.0,0.19956526779503675,1.0,18.93405609321582,0.48934738730657173,45864527.95605469,0.19956526779503675,0.8004347322049633,True,1.0,symmetrical,,,,,,,,,,,,,1.05,0.34822830230993546,1h_only,-1.1012830173800772,0.1124615221314087,-0.030062649500268934,-0.009497973708063823,-0.05785501909141355,-0.02544536876689285,,-0.05637185770856212,-1.101736113384203,0,neutral,0,0,0,0,-0.4053571019407645,13.537262940138572,12.0,20.0,15.0,0.0,10.0,70.53726294013858,1,short,ETH,2,2,20,20.0,11700000,62.11000000000013,ascending,11700000,0.0,0,loser,True,0.3115727002967301,1.6884272997032699,['15m'],['support']
True,bearish,0.023342152509020702,True,bearish,0.04093448423861255,0,0,0,False,neutral,,1,{},{},{},{},{},[],0,0.6502732240437149,1.5791159513132502,0.757866968155267,0.01370891032847027,2.0312071016747453,2.4283883957170183,2,True,True,ascending,1,0.0032000596747724644,210.82828282828496,,,,1,1,1,0,0,0,0,1736452800000,bearish,1,1736953200000,4,bearish,4,5.499999999999954e-07,0.0036761568869309487,False,[],1h favorable zone; 15m favorable zone,nested child aligned with parent,1,1,35,0.9836065573770492,-0.09653171074186659,0.9920488559805021,16.45470421389021,0.22882352941176523,358112082.26220703,-0.09653171074186659,1.0965317107418666,True,1.0,descending,,,,,,,,,,,,,0.5833333333333334,0.7885882352941174,1h_only,-1.031292438258534,-0.037574005873858285,-0.04773889291941269,-0.026091015428183706,-0.08252128848487117,-0.046719388164919384,,-0.08198408410384095,-1.032854671639676,0,neutral,0,0,0,0,-0.42535454197010175,14.09200113058225,14.0,20.0,15.0,0.0,10.0,73.09200113058225,1,short,ETH,2,2,60,13.15954101744156,46800000,134.05999999999995,ascending,46800000,0.0,2,loser,False,,,[],[]
True,bullish,0.006365404902392134,True,bullish,0.003669685879800824,0,0,0,False,neutral,,1,{},{},{},{},{},[],0,0.36712598425197557,0.2202149014051258,0.22736220472440732,0.006201763075600209,1.2256918898789273,0.5998346912268191,1,False,True,descending,0,0.0019610908459266915,291.8928255093015,,0.07809234277028104,,2,2,2,0,0,0,0,1737083700000,bullish,3,1737187200000,6,bullish,2,0.0,0.0,True,"[{'timeframe': '1h', 'zone_kind': 'resistance', 'distance_to_entry_r': 0.07809234277028104, 'distance_to_target_r': 1.921907657229719}]",4h favorable zone; 1h favorable zone; 1h opposite zone before target; 15m favorable zone,nested child acceptable with parent,3,2,19,0.8793103448275862,0.9787963111486183,0.9004245772402574,20.0,0.19624694472916412,203163519.48583984,0.9787963111486183,0.021203688851381654,True,1.0,descending,,,,,,,,,,,,,0.3333333333333333,0.7963415595679261,1h_only,-1.0435985788624798,-0.24641909814324525,0.0159024802626877,0.009375223526866039,0.02058397602495421,0.016775923849746244,,0.0003489169745918286,-1.046260088582674,0,bullish,0,0,0,0,1.245691813307358,7.555364173228382,16.0,14.0,15.0,0.0,10.0,62.555364173228384,2,long,ETH,2,2,57,20.0,35100000,101.0,descending,35100000,-3.2165242165242064e-07,0,loser,True,0.07809234277028104,1.921907657229719,['1h'],['resistance']
False,bearish,0.013386473441170414,True,bullish,0.003200013805912029,0,0,0,False,neutral,,1,{},{},{},{},{},[],0,0.7428810720267881,1.3313320825515784,0.8651591289782145,0.009517135434039491,2.33395872420262,1.7921200750469126,7,True,True,descending,0,0.017862297921478046,6.488888888888937,0.43278201865988913,0.43278201865988913,0.43278201865988913,2,2,2,0,0,0,0,1737243000000,bearish,2,1737274500000,2,neutral,1,0.0,0.0,True,"[{'timeframe': '4h', 'zone_kind': 'resistance', 'distance_to_entry_r': 0.43278201865988913, 'distance_to_target_r': 1.5672179813401108}, {'timeframe': '1h', 'zone_kind': 'resistance', 'distance_to_entry_r': 0.43278201865988913, 'distance_to_target_r': 1.5672179813401108}, {'timeframe': '15m', 'zone_kind': 'resistance', 'distance_to_entry_r': 0.43278201865988913, 'distance_to_target_r': 1.5672179813401108}]",4h favorable zone; 4h opposite zone before target; 1h favorable zone; 1h opposite zone before target; 15m favorable zone; 15m opposite zone before target,nested child aligned with parent,2,2,25,1.0,0.45957629650242127,1.0,17.98632781944983,0.6648729946524062,20105926.708007812,0.45957629650242127,0.5404237034975787,True,1.0,symmetrical,,,,,,,,,,,,,0.78125,0.3183823529411759,1h_only,-1.0964874708336594,0.3907976571463,-0.010853532302147584,0.0024196901773636537,-0.013198038167908988,-0.016304332575756586,,-0.011203078603734817,-1.1004352055576867,0,bullish,0,0,0,0,2.9364881693648828,14.494346733668305,8.0,20.0,15.0,0.0,10.0,67.49434673366831,2,long,ETH,2,2,32,20.0,19800000,95.25999999999976,descending,19800000,-2.7499999999999906e-06,0,loser,True,0.43278201865988913,1.5672179813401108,"['15m', '1h', '4h']",['resistance']
False,bearish,0.008857570635351458,False,bearish,0.004814990619251394,0,0,0,False,neutral,,1,{},{},{},{},{},[],0,0.8268482490272334,0.6698539455710836,0.8787289234760128,0.006070512037150295,1.0439214038037383,0.8101292424083261,3,True,True,ascending,0,0.012232014757122453,32.73793565683593,0.4326134270885599,0.4391428093085553,0.4391428093085553,3,3,3,0,0,0,0,1737455400000,bearish,3,1737585900000,6,bearish,2,1.1432950191570937e-06,0.001703072669523601,True,"[{'timeframe': '4h', 'zone_kind': 'resistance', 'distance_to_entry_r': 0.4391428093085553, 'distance_to_target_r': 1.5608571906914446}, {'timeframe': '1h', 'zone_kind': 'resistance', 'distance_to_entry_r': 0.4391428093085553, 'distance_to_target_r': 1.5608571906914446}, {'timeframe': '15m', 'zone_kind': 'resistance', 'distance_to_entry_r': 0.4326134270885599, 'distance_to_target_r': 1.56738657291144}]",4h favorable zone; 4h opposite zone before target; 1h favorable zone; 1h opposite zone before target; 15m favorable zone; 15m opposite zone before target,nested child aligned with parent,3,3,33,1.0,0.47707565910821637,1.0,17.754738001608672,0.4025945120981853,101149992.10229492,0.47707565910821637,0.5229243408917836,True,1.0,symmetrical,,,,,,,,,,,,,0.9428571428571428,0.2216145750532567,1h_only,-1.0744382790641978,0.12158294680745618,-0.0008235450284430623,0.008098404110403523,-0.01111030606796759,-0.006379185927555375,,-0.019010688127963582,-1.0794945428590685,0,bearish,0,0,0,0,1.5898556658818848,14.54523346303505,8.0,20.0,0.0,0.0,10.0,52.545233463035046,3,long,ETH,2,2,35,16.1484636652382,26100000,69.69999999999982,ascending,26100000,0.0,3,loser,True,0.4326134270885599,1.5608571906914446,"['15m', '1h', '4h']",['resistance']
False,bearish,0.010941110736196961,False,bearish,0.010816314362610291,0,0,0,False,neutral,,1,{},{},{},{},{},[],0,0.6515999999999985,1.9873124313773254,0.2481999999999971,0.010781012714647866,2.109528914314776,3.049896303525675,2,True,True,symmetrical,0,0.011214071917667868,14.261425959780127,0.34688195991091636,0.17223459539718372,1.4270601336303048,9,9,9,0,0,0,0,1737645300000,bearish,9,1737694800000,36,bearish,4,2.72576832151305e-07,0.0,True,"[{'timeframe': '4h', 'zone_kind': 'resistance', 'distance_to_entry_r': 1.4270601336303048, 'distance_to_target_r': 0.5729398663696952}, {'timeframe': '1h', 'zone_kind': 'resistance', 'distance_to_entry_r': 0.17223459539718372, 'distance_to_target_r': 1.8277654046028162}, {'timeframe': '15m', 'zone_kind': 'resistance', 'distance_to_entry_r': 0.34688195991091636, 'distance_to_target_r': 1.6531180400890837}]",4h favorable zone; 4h opposite zone before target; 1h favorable zone; 1h opposite zone before target; 15m favorable zone; 15m opposite zone before target,nested child aligned with parent,9,9,80,0.9830508474576272,0.3726671348407661,0.9960402418475568,18.52580461336446,0.4815611995982212,276552085.81640625,0.3726671348407661,0.6273328651592339,True,1.0,symmetrical,,,,,,,,,,,,,1.3793103448275863,0.30169321279954026,1h_only,1.8128070957153808,-0.3666811029305663,-0.005670857284857278,0.005265491600558336,-0.00656751365531949,0.004223143263713647,,-0.026502139744219888,1.8233063430327563,0,bearish,0,0,0,0,3.083617484937882,9.180749999999989,8.0,20.0,0.0,0.0,10.0,47.18074999999999,9,long,ETH,2,2,58,20.0,42300000,84.09999999999991,symmetrical,42300000,-1.0205673758865266e-06,0,winner,True,0.17223459539718372,0.5729398663696952,"['15m', '1h', '4h']",['resistance']
True,bullish,0.005214758484319458,False,bearish,0.007360781497413973,0,0,0,False,neutral,,1,{},{},{},{},{},[],0,0.6394748170469223,1.4850173693549644,0.7294446835987913,0.015067314558405945,2.4947276750440603,2.322245270287163,1,False,True,descending,0,0.01826415094339609,15.58884297520683,0.17256187139789828,0.029042829698272914,,2,0,2,0,2,2,0,1737695700000,bullish,2,1737765900000,8,neutral,4,0.0,0.0009115273336378675,True,"[{'timeframe': '1h', 'zone_kind': 'resistance', 'distance_to_entry_r': 0.029042829698272914, 'distance_to_target_r': 1.970957170301727}, {'timeframe': '15m', 'zone_kind': 'resistance', 'distance_to_entry_r': 0.17256187139789828, 'distance_to_target_r': 1.8274381286021018}]",4h favorable zone; 1h favorable zone; 1h opposite zone before target; 15m favorable zone; 15m opposite zone before target,nested child acceptable with parent,2,0,52,0.9523809523809523,1.0744666389388127,0.9741200828157349,18.399849397590415,0.09073110700900487,1713728729.9631348,1.0744666389388127,-0.07446663893881264,True,1.0,descending,37,0.9523809523809523,0.9672106369945928,0.9917161338559483,16.880526165233334,0.5168513739183241,344352239.6828613,0.9672106369945928,0.03278936300540728,True,1.0,symmetrical,2.6,0.370587906248252,both,-1.0507906128889393,0.08733269598470172,0.027979933883625074,0.02249865898110759,0.01169828037779208,0.019288812021996504,,0.0013488702160602273,-1.0549529816416476,4,neutral,2,0,0,0,2.719920477137155,13.985417563495467,14.0,14.0,15.0,20.0,10.0,86.98541756349547,2,long,ETH,2,2,20,18.544236333181065,11700000,66.25,descending,11700000,-2.068376068376053e-06,1,loser,True,0.029042829698272914,1.8274381286021018,"['15m', '1h']",['resistance']
False,bearish,0.0016929211750647576,True,bullish,0.0026349702048293314,0,0,0,False,neutral,,1,{},{},{},{},{},[],0,0.7264770240699819,0.6792838874680208,0.9781181619255727,0.003534440243301042,1.187723785166259,0.9350383631713933,10,True,True,symmetrical,0,0.015784416316181406,-1.6968924302790356,0.3358925143954058,0.05374280230325969,2.1948176583494416,1,0,1,0,1,1,0,1737792900000,bearish,3,1737793800000,6,neutral,2,4.5092592592592635e-07,0.001466657446652659,True,"[{'timeframe': '1h', 'zone_kind': 'resistance', 'distance_to_entry_r': 0.05374280230325969, 'distance_to_target_r': 1.9462571976967402}, {'timeframe': '15m', 'zone_kind': 'resistance', 'distance_to_entry_r': 0.3358925143954058, 'distance_to_target_r': 1.6641074856045943}]",4h favorable zone; 1h favorable zone; 1h opposite zone before target; 15m favorable zone; 15m opposite zone before target,nested child aligned with parent,3,0,45,1.0,0.2115267941844796,1.0,15.991437331764871,0.33968485056093345,247724290.93652344,0.2115267941844796,0.7884732058155204,True,1.0,ascending,44,1.0,0.4712109685470021,1.0,18.302982218272458,0.35987551237285587,952553469.7321777,0.4712109685470021,0.5287890314529978,True,1.0,symmetrical,0.8035714285714286,0.6079472467243301,both,-1.4021594114902693,0.17460317460317376,-0.006224473332763103,-0.004549744115438292,-0.005300872310525118,-0.007901165898675733,,-0.005775169827811899,-1.4092002546397873,6,bullish,2,0,0,0,7173333333332.721,12.719603472172384,14.0,20.0,15.0,20.0,10.0,91.71960347217238,1,long,ETH,2,2,56,17.26667127667367,43200000,141.98000000000002,symmetrical,43200000,-2.454166666666677e-06,2,loser,True,0.05374280230325969,1.6641074856045943,"['15m', '1h']",['resistance']
False,bearish,0.0034549210508114056,True,bullish,0.0017740854706091676,0,0,0,False,neutral,,1,{},{},{},{},{},[],0,0.5652173913043312,0.8298801657520257,0.6109839816933745,0.005282112377360221,1.945154132601643,1.468249524022858,5,True,True,descending,0,0.010764261580186875,12.740853377568783,0.14113420579933356,0.3541185527328779,0.3541185527328779,1,0,1,0,1,1,0,1737806400000,bearish,3,1737932400000,6,neutral,2,0.0,0.0,True,"[{'timeframe': '4h', 'zone_kind': 'resistance', 'distance_to_entry_r': 0.3541185527328779, 'distance_to_target_r': 1.6458814472671222}, {'timeframe': '1h', 'zone_kind': 'resistance', 'distance_to_entry_r': 0.3541185527328779, 'distance_to_target_r': 1.6458814472671222}, {'timeframe': '15m', 'zone_kind': 'resistance', 'distance_to_entry_r': 0.14113420579933356, 'distance_to_target_r': 1.8588657942006666}]",4h favorable zone; 4h opposite zone before target; 1h favorable zone; 1h opposite zone before target; 15m favorable zone; 15m opposite zone before target,nested child aligned with parent,3,0,49,1.0,0.26777445114853243,1.0,15.991437331764871,0.33968485056093345,233324290.93652344,0.26777445114853243,0.7322255488514675,True,1.0,ascending,45,1.0,0.5068630854696801,1.0,18.302982218272458,0.35987551237285587,938153469.7321777,0.5068630854696801,0.4931369145303199,True,1.0,symmetrical,0.6901408450704225,0.6079472467243301,both,-1.1138940737856633,-0.06905341211908933,-0.0023426888186978134,0.001107957364830714,-0.0003780644041553316,-0.002147670445747152,,-0.0009842007588337642,-1.1210672213833393,6,bullish,2,0,0,0,1.8040231173734895,13.18249427917614,8.0,20.0,15.0,20.0,10.0,86.18249427917614,1,long,ETH,2,2,71,20.0,57600000,141.98000000000002,descending,57600000,-1.8838541666666705e-06,0,loser,True,0.14113420579933356,1.6458814472671222,"['15m', '1h', '4h']",['resistance']
True,bearish,0.001179728174874882,False,bullish,0.0023622578570561925,0,0,0,False,neutral,,1,{},{},{},{},{},[],0,0.8478647686832709,1.8181818181818103,0.8478647686832709,0.022711623216846607,7.24319533212501,2.144424306019268,2,True,True,ascending,0,0.019182334680489584,0.7471755725192679,0.04886289798570176,0.15997400909681483,0.010136452241712054,3,3,3,0,0,0,0,1737933300000,bearish,3,1737956700000,18,neutral,6,1.5162037037037037e-06,0.0,True,"[{'timeframe': '4h', 'zone_kind': 'support', 'distance_to_entry_r': 0.010136452241712054, 'distance_to_target_r': 1.989863547758288}, {'timeframe': '1h', 'zone_kind': 'support', 'distance_to_entry_r': 0.15997400909681483, 'distance_to_target_r': 1.840025990903185}, {'timeframe': '15m', 'zone_kind': 'support', 'distance_to_entry_r': 0.04886289798570176, 'distance_to_target_r': 1.9511371020142982}]",4h favorable zone; 4h opposite zone before target; 1h favorable zone; 1h opposite zone before target; 15m favorable zone; 15m opposite zone before target,nested child aligned with parent,3,3,64,0.8888888888888888,-0.3863980800293565,0.9463194003686896,14.314523496894761,0.6525517151935638,91491443.90332031,-0.3863980800293565,1.3863980800293565,True,1.0,symmetrical,,,,,,,,,,,,,1.8285714285714285,0.3163218987095541,1h_only,1.8634872081661478,-0.7913726534416183,-0.015636614980213848,-0.014492163237590394,-0.0076542848943640385,-0.009975078013697791,,0.0070877619065301545,1.8775924206343553,0,bullish,0,0,0,0,-74.47200653859295,14.429492882562265,8.0,20.0,15.0,0.0,10.0,67.42949288256227,3,short,ETH,2,2,35,20.0,21600000,48.7800000000002,ascending,21600000,0.0,0,winner,True,0.010136452241712054,1.840025990903185,"['15m', '1h', '4h']",['support']
True,bearish,0.016929946880322858,True,bearish,0.024183152290187644,0,0,0,False,neutral,,1,{},{},{},{},{},[],0,0.3897748592870702,0.401497765430628,0.49390243902437453,0.004339131775174588,0.6664250915972028,1.0300760961468882,2,True,True,symmetrical,0,0.025035077022530074,1.9579665492958611,0.1508394543546699,,,1,1,1,0,0,0,0,1738029600000,bearish,1,1738035000000,1,bearish,1,5.368783068783058e-06,0.003151553226557477,True,"[{'timeframe': '15m', 'zone_kind': 'support', 'distance_to_entry_r': 0.1508394543546699, 'distance_to_target_r': 1.8491605456453302}]",4h favorable zone; 1h favorable zone; 15m favorable zone; 15m opposite zone before target,nested child aligned with parent,1,1,32,1.0,0.6075141348710081,1.0,17.07378333360817,0.3999506309975633,133231106.31079102,0.6075141348710081,0.3924858651289918,True,1.0,symmetrical,,,,,,,,,,,,,1.1428571428571428,0.6000493690024367,1h_only,-1.114208506215199,0.4575399634832542,-0.008410509803701283,0.008520078906063322,-0.03141159587641951,-0.008179671703966607,,-0.027008439603582346,-1.120538321816634,0,bearish,0,0,0,0,-1.085234723314951,7.699480964825633,18.0,20.0,15.0,0.0,10.0,70.69948096482563,1,short,ETH,2,2,28,17.424223386721263,18900000,194.4699999999998,symmetrical,18900000,-1.843915343915339e-06,1,loser,True,0.1508394543546699,1.8491605456453302,['15m'],['support']
False,bearish,0.012543720138866055,False,bearish,0.02373874932389311,0,0,0,False,neutral,,1,{},{},{},{},{},[],0,0.748902546093075,1.1000773794171061,0.8906935908691941,0.008711069271201135,1.7900438483363654,1.4689192674748717,4,True,True,descending,0,0.014989247311827918,20.365853658536707,0.04920155373327014,0.534887066609117,1.507552870090629,2,2,2,0,0,0,0,1738035900000,neutral,2,1738082700000,2,bearish,1,0.0,0.0,True,"[{'timeframe': '4h', 'zone_kind': 'resistance', 'distance_to_entry_r': 1.507552870090629, 'distance_to_target_r': 0.49244712990937084}, {'timeframe': '1h', 'zone_kind': 'resistance', 'distance_to_entry_r': 0.534887066609117, 'distance_to_target_r': 1.465112933390883}, {'timeframe': '15m', 'zone_kind': 'resistance', 'distance_to_entry_r': 0.04920155373327014, 'distance_to_target_r': 1.9507984462667298}]",4h favorable zone; 4h opposite zone before target; 1h favorable zone; 1h opposite zone before target; 15m favorable zone; 15m opposite zone before target,nested child aligned with parent,2,2,33,1.0,0.859242978310152,1.0,17.07378333360817,0.3999506309975633,129631106.31079102,0.859242978310152,0.14075702168984805,True,1.0,symmetrical,,,,,,,,,,,,,1.32,0.28695732666851786,1h_only,-1.0596080104548025,-0.2089594758208091,0.007091386951237455,0.019976414971721423,-0.0230510899740205,0.00014379001600328678,,-0.027008439603582346,-1.0668230569008852,0,bearish,0,0,0,0,1.6649101796407237,14.59010096575948,8.0,20.0,0.0,0.0,10.0,52.590100965759476,2,long,ETH,2,2,25,20.0,15300000,93.0,descending,15300000,-2.2777777777777717e-06,0,loser,True,0.04920155373327014,0.49244712990937084,"['15m', '1h', '4h']",['resistance']
False,bearish,0.013163825716254867,False,bearish,0.025774993995162657,0,0,0,False,neutral,,1,{},{},{},{},{},[],0,0.5500588928150577,0.6544053249255349,0.8462897526501694,0.004921140779739052,1.0736264377882836,1.1897004729374692,6,True,True,symmetrical,0,0.01168771687762795,24.337065409546085,0.28297705943691465,1.129953076120963,2.4791449426486025,2,2,2,0,0,0,0,1738123200000,bearish,3,1738257300000,12,bearish,4,3.8042328042328333e-07,0.0009216249948816926,True,"[{'timeframe': '1h', 'zone_kind': 'resistance', 'distance_to_entry_r': 1.129953076120963, 'distance_to_target_r': 0.870046923879037}, {'timeframe': '15m', 'zone_kind': 'resistance', 'distance_to_entry_r': 0.28297705943691465, 'distance_to_target_r': 1.7170229405630852}]",1h favorable zone; 1h opposite zone before target; 15m favorable zone; 15m opposite zone before target,nested child aligned with parent,3,2,44,1.0,0.4973276438526178,1.0,17.51395104873402,0.08835042862097979,1427126416.152588,0.4973276438526178,0.5026723561473823,True,1.0,ascending,,,,,,,,,,,,,0.8979591836734694,0.8809771567315793,1h_only,1.8634358376441487,0.3114463176574961,-0.01063750152896159,0.0024177826782751932,-0.03462667233293548,-0.009992827045482322,,-0.034724203335871895,1.8781279110629137,0,bearish,0,0,0,0,1.2597175141242927,13.855651098937141,8.0,20.0,0.0,0.0,10.0,51.855651098937145,2,long,ETH,2,2,49,18.539187502559155,37800000,177.78999999999996,symmetrical,37800000,-2.3132275132275146e-06,1,winner,True,0.28297705943691465,0.870046923879037,"['15m', '1h']",['resistance']
False,bullish,0.01667271839915165,True,bearish,0.009902862266003152,0,4,0,False,neutral,,1,{},{},{},{},{},[],0,0.8385384134915654,1.7313086371989517,0.858213616489695,0.011904236772501084,2.5090366798102512,2.0646742109165954,5,True,True,ascending,0,0.014510141599693825,4.989318211789623,0.5144858928233308,0.07839424351448357,0.07839424351448357,5,0,0,1,1,0,4,1738269900000,bullish,5,1738321200000,0,neutral,4,1.959431524547802e-06,0.0,True,"[{'timeframe': '4h', 'zone_kind': 'support', 'distance_to_entry_r': 0.07839424351448357, 'distance_to_target_r': 1.9216057564855165}, {'timeframe': '1h', 'zone_kind': 'support', 'distance_to_entry_r': 0.07839424351448357, 'distance_to_target_r': 1.9216057564855165}, {'timeframe': '15m', 'zone_kind': 'support', 'distance_to_entry_r': 0.5144858928233308, 'distance_to_target_r': 1.485514107176669}]",4h favorable zone; 4h opposite zone before target; 1h favorable zone; 1h opposite zone before target; 15m favorable zone; 15m opposite zone before target,nested child aligned with parent,1,0,,,,,,,,,,,,,37,0.4339622641509434,0.944485763349341,0.46328307010636,16.220564972639533,0.5482894929481235,266968437.91723633,0.944485763349341,0.055514236650659014,True,1.0,symmetrical,0.7115384615384616,0.2452296130008298,4h_only,-1.0835075232822602,0.2529570800946239,0.013518776851812797,-0.003323180821324434,0.015602366380510047,0.025920428076634083,,0.014937889774701008,-1.090003164574405,2,neutral,2,0,0,0,-4.422450705714432,14.468301061836357,8.0,20.0,0.0,20.0,10.0,72.46830106183636,1,short,ETH,2,2,52,20.0,38700000,100.5,ascending,38700000,0.0,0,loser,True,0.07839424351448357,1.485514107176669,"['15m', '1h', '4h']",['support']
True,bullish,0.010981668850906769,False,bearish,0.002670172796613401,0,4,0,False,neutral,,1,{},{},{},{},{},[],0,0.8620173600718304,2.411555369478735,0.8623166716551952,0.0054638810630175975,1.500523341009011,2.7975716977182277,0,True,True,ascending,0,0.008134302526826006,56.20212765957319,0.19759109620369109,0.3302332672663579,0.3302332672663579,4,4,4,0,0,0,0,1738322100000,bullish,4,1738339200000,4,neutral,1,8.123456790123554e-07,0.0004973113707024764,True,"[{'timeframe': '4h', 'zone_kind': 'resistance', 'distance_to_entry_r': 0.3302332672663579, 'distance_to_target_r': 1.669766732733642}, {'timeframe': '1h', 'zone_kind': 'resistance', 'distance_to_entry_r': 0.3302332672663579, 'distance_to_target_r': 1.669766732733642}, {'timeframe': '15m', 'zone_kind': 'resistance', 'distance_to_entry_r': 0.19759109620369109, 'distance_to_target_r': 1.802408903796309}]",4h favorable zone; 4h opposite zone before target; 1h favorable zone; 1h opposite zone before target; 15m favorable zone; 15m opposite zone before target,nested child aligned with parent,4,0,39,0.972972972972973,1.189760173862712,0.9841122175752527,20.0,0.6940188055023506,27176917.76953125,1.189760173862712,-0.18976017386271196,True,1.0,ascending,,,,,,,,,,,,,1.0833333333333333,0.29344419293052376,1h_only,1.8378828167922063,0.16269230769229903,0.025862425429475255,0.014434133635383706,0.013970752065587844,0.016723507698754192,,0.005021714453828263,1.8509184544731851,0,neutral,2,0,0,0,1.4361158432708738,14.483687518706981,8.0,20.0,15.0,0.0,10.0,67.48368751870697,4,long,ETH,2,2,36,17.75134431464876,24300000,67.40999999999985,ascending,24300000,0.0,2,winner,True,0.19759109620369109,1.669766732733642,"['15m', '1h', '4h']",['resistance']
True,bearish,0.004185765618598402,False,bullish,0.006051400766613802,0,0,0,False,neutral,,1,{},{},{},{},{},[],0,0.8004149377593376,1.148658707237919,0.836929460580919,0.02066644046998201,3.990793696334536,1.435079048441358,1,False,True,ascending,0,0.008138262103087882,57.900482509047606,0.1770887524711264,1.3771719904276298,,5,0,0,5,5,0,0,1738440900000,bearish,5,1738517400000,0,neutral,0,5.582491582491558e-07,0.0,True,"[{'timeframe': '1h', 'zone_kind': 'support', 'distance_to_entry_r': 1.3771719904276298, 'distance_to_target_r': 0.6228280095723703}, {'timeframe': '15m', 'zone_kind': 'support', 'distance_to_entry_r': 0.1770887524711264, 'distance_to_target_r': 1.8229112475288736}]",4h favorable zone; 1h favorable zone; 1h opposite zone before target; 15m favorable zone; 15m opposite zone before target,nested child acceptable with parent,5,0,,,,,,,,,,,,,49,1.0,0.3267752428152925,1.0,17.9931079424625,0.07981552876872788,7037888841.333008,0.3267752428152925,0.6732247571847074,True,1.0,ascending,1.1951219512195121,0.12124835293543529,4h_only,1.8954207063048265,-0.1825329781012328,-0.02667025757375374,-0.02268856356370752,-0.014733357414282833,-0.02057293985738451,,-0.015004114673381252,1.9053378207397929,5,bullish,1,0,0,0,-2.303815664746496,14.388485477178445,14.0,14.0,0.0,0.0,10.0,52.38848547717845,5,short,ETH,2,2,41,20.0,29700000,49.690000000000055,ascending,29700000,0.0,0,winner,True,0.1770887524711264,0.6228280095723703,"['15m', '1h']",['support']
True,bearish,0.028800450544659455,True,bearish,0.0158990413148307,0,0,0,False,neutral,,1,{},{},{},{},{},[],0,0.3348447854900632,0.9934545830854145,0.6039414021625397,0.0198786885245902,3.1371433006493716,2.966910718443594,1,False,True,descending,0,0.009533887629125666,29.587737843552304,,,,3,0,0,3,3,0,0,1738518300000,bearish,3,1738535400000,0,bearish,0,0.0,0.0,False,[],4h favorable zone; 1h favorable zone; 15m favorable zone,nested child acceptable with parent,3,0,,,,,,,,,,,,,54,0.8043478260869565,-0.16760679025783115,0.8831430509399122,17.9931079424625,0.07981552876872788,6965888841.333008,-0.16760679025783115,1.167606790257831,True,1.0,ascending,1.2,0.21521643648430988,4h_only,1.9156261396760805,-0.7912333911034093,-0.055883155408243734,-0.029494139791819918,-0.0626860601197391,-0.048506530447078755,,-0.0422452072567403,1.9219869374489649,3,bullish,1,0,0,0,-1.7329046087888473,11.773848971049903,20.0,14.0,0.0,0.0,10.0,55.7738489710499,3,short,ETH,2,2,45,20.0,28800000,88.19999999999982,descending,28800000,-1.3138888888888782e-06,0,winner,False,,,[],[]
True,bearish,0.015809854603198382,True,bearish,0.08114025625406897,0,0,0,True,bearish,0.09208192274273713,1,{},{},{},{},{},[],0,0.3911310413552577,0.3965046974441803,0.6960637767812657,0.0035715593977799723,0.4924739872714169,1.0137387614910414,4,True,True,symmetrical,0,0.02277076835837819,1.8001111728738124,0.7673695126166746,,,1,1,1,0,0,0,0,1738732500000,bearish,1,1738734300000,1,bearish,1,3.944444444444434e-06,0.0031536533103060102,True,"[{'timeframe': '15m', 'zone_kind': 'support', 'distance_to_entry_r': 0.7673695126166746, 'distance_to_target_r': 1.2326304873833254}]",4h favorable zone; 1h favorable zone; 15m favorable zone; 15m opposite zone before target,nested child aligned with parent,1,1,38,1.0,0.3876219975089984,1.0,17.804980423728217,0.39438700147710487,151698876.40454102,0.3876219975089984,0.6123780024910016,True,1.0,symmetrical,,,,,,,,,,,,,1.3571428571428572,0.3592930270462991,1h_only,-1.1340773952195564,0.2443912388046473,-0.020904292769481136,-0.005510226783884797,-0.08995502584620263,-0.017398468679849177,-0.1641156366422506,-0.09441272993080241,-1.1356603518644246,0,bearish,0,0,0,0,-1.1440834980236199,10.314364507731204,18.0,20.0,15.0,0.0,10.0,73.3143645077312,1,short,ETH,2,2,28,17.423173344846994,17100000,141.07999999999993,symmetrical,17100000,-1.3157894736842106e-06,1,loser,True,0.7673695126166746,1.2326304873833254,['15m'],['support']
False,bearish,0.014796242041007759,False,bearish,0.0786670864430602,0,0,0,False,bearish,0.09208192274273713,1,{},{},{},{},{},[],0,0.9327097584810812,3.4831343517021915,0.9441574759179115,0.01768293762504213,2.521272421447762,3.734424691100562,0,True,True,symmetrical,0,0.020567145614019008,-1.1998888271261876,0.6158536585365837,5.06121013133207,6.285999061913683,1,1,1,0,0,0,0,1738735200000,neutral,1,1738856700000,1,bearish,1,3.944444444444434e-06,0.0031536533103060102,True,"[{'timeframe': '15m', 'zone_kind': 'resistance', 'distance_to_entry_r': 0.6158536585365837, 'distance_to_target_r': 1.3841463414634163}]",15m favorable zone; 15m opposite zone before target,nested child aligned with parent,1,1,39,1.0,0.643676996034565,1.0,17.804980423728217,0.39438700147710487,148098876.40454102,0.643676996034565,0.35632300396543504,True,1.0,symmetrical,,,,,,,,,,,,,1.2580645161290323,0.3592930270462991,1h_only,-1.044537617961942,0.29061580964263634,0.0021974891201455016,0.0172825240855341,-0.07087029783902843,0.002396816708615468,-0.1641156366422506,-0.09441272993080241,-1.047184840388631,0,bearish,0,0,0,0,42680000000000.29,14.79059053469217,8.0,20.0,0.0,0.0,10.0,52.79059053469217,1,long,ETH,2,2,31,17.423173344846994,17100000,141.07999999999993,symmetrical,17100000,-1.3157894736842106e-06,1,loser,True,0.6158536585365837,1.3841463414634163,['15m'],['resistance']
True,bearish,0.013235252638736112,True,bearish,0.056734952591340974,0,0,0,True,bearish,0.10628326501973644,1,{},{},{},{},{},[],0,0.35639229422065194,0.26184578762825195,0.5893169877407871,0.0036493782259745663,0.6381284781420101,0.7347122591436734,3,True,True,ascending,0,0.021845202942508933,8.844619422571895,0.21788250484183652,,,2,0,2,0,2,2,0,1738906200000,bearish,2,1738917900000,4,bearish,2,2.6458333333333585e-06,0.0,True,"[{'timeframe': '15m', 'zone_kind': 'support', 'distance_to_entry_r': 0.21788250484183652, 'distance_to_target_r': 1.7821174951581635}]",4h favorable zone; 1h favorable zone; 15m favorable zone; 15m opposite zone before target,nested child aligned with parent,2,0,78,1.0,0.2793637563801997,1.0,18.767538869927925,0.28185154410746527,635233067.1906738,0.2793637563801997,0.7206362436198003,True,1.0,symmetrical,24,1.0,0.34897676475307204,1.0,17.33501500157121,0.7295715902997083,34752213.2565918,0.34897676475307204,0.651023235246928,True,1.0,symmetrical,3.391304347826087,0.26253289018141496,both,-1.1225603820566512,0.34529195720445127,-0.016137920564210484,-0.0031573716108658223,-0.0646171055251763,-0.012195397746768144,-0.1509231498437401,-0.06669964316961818,-1.1265850841861382,2,bearish,1,0,0,0,-0.470947830731823,9.822359808313651,18.0,20.0,15.0,20.0,10.0,92.82235980831365,2,short,ETH,2,2,23,20.0,14400000,75.82999999999993,ascending,14400000,0.0,0,loser,True,0.21788250484183652,1.7821174951581635,['15m'],['support']
False,bearish,0.008812376735769657,False,bearish,0.054706056132123614,0,2,0,False,bearish,0.10745976124748616,1,{},{},{},{},{},[],0,0.49853886616014825,0.5605020205670855,0.7276446522501566,0.004121957363845951,0.7418602358971256,1.124289516049552,9,True,True,ascending,0,0.0036088756731525273,177.13592814371452,0.22242163196936596,5.558387173965034,6.80808805934431,2,2,2,0,0,0,0,1738926900000,neutral,2,1738948500000,2,bearish,1,4.315245478036129e-07,0.0001248708465529439,True,"[{'timeframe': '15m', 'zone_kind': 'resistance', 'distance_to_entry_r': 0.22242163196936596, 'distance_to_target_r': 1.777578368030634}]",1h favorable zone; 15m favorable zone; 15m opposite zone before target,nested child aligned with parent,2,0,25,0.8867924528301887,1.012387771597889,0.9299475199317315,18.056995977954813,0.6514968905172829,22440461.743408203,1.012387771597889,-0.012387771597888989,True,1.0,symmetrical,,,,,,,,,,,,,0.4807692307692308,0.42901219688569564,1h_only,-1.0426580007463655,0.41465701338611016,0.0014521046423188189,0.010368784187887892,-0.05333331107801509,-0.0016292882908238715,-0.15052520931978808,-0.06519184704434478,-1.047576413799093,0,bearish,1,0,0,0,1.164111596020519,11.902836688667836,12.0,20.0,0.0,0.0,10.0,53.90283668866783,2,long,ETH,2,2,52,18.937564576723528,38700000,88.98999999999978,ascending,38700000,0.0,1,loser,True,0.22242163196936596,1.777578368030634,['15m'],['resistance']
True,bearish,0.021677389834687772,True,bearish,0.06162858783419402,0,0,0,True,bearish,0.12040466645718399,1,{},{},{},{},{},[],0,0.36504723346828344,0.47514491480764903,0.8171390013495217,0.004833860277628583,1.1093130421458304,1.3015984542420351,5,True,True,symmetrical,0,0.013630600169061747,5.573643410852583,2.5022086306490228,,,3,3,3,0,0,0,0,1739018700000,bearish,5,1739022300000,5,bearish,1,1.0371158392435069e-06,9.282201220272257e-05,False,[],4h favorable zone; 1h favorable zone; 15m favorable zone,nested child aligned with parent,5,3,21,0.9649122807017544,0.11633326429514389,0.978492646009506,17.07316271077756,0.6838685015290509,10290888.764648438,0.11633326429514389,0.8836667357048561,True,1.0,symmetrical,,,,,,,,,,,,,0.375,0.452217125382264,1h_only,-1.121371736335306,0.1039134054954104,-0.02979271004019668,-0.008949367571035372,-0.0809585664710123,-0.025779469980398706,-0.1724182207244439,-0.08082755027865995,-1.127842958501674,0,bearish,0,0,0,0,-1.3105503675740553,12.505345072313261,20.0,20.0,15.0,0.0,10.0,77.50534507231326,3,short,ETH,2,2,56,18.953588993898638,42300000,106.47000000000025,symmetrical,42300000,-8.841607565011842e-07,1,loser,False,,,[],[]
True,bearish,0.020603013405139425,True,bearish,0.061909237412930834,0,0,0,True,bearish,0.12040466645718399,1,{},{},{},{},{},[],0,0.5733259546209349,0.8191342162482811,0.6153846153846193,0.004050603751127904,0.8341569480134564,1.4287408578770289,5,True,True,descending,0,0.0015956660920958834,454.18518518508176,1.6151631477927166,,,1,1,1,0,0,0,0,1739029500000,bearish,4,1739039400000,4,bearish,1,0.0,0.0006645677756234357,True,"[{'timeframe': '15m', 'zone_kind': 'support', 'distance_to_entry_r': 1.6151631477927166, 'distance_to_target_r': 0.3848368522072834}]",4h favorable zone; 1h favorable zone; 15m favorable zone; 15m opposite zone before target,nested child aligned with parent,4,1,24,0.96875,0.03494159225513979,0.9890861925843943,17.07316271077756,0.6838685015290509,-509111.2353515625,0.03494159225513979,0.9650584077448602,True,1.0,symmetrical,,,,,,,,,,,,,0.7741935483870968,0.13910125722052324,1h_only,-1.0840201407061745,-0.2700349995512896,-0.029345615459384522,-0.009537954033395635,-0.07769186487702562,-0.02183949339475333,-0.1724182207244439,-0.08082755027865995,-1.0915068622751636,0,bearish,0,0,0,0,-0.34412460246270593,11.823553662109767,18.0,20.0,15.0,0.0,10.0,74.82355366210976,1,short,ETH,2,2,31,17.66771611218828,21600000,32.75,descending,21600000,-7.5000000000016e-08,2,loser,True,1.6151631477927166,0.3848368522072834,['15m'],['support']
False,bearish,0.016969669702738246,False,bearish,0.061424552729527154,0,0,0,False,bearish,0.12224584109426571,1,{},{},{},{},{},[],0,0.6978452497551395,1.0550866281652584,0.8129285014691628,0.0058135422679661455,1.131941359395857,1.5119206278690986,6,True,True,descending,0,0.004863713173168778,93.15709969788463,1.2075569358178009,9.831608005521037,11.633712905452027,2,2,2,0,0,0,0,1739043000000,bearish,2,1739136600000,4,bearish,2,0.0,0.0001868925298525947,True,"[{'timeframe': '15m', 'zone_kind': 'resistance', 'distance_to_entry_r': 1.2075569358178009, 'distance_to_target_r': 0.7924430641821991}]",15m favorable zone; 15m opposite zone before target,nested child aligned with parent,2,2,28,0.9393939393939394,0.8484152288072131,0.9851254900195827,17.833376949808574,0.8175331294597349,-3119700.748046875,0.8484152288072131,0.15158477119278693,True,1.0,symmetrical,,,,,,,,,,,,,0.4307692307692308,0.2668195718654441,1h_only,-1.0574811939810154,0.13748879542163706,-0.007574556796136167,0.00942530803617636,-0.06971968127776706,-0.013339897935204625,-0.1735235165473984,-0.08063725243709863,-1.0659481155528103,0,bearish,0,0,0,0,1.4131668558456432,14.298481880509362,8.0,20.0,0.0,0.0,10.0,52.298481880509364,2,long,ETH,2,2,65,18.906553735073704,45000000,62.820000000000164,descending,45000000,-4.4133333333333617e-07,1,loser,True,1.2075569358178009,0.7924430641821991,['15m'],['resistance']
True,bearish,0.0052275356629540165,True,bearish,0.05038108802653108,0,0,0,True,bearish,0.125626636610435,1,{},{},{},{},{},[],0,0.9482566470307275,5.12983936953616,0.9777105556440042,0.018620689655172377,4.185866241763888,5.409758408337244,0,True,True,descending,0,0.009241374524340994,63.24655819774739,0.3927601809954776,,,3,3,3,0,0,0,0,1739137500000,bearish,3,1739145600000,3,bearish,1,0.0,0.00032651398277124086,True,"[{'timeframe': '15m', 'zone_kind': 'support', 'distance_to_entry_r': 0.3927601809954776, 'distance_to_target_r': 1.6072398190045225}]",4h favorable zone; 1h favorable zone; 15m favorable zone; 15m opposite zone before target,nested child aligned with parent,3,3,29,0.96875,-0.8504043245531195,0.9749330819137079,17.11735290328426,0.49725101397025423,72995106.03588867,-0.8504043245531195,1.8504043245531194,True,1.0,symmetrical,,,,,,,,,,,,,0.9354838709677419,0.5027489860297457,1h_only,-1.0344231223419689,-0.3055003971405854,-0.03422345914112701,-0.029322868181737904,-0.05365324503222724,-0.006274417409080635,-0.15852056837679984,-0.05905072105669651,-1.0438180810537807,0,bearish,0,0,0,0,-1.2983337950686586,14.916414583665016,18.0,20.0,15.0,0.0,10.0,77.91641458366502,3,short,ETH,2,2,31,17.83674300861438,24300000,55.7800000000002,descending,24300000,-6.576131687242806e-07,2,loser,True,0.3927601809954776,1.6072398190045225,['15m'],['support']
False,bullish,0.0041472361217168305,True,bearish,0.03818593926102705,0,0,0,True,bearish,0.12472118620649304,1,{},{},{},{},{},[],0,0.9535962877029523,0.4105073911306101,0.002320185614899862,0.008672092249155862,2.324158378367045,0.4304834198961187,4,False,True,ascending,0,0.009631816063383576,1.6649560117300553,0.38503507404518844,1.149259547934506,,4,4,4,0,0,0,0,1739232000000,bullish,4,1739233800000,4,bearish,1,1.5953216374269057e-06,0.0007330441420139999,True,"[{'timeframe': '1h', 'zone_kind': 'support', 'distance_to_entry_r': 1.149259547934506, 'distance_to_target_r': 0.8507404520654939}, {'timeframe': '15m', 'zone_kind': 'support', 'distance_to_entry_r': 0.38503507404518844, 'distance_to_target_r': 1.6149649259548116}]",4h favorable zone; 1h favorable zone; 1h opposite zone before target; 15m favorable zone; 15m opposite zone before target,nested child acceptable with parent,4,4,26,0.9550561797752809,0.6287456595361569,0.982163682093313,18.633477928993,0.6678206888318509,21394708.616455078,0.6287456595361569,0.37125434046384304,True,1.0,ascending,,,,,,,,,,,,,0.29545454545454547,0.7684593804094794,1h_only,-1.13725493230319,0.12298462692164569,0.0036748780656907787,-0.00048557743830579536,-0.03334618433243852,0.0037030901862404875,-0.13777425291855383,-0.03387979409441266,-1.1487829625385135,0,bearish,0,0,0,0,-9.7340378687806,8.258700696055874,14.0,14.0,15.0,0.0,10.0,61.258700696055875,4,short,ETH,2,2,88,18.633477928993,68400000,128.74000000000024,ascending,68400000,0.0,1,loser,True,0.38503507404518844,0.8507404520654939,"['15m', '1h']",['support']
True,bullish,0.004655263431402595,False,bearish,0.03818593926102705,0,0,0,False,bearish,0.12472118620649304,1,{},{},{},{},{},[],0,0.5664695784856069,2.908912830558299,0.6502002670227017,0.007633161432055554,2.0078354554358446,5.135161606268341,0,True,True,ascending,0,0.007684808166542363,66.51492537313504,0.15789473684210312,9.075825156110582,10.939339875111473,4,4,4,0,0,0,0,1739234700000,bullish,4,1739281500000,4,bearish,1,5.44715447154469e-07,0.0007330441420139999,True,"[{'timeframe': '15m', 'zone_kind': 'resistance', 'distance_to_entry_r': 0.15789473684210312, 'distance_to_target_r': 1.842105263157897}]",1h favorable zone; 15m favorable zone; 15m opposite zone before target,nested child aligned with parent,4,4,26,0.8958333333333334,1.342845462485212,0.9514952177671673,18.633477928993,0.6678206888318509,21394708.616455078,1.342845462485212,-0.342845462485212,True,1.0,ascending,,,,,,,,,,,,,0.5531914893617021,0.33217931116814914,1h_only,-1.0577868509598216,0.06445497630333163,0.02072229061686337,0.015895030551883904,-0.03334618433243852,0.0037030901862404875,-0.13777425291855383,-0.03387979409441266,-1.0697382328821219,0,bearish,0,0,0,0,1.6286697333482902,13.337068472248772,12.0,20.0,0.0,0.0,10.0,55.337068472248774,4,long,ETH,2,2,47,18.633477928993,36900000,55.65000000000009,ascending,36900000,0.0,1,loser,True,0.15789473684210312,1.842105263157897,['15m'],['resistance']
False,bullish,0.0077387364622061834,True,bearish,0.028569471550880986,0,0,0,True,bearish,0.1205917147119859,1,{},{},{},{},{},[],0,0.7725970304766854,2.630482018535769,0.8622036988799171,0.022932955710728023,5.480489837071089,3.4047270631014275,6,False,True,symmetrical,0,0.015045864647491948,11.12468703054617,0.006951731374603144,0.030299055613850188,,3,3,3,0,0,0,0,1739282400000,neutral,3,1739398500000,6,bearish,2,7.309941520467837e-07,0.00047743436455469735,True,"[{'timeframe': '1h', 'zone_kind': 'support', 'distance_to_entry_r': 0.030299055613850188, 'distance_to_target_r': 1.9697009443861497}, {'timeframe': '15m', 'zone_kind': 'support', 'distance_to_entry_r': 0.006951731374603144, 'distance_to_target_r': 1.9930482686253967}]",4h favorable zone; 1h favorable zone; 1h opposite zone before target; 15m favorable zone; 15m opposite zone before target,nested child acceptable with parent,3,3,25,0.9782608695652174,-0.20733004447056055,0.9873230513102196,20.0,0.21272092284897826,211024477.61206055,-0.20733004447056055,1.2073300444705606,True,1.0,ascending,,,,,,,,,,,,,0.5555555555555556,0.6242988676050367,1h_only,-1.0390323332939826,-0.1824252395238608,-0.013635613850063844,-0.02110770823532737,-0.0406349976262288,-0.013599180313104586,-0.11917217170541772,-0.01449086052947246,-1.0518970722181222,0,bearish,0,0,0,0,-5.284974792941801,14.483263870799687,14.0,14.0,15.0,0.0,10.0,67.48326387079969,3,short,ETH,2,2,45,15.761282817722652,34200000,58.98999999999978,symmetrical,34200000,-4.368421052631462e-07,4,loser,True,0.006951731374603144,1.9697009443861497,"['15m', '1h']",['support']
False,bullish,0.012275770986224012,True,bearish,0.016978857709241547,0,0,0,True,bearish,0.1178810566006006,1,{},{},{},{},{},[],0,0.7558247903075596,0.6736439903646646,0.8387698042870443,0.0038923151056939388,0.8655203920591545,0.8912700390397965,7,True,True,descending,0,0.010046083330575476,43.97426394893989,0.2073461200952735,0.2074714805064584,,1,0,0,1,1,0,0,1739436300000,neutral,1,1739547900000,0,bearish,0,0.0,0.0004541756472562346,True,"[{'timeframe': '1h', 'zone_kind': 'support', 'distance_to_entry_r': 0.2074714805064584, 'distance_to_target_r': 1.7925285194935416}, {'timeframe': '15m', 'zone_kind': 'support', 'distance_to_entry_r': 0.2073461200952735, 'distance_to_target_r': 1.7926538799047265}]",4h favorable zone; 1h favorable zone; 1h opposite zone before target; 15m favorable zone; 15m opposite zone before target,nested child aligned with parent,1,0,,,,,,,,,,,,,41,0.38095238095238093,0.6799857830082917,0.49463705053563783,17.299798145379924,0.4627921369838797,546472801.3754883,0.6799857830082917,0.3200142169917083,True,1.0,symmetrical,1.0,0.3475288084642352,4h_only,-1.036360577483604,-0.3977295359490136,-0.00038425945583786536,-0.012501901849470975,-0.012063355325550806,0.0047910455594519785,-0.11528132219744502,-0.012269338243115269,-1.0502970405477146,2,bearish,2,0,0,0,-0.1707532902899594,12.733859424617371,14.0,20.0,0.0,20.0,10.0,76.73385942461738,1,short,ETH,2,2,41,18.772912176371882,31500000,117.91999999999962,descending,31500000,-1.5419047619047528e-06,1,loser,True,0.2073461200952735,1.7925285194935416,"['15m', '1h']",['support']
True,bullish,0.006517582292783593,False,bearish,0.008635968642651932,0,0,0,False,bearish,0.10884448565653927,1,{},{},{},{},{},[],0,0.6377245508982153,1.679750510807644,0.6390854654327751,0.004645863196971489,0.9061906298168548,2.633974979388464,1,True,True,ascending,0,0.00685704610869689,33.69135802469111,0.20119277319768034,1.0813892299596457,1.0813892299596457,2,2,2,0,0,0,0,1739548800000,bullish,2,1739629800000,2,neutral,1,1.012500000000002e-06,0.0,True,"[{'timeframe': '4h', 'zone_kind': 'resistance', 'distance_to_entry_r': 1.0813892299596457, 'distance_to_target_r': 0.9186107700403543}, {'timeframe': '1h', 'zone_kind': 'resistance', 'distance_to_entry_r': 1.0813892299596457, 'distance_to_target_r': 0.9186107700403543}, {'timeframe': '15m', 'zone_kind': 'resistance', 'distance_to_entry_r': 0.20119277319768034, 'distance_to_target_r': 1.7988072268023196}]",4h opposite zone before target; 1h favorable zone; 1h opposite zone before target; 15m favorable zone; 15m opposite zone before target,nested child aligned with parent,2,2,49,0.9659090909090909,1.0551612796942453,0.9867426523530988,17.109909511068402,0.5649181106100161,55786386.5546875,1.0551612796942453,-0.055161279694245384,True,1.0,symmetrical,,,,,,,,,,,,,0.5632183908045977,0.4350818893899839,1h_only,-1.0539495648633326,-0.8443107667210565,0.020443870077453852,0.01370191412006827,0.011027232227974304,0.01993246603936827,-0.0896720201799861,0.010447325222943116,-1.0692455813762247,0,bearish,0,0,0,0,1.4117096209437823,13.115365290830052,2.0,20.0,15.0,0.0,10.0,60.115365290830056,2,long,ETH,2,2,87,20.0,64800000,109.98000000000002,ascending,64800000,0.0,0,loser,True,0.20119277319768034,0.9186107700403543,"['15m', '1h', '4h']",['resistance']
True,bullish,3.878798983990684e-05,False,bearish,0.002137189530066834,0,1,0,False,bearish,0.10006526482176856,1,{},{},{},{},{},[],0,0.48372093023255486,0.37779257734454075,0.9813953488372257,0.004711086845279381,1.5366918000568006,0.7810135012411231,6,True,True,descending,0,0.038064062794563765,-1.0247636199909493,0.26524741081703673,0.4211737629459216,4.861910241657046,1,1,1,0,0,0,0,1739700900000,bullish,3,1739713500000,3,bearish,1,0.0,0.00038911395034808393,True,"[{'timeframe': '1h', 'zone_kind': 'resistance', 'distance_to_entry_r': 0.4211737629459216, 'distance_to_target_r': 1.5788262370540784}, {'timeframe': '15m', 'zone_kind': 'resistance', 'distance_to_entry_r': 0.26524741081703673, 'distance_to_target_r': 1.7347525891829634}]",4h favorable zone; 1h favorable zone; 1h opposite zone before target; 15m favorable zone; 15m opposite zone before target,nested child aligned with parent,3,0,30,1.0,0.5194626524390255,1.0,17.56694171514075,0.5130003628008228,70856011.31542969,0.5194626524390255,0.4805373475609746,True,1.0,symmetrical,,,,,,,,,,,,,1.5789473684210527,0.3713871084774461,1h_only,-1.1969991961761723,0.25659700232214,0.002831137661366334,0.0027921312496135275,-0.0006293774710662836,0.0015096914260841476,-0.0940953651737989,-0.003789274121500541,-1.2156711493014385,0,bearish,2,0,0,0,10940000000000.055,13.64918840745409,14.0,20.0,0.0,0.0,10.0,57.64918840745409,1,long,ETH,2,2,19,17.80544302482596,11700000,30.710000000000036,descending,11700000,-1.8982905982906014e-06,2,loser,True,0.26524741081703673,1.5788262370540784,"['15m', '1h']",['resistance']
False,bullish,0.00028373480033171074,True,bearish,0.002047079431424183,0,0,0,True,bearish,0.09845281934202665,1,{},{},{},{},{},[],0,0.3781094527363078,0.9120608040535637,0.48645660585958417,0.004325631779667251,1.5547703180211843,2.412160810720677,2,True,True,descending,0,0.013397218216495393,20.448611111110836,0.22953164104397994,0.6149445834823166,1.0221666070790258,3,0,3,0,3,3,0,1739715300000,neutral,6,1739781900000,6,bearish,1,0.0,0.0008046120286694312,True,"[{'timeframe': '4h', 'zone_kind': 'support', 'distance_to_entry_r': 1.0221666070790258, 'distance_to_target_r': 0.9778333929209743}, {'timeframe': '1h', 'zone_kind': 'support', 'distance_to_entry_r': 0.6149445834823166, 'distance_to_target_r': 1.3850554165176834}, {'timeframe': '15m', 'zone_kind': 'support', 'distance_to_entry_r': 0.22953164104397994, 'distance_to_target_r': 1.7704683589560202}]",4h favorable zone; 4h opposite zone before target; 1h favorable zone; 1h opposite zone before target; 15m favorable zone; 15m opposite zone before target,nested child aligned with parent,6,0,34,0.9722222222222222,-0.0029553556892696286,0.9825102880658435,17.56694171514075,0.5130003628008228,56456011.31542969,-0.0029553556892696286,1.0029553556892696,True,1.0,symmetrical,21,1.0,0.2054027527866717,1.0,16.345483822036552,0.24198187442340127,635337429.9169922,0.2054027527866717,0.7945972472133283,True,1.0,ascending,0.9714285714285714,0.3713871084774461,both,-1.1194999100711658,0.10976685570258404,-0.005699002134232467,-0.005979433024870584,-0.005229471631317262,-0.0031996129532549933,-0.0881241378569948,0.0018156113459528722,-1.1383468096241378,12,bearish,2,0,0,0,-1.0295456089112398,10.58131665789229,8.0,20.0,15.0,20.0,10.0,83.58131665789229,3,short,ETH,2,2,35,16.597693985665284,23400000,30.710000000000036,descending,23400000,-6.153846153846193e-07,3,loser,True,0.22953164104397994,0.9778333929209743,"['15m', '1h', '4h']",['support']
True,bullish,0.005005682164713758,True,bullish,1.3868467888675558e-05,0,0,0,False,bearish,0.08071375291923358,1,{},{},{},{},{},[],0,0.551311550851358,1.1555898524163195,0.5554532903819674,0.004118573888827906,1.0842095109482208,2.0960740812192493,6,True,True,ascending,0,0.014112557222508317,17.828337104072034,0.5313463514902272,1.7355258650222596,1.7355258650222596,3,3,3,0,0,0,0,1740020400000,bullish,4,1740066300000,4,bullish,1,9.136950904392798e-07,0.00016188487047013943,True,"[{'timeframe': '4h', 'zone_kind': 'resistance', 'distance_to_entry_r': 1.7355258650222596, 'distance_to_target_r': 0.2644741349777403}, {'timeframe': '1h', 'zone_kind': 'resistance', 'distance_to_entry_r': 1.7355258650222596, 'distance_to_target_r': 0.2644741349777403}, {'timeframe': '15m', 'zone_kind': 'resistance', 'distance_to_entry_r': 0.5313463514902272, 'distance_to_target_r': 1.4686536485097728}]",4h favorable zone; 4h opposite zone before target; 1h favorable zone; 1h opposite zone before target; 15m favorable zone; 15m opposite zone before target,nested child aligned with parent,4,3,36,0.8958333333333334,1.147337836351752,0.9758180655478518,16.355540389039543,0.5613828786453446,27118391.286132812,1.147337836351752,-0.14733783635175193,True,1.0,ascending,,,,,,,,,,,,,0.7659574468085106,0.417920978363123,1h_only,-1.1134712674514622,0.0826706121694103,0.014242776200277474,0.009119499734581371,0.01442194488318993,0.014407673710978619,-0.07039500322700964,0.0050130429743739935,-1.1335069982425703,0,bearish,0,0,0,0,1.7666756555258,11.568679977282365,8.0,20.0,15.0,0.0,10.0,64.56867997728236,3,long,ETH,2,2,47,18.91905756476493,38700000,53.309999999999945,ascending,38700000,0.0,1,loser,True,0.5313463514902272,0.2644741349777403,"['15m', '1h', '4h']",['resistance']
True,bullish,0.004885811791109237,True,bullish,0.004978244442869021,0,0,0,False,bearish,0.07221200739659321,1,{},{},{},{},{},[],0,0.6284875183553942,0.5489994869163912,0.6299559471365636,0.004300125060485695,1.5089468958440853,0.8735248845561727,9,True,True,descending,0,0.013334552771172663,16.423868312756554,0.31462775907219787,0.75308641975309,1.6296296296296264,1,1,1,0,0,0,0,1740111300000,bullish,3,1740129300000,6,bullish,2,0.0,0.0,True,"[{'timeframe': '4h', 'zone_kind': 'resistance', 'distance_to_entry_r': 1.6296296296296264, 'distance_to_target_r': 0.3703703703703735}, {'timeframe': '1h', 'zone_kind': 'resistance', 'distance_to_entry_r': 0.75308641975309, 'distance_to_target_r': 1.24691358024691}, {'timeframe': '15m', 'zone_kind': 'resistance', 'distance_to_entry_r': 0.31462775907219787, 'distance_to_target_r': 1.6853722409278022}]",4h favorable zone; 4h opposite zone before target; 1h favorable zone; 1h opposite zone before target; 15m favorable zone; 15m opposite zone before target,nested child aligned with parent,3,1,36,1.0,0.6562240937665903,1.0,20.0,0.3151726322458019,186624723.61816406,0.6562240937665903,0.3437759062334097,True,1.0,ascending,,,,,,,,,,,,,1.0285714285714285,0.4947735191637642,1h_only,1.6737290225775023,0.04929313149004311,0.008600027376077124,0.0036541902418529837,0.012749701174234795,0.007669319076931025,-0.05640265501736785,0.012594586718559952,1.705779508601896,0,bearish,0,0,0,0,1.7860185417189294,12.56252239249055,8.0,20.0,15.0,0.0,10.0,65.56252239249055,1,long,ETH,2,2,35,20.0,21600000,46.86000000000013,descending,21600000,-1.012500000000016e-06,0,winner,True,0.31462775907219787,0.3703703703703735,"['15m', '1h', '4h']",['resistance']
True,bullish,0.006649728600113622,True,bullish,0.006243176215051876,0,0,0,False,bearish,0.07069801548155426,1,{},{},{},{},{},[],0,0.47174480956964027,4.7675953588550115,0.47435721160456473,0.009062101410262405,3.4850274438963433,10.106301674425113,3,True,True,ascending,0,0.009573688853942183,29.39770227328256,,1.1286334056399099,11.424078091106315,3,3,3,0,0,0,0,1740130200000,bullish,3,1740151800000,6,bullish,2,6.993162393162446e-07,0.0,True,"[{'timeframe': '1h', 'zone_kind': 'resistance', 'distance_to_entry_r': 1.1286334056399099, 'distance_to_target_r': 0.8713665943600901}]",4h favorable zone; 1h favorable zone; 1h opposite zone before target; 15m favorable zone,nested child aligned with parent,3,3,41,0.9857142857142858,1.3387210848686932,0.9881400876038577,20.0,0.3151726322458019,168624723.61816406,1.3387210848686932,-0.3387210848686932,True,1.0,ascending,,,,,,,,,,,,,0.5942028985507246,0.6538908246225348,1h_only,-1.0686168754978118,-0.1478883748694353,0.02290027782459747,0.015989507812320447,0.014384052391028801,0.008000407593819814,-0.051836190063565546,0.016289016152141622,-1.0872254121766254,0,bearish,0,0,0,0,2.3554953187102003,12.10930840093496,16.0,20.0,15.0,0.0,10.0,73.10930840093496,3,long,ETH,2,2,69,20.0,58500000,61.93000000000029,ascending,58500000,0.0,0,loser,True,1.1286334056399099,0.8713665943600901,['1h'],['resistance']
True,bullish,0.000889173127623053,True,bullish,0.001589585056866184,0,0,0,False,bearish,0.06488961852506733,1,{},{},{},{},{},[],0,0.7086490723804522,2.9976787885486775,0.7287692709694248,0.012818801325787835,3.8816340065372406,4.2301315353155715,6,True,True,symmetrical,0,0.023572956782199436,-0.3049555273189526,1.0445599702933634,0.30412179725213906,0.30412179725213906,2,0,0,2,2,0,0,1740240000000,bullish,2,1740367800000,0,bullish,0,2.412698412698432e-06,0.0,True,"[{'timeframe': '4h', 'zone_kind': 'resistance', 'distance_to_entry_r': 0.30412179725213906, 'distance_to_target_r': 1.695878202747861}, {'timeframe': '1h', 'zone_kind': 'resistance', 'distance_to_entry_r': 0.30412179725213906, 'distance_to_target_r': 1.695878202747861}, {'timeframe': '15m', 'zone_kind': 'resistance', 'distance_to_entry_r': 1.0445599702933634, 'distance_to_target_r': 0.9554400297066364}]",4h favorable zone; 4h opposite zone before target; 1h favorable zone; 1h opposite zone before target; 15m favorable zone; 15m opposite zone before target,nested child aligned with parent,2,0,,,,,,,,,,,,,30,1.0,0.6834509485253468,1.0,20.0,0.04325782974895889,8208680529.300293,0.6834509485253468,0.3165490514746532,True,1.0,ascending,1.0,0.31850519257502646,4h_only,-1.0548348253084103,0.014702655255647179,0.021614966377205613,0.02068778117551484,0.023358284691824993,0.021696275996244907,-0.040088518752734115,0.023674409568106958,-1.0743714499195807,2,bearish,1,0,0,0,34317142857142.246,13.982884766135344,8.0,20.0,0.0,0.0,10.0,51.98288476613534,2,long,ETH,2,2,30,20.0,18900000,77.90000000000009,symmetrical,18900000,-5.021164021163906e-07,0,loser,True,0.30412179725213906,0.9554400297066364,"['15m', '1h', '4h']",['resistance']
True,bearish,0.028266504175661945,True,bearish,0.07438968539915179,0,0,0,True,bearish,0.10506284500082236,1,{},{},{},{},{},[],0,0.5134889360412088,0.9610802223987066,0.5771445892694703,0.006730227500032692,0.8742766367865572,1.871666855781246,2,False,True,descending,0,0.014719770440594276,16.838988278840134,,,,3,3,3,0,0,0,0,1740687300000,bearish,3,1740709800000,3,bearish,1,0.0,0.0,False,[],4h favorable zone; 1h favorable zone; 15m favorable zone,nested child acceptable with parent,3,3,23,0.8378378378378378,-0.2786566504639872,0.9088268071921843,20.0,0.3787214401107785,56185009.14086914,-0.2786566504639872,1.2786566504639871,True,1.0,ascending,,,,,,,,,,,,,0.6388888888888888,0.7059773828756069,1h_only,1.8513366257845123,0.2969225566452468,-0.04905083894722673,-0.022783244314769746,-0.10531174586804937,-0.04151952402228065,-0.18048232372488016,-0.10327339292841042,1.8876533228352557,0,bearish,0,0,0,0,-0.5269148104728365,12.745225826007765,20.0,14.0,15.0,0.0,10.0,71.74522582600777,3,short,ETH,2,2,36,20.0,25200000,91.76999999999998,descending,25200000,-1.929761904761909e-06,0,winner,False,,,[],[]
True,bearish,0.010074127989569777,True,bearish,0.08483324441483162,0,0,0,True,bearish,0.1384185999731436,1,{},{},{},{},{},[],0,0.6598488216985253,1.4033096926713657,0.7896843041351683,0.0069711112957469125,1.4598581560283355,2.126713947990523,1,True,True,ascending,0,0.01825523518130519,10.16046758767277,0.04963747908533788,,,1,1,1,0,0,0,0,1740870900000,bearish,1,1740907800000,1,bearish,1,2.091111111111108e-06,0.0,True,"[{'timeframe': '15m', 'zone_kind': 'support', 'distance_to_entry_r': 0.04963747908533788, 'distance_to_target_r': 1.9503625209146622}]",4h favorable zone; 1h favorable zone; 15m favorable zone; 15m opposite zone before target,nested child aligned with parent,1,1,46,1.0,0.42238195686862406,1.0,16.227755631157805,0.4302746258839005,140369730.55615234,0.42238195686862406,0.577618043131376,True,1.0,symmetrical,,,,,,,,,,,,,1.1794871794871795,0.3803650715342874,1h_only,-1.071265458284503,-0.012560662289472058,-0.013676518171134355,-0.003777705779093976,-0.08451778025787215,-0.007431617491748921,-0.18567393528775145,-0.08222419829532812,-1.0902219483643814,0,bearish,0,0,0,0,-0.8073423282083153,14.211316140506883,18.0,20.0,15.0,0.0,10.0,77.21131614050688,1,short,ETH,2,2,39,20.0,31500000,92.51999999999998,ascending,31500000,0.0,0,loser,True,0.04963747908533788,1.9503625209146622,['15m'],['support']
False,bearish,0.003373467259592907,False,bearish,0.07808547497097829,0,0,0,False,bearish,0.1420577212524014,1,{},{},{},{},{},[],0,0.8864882296033535,3.5436674186271047,0.8864882296033535,0.007252828871717564,2.089590718659365,3.9974218498227194,0,True,True,ascending,0,0.008045266097780265,67.4882882882871,0.5194163860830633,2.92345679012348,10.623793490460221,2,2,2,0,0,0,0,1740908700000,neutral,2,1740923100000,2,bearish,1,4.404761904761929e-07,0.0,True,"[{'timeframe': '15m', 'zone_kind': 'resistance', 'distance_to_entry_r': 0.5194163860830633, 'distance_to_target_r': 1.4805836139169368}]",15m favorable zone; 15m opposite zone before target,nested child aligned with parent,2,2,19,0.9787234042553191,1.35078417900597,0.9864628431459994,20.0,0.5204647196759761,31753430.268310547,1.35078417900597,-0.35078417900597003,True,1.0,ascending,,,,,,,,,,,,,0.41304347826086957,0.47953528032402387,1h_only,-1.05314927483202,0.15495302651920773,0.011089057896287668,0.014549560473839485,-0.078271472380253,-0.006786296783980461,-0.1818470290947347,-0.07425201940893567,-1.0729549505096827,0,bearish,0,0,0,0,1.6058842375053506,14.574330861012577,8.0,20.0,0.0,0.0,10.0,52.57433086101258,2,long,ETH,2,2,46,20.0,37800000,44.98999999999978,ascending,37800000,0.0,0,loser,True,0.5194163860830633,1.4805836139169368,['15m'],['resistance']
True,bearish,0.01486890532773539,True,bearish,0.03448411505198386,0,0,0,True,bearish,0.1461601996858434,1,{},{},{},{},{},[],0,0.5927152317881086,0.8976930792377494,0.8799668874172328,0.004115033046533686,1.1032009070690678,1.5145436308926647,3,True,True,ascending,0,0.019755531275607748,13.579675077773913,0.15030911901081362,1.0208655332302745,,1,1,1,0,0,0,0,1741421700000,bearish,1,1741436100000,1,bearish,1,1.397584541062794e-06,0.0,True,"[{'timeframe': '1h', 'zone_kind': 'support', 'distance_to_entry_r': 1.0208655332302745, 'distance_to_target_r': 0.9791344667697254}, {'timeframe': '15m', 'zone_kind': 'support', 'distance_to_entry_r': 0.15030911901081362, 'distance_to_target_r': 1.8496908809891863}]",4h favorable zone; 1h favorable zone; 1h opposite zone before target; 15m favorable zone; 15m opposite zone before target,nested child aligned with parent,1,1,50,1.0,0.17956662984244223,1.0,20.0,0.27332294721407485,395934216.2614746,0.17956662984244223,0.8204333701575578,True,1.0,descending,,,,,,,,,,,,,1.7857142857142858,0.23964442815249165,1h_only,-1.0976643158307868,0.24626209322779713,-0.022041567964589892,-0.007611070504484285,-0.05108985515571096,-0.018988889180612256,-0.16648323715842572,-0.050851323674170223,-1.1195083297318187,0,bearish,0,0,0,0,-0.5151453443975187,13.0287167883439,14.0,20.0,15.0,0.0,10.0,72.0287167883439,1,short,ETH,2,2,28,20.0,20700000,52.29999999999973,ascending,20700000,0.0,0,loser,True,0.15030911901081362,0.9791344667697254,"['15m', '1h']",['support']
False,bearish,0.013693522593462508,False,bearish,0.035292170398793385,0,0,0,False,bearish,0.1459261334694738,1,{},{},{},{},{},[],0,0.5958873491282964,1.567221209805423,0.7147966025927519,0.009779745333881805,2.459249057332639,2.630062900476169,4,False,True,symmetrical,0,0.014956447843637137,7.002840909090878,0.939429237041366,2.025334886429843,16.44583576004674,9,9,9,0,0,0,0,1741437000000,bearish,9,1741463100000,9,bearish,1,7.088888888888866e-07,0.0,True,"[{'timeframe': '15m', 'zone_kind': 'resistance', 'distance_to_entry_r': 0.939429237041366, 'distance_to_target_r': 1.060570762958634}]",1h favorable zone; 15m favorable zone; 15m opposite zone before target,nested child acceptable with parent,9,9,54,1.0,0.36632873839327057,1.0,20.0,0.27332294721407485,381534216.2614746,0.36632873839327057,0.6336712616067295,True,1.0,descending,,,,,,,,,,,,,1.2,0.23964442815249165,1h_only,1.777725721849805,-0.12425074925074764,-0.0051980366016474155,0.008540650228405111,-0.047255330425775566,-0.014105181861623683,-0.16345718736957682,-0.04713803179083498,1.8151353229133855,0,bearish,0,0,0,0,3.9699797160243766,13.755811354492597,12.0,14.0,0.0,0.0,10.0,49.75581135449259,9,long,ETH,2,2,45,20.0,31500000,52.29999999999973,symmetrical,31500000,-4.085714285714251e-07,0,winner,True,0.939429237041366,1.060570762958634,['15m'],['resistance']
False,bullish,0.005706987791520543,True,bearish,0.026203509445169623,0,0,0,True,bearish,0.13930327339521115,1,{},{},{},{},{},[],0,0.5625498007968003,0.8941236068895544,0.6916334661354351,0.005583078570178234,1.5572703769695573,1.589412360688974,4,True,True,symmetrical,0,0.01510497942970634,12.5235970885185,0.2957829548805734,0.43084635800649335,2.5667944559127203,2,0,2,0,2,2,0,1741485600000,bullish,3,1741527900000,6,bearish,2,1.234099616858239e-06,0.00024771655384768455,True,"[{'timeframe': '1h', 'zone_kind': 'support', 'distance_to_entry_r': 0.43084635800649335, 'distance_to_target_r': 1.5691536419935066}, {'timeframe': '15m', 'zone_kind': 'support', 'distance_to_entry_r': 0.2957829548805734, 'distance_to_target_r': 1.7042170451194267}]",4h favorable zone; 1h favorable zone; 1h opposite zone before target; 15m favorable zone; 15m opposite zone before target,nested child aligned with parent,3,0,49,1.0,0.5915213110930724,1.0,16.160535907684043,0.31269310801437733,315054083.48461914,0.5915213110930724,0.4084786889069277,True,1.0,symmetrical,16,1.0,0.5619114948337552,1.0,20.0,0.27332294721407485,334734216.2614746,0.5619114948337552,0.4380885051662448,True,1.0,descending,1.2894736842105263,0.4678731319755357,both,1.7800753610469329,0.13112426035503333,0.003374214836806999,-0.0023386379451689754,-0.022572376667588157,0.0031195554525633717,-0.13568905290228095,-0.01738032299024983,1.8142413132903503,3,bearish,1,0,0,0,-0.6685477520716882,13.46892430278868,14.0,20.0,15.0,20.0,10.0,92.46892430278868,2,short,ETH,2,2,38,18.87614172307616,26100000,74.20000000000027,symmetrical,26100000,-3.9770114942529154e-07,1,winner,True,0.2957829548805734,1.5691536419935066,"['15m', '1h']",['support']
True,bearish,0.0191568890830576,True,bearish,0.078618771325643,0,0,0,True,bearish,0.17653958585391638,1,{},{},{},{},{},[],0,0.6724611161939701,0.5858440937350657,0.6724611161939701,0.010367134044930124,1.6074320185926336,0.8711940060577125,2,True,True,symmetrical,0,0.034018862390289055,1.2832034488476438,1.4981146304675734,,,2,2,2,0,0,0,0,1741735800000,bearish,2,1741751100000,2,bearish,1,2.893567251461989e-06,0.0,True,"[{'timeframe': '15m', 'zone_kind': 'support', 'distance_to_entry_r': 1.4981146304675734, 'distance_to_target_r': 0.5018853695324267}]",4h favorable zone; 1h favorable zone; 15m favorable zone; 15m opposite zone before target,nested child aligned with parent,2,2,22,1.0,0.701943654615392,1.0,18.654438401954707,0.43370000460256836,66612034.3840332,0.701943654615392,0.29805634538460796,True,1.0,symmetrical,,,,,,,,,,,,,0.9565217391304348,0.35476595940534894,1h_only,1.7612326184794778,0.22959147675157243,-0.018974608186681396,-0.00018468441514418732,-0.08100409982098256,-0.009435488434817896,-0.20836203147273413,-0.0797524279510915,1.7917861792301022,0,bearish,0,0,0,0,-4.951156480165426,13.771729185727386,18.0,20.0,15.0,0.0,10.0,76.7717291857274,2,short,ETH,2,2,23,20.0,17100000,77.08000000000015,symmetrical,17100000,-6.333333333333423e-07,0,winner,True,1.4981146304675734,0.5018853695324267,['15m'],['support']
False,bearish,0.02222908852233254,False,bearish,0.08091334676807971,0,0,0,False,bearish,0.18452684639931288,1,{},{},{},{},{},[],0,0.8053244592346092,1.1480983632482005,0.9423183582917379,0.031198607205035495,4.605044674626398,1.4256345378350586,0,True,True,descending,0,0.025883227965786536,5.908045977011511,0.03950583763236599,3.095302742329616,10.85392343198478,2,2,2,0,0,0,0,1741767300000,bearish,2,1741791600000,2,bearish,1,0.0,0.0,True,"[{'timeframe': '15m', 'zone_kind': 'resistance', 'distance_to_entry_r': 0.03950583763236599, 'distance_to_target_r': 1.960494162367637}]",15m favorable zone; 15m opposite zone before target,nested child aligned with parent,2,2,31,1.0,0.7021331950701182,1.0,18.654438401954707,0.43370000460256836,34212034.3840332,0.7021331950701182,0.29786680492988177,True,1.0,symmetrical,,,,,,,,,,,,,1.24,0.3712891793620844,1h_only,-1.0218354380845855,-0.466023203665789,-0.008516202972771003,0.013828351970097685,-0.08813137613393318,-0.015492075585927911,-0.21939386164985486,-0.08803135447765964,-1.0377027222389708,0,bearish,0,0,0,0,4.776913099870281,14.783693843594019,8.0,20.0,0.0,0.0,10.0,52.78369384359402,2,long,ETH,2,2,25,20.0,18000000,80.67000000000007,descending,18000000,-2.9000000000000027e-06,0,loser,True,0.03950583763236599,1.960494162367637,['15m'],['resistance']
True,bearish,0.01869293168886115,True,bearish,0.08132124398541243,0,0,0,True,bearish,0.18491481716443942,1,{},{},{},{},{},[],0,0.5529243937232462,1.1444431321601432,0.6644793152639042,0.019805787927269936,2.196276079510722,2.069800401559003,2,True,True,symmetrical,0,0.00813506126818286,52.674793832914816,,,,2,2,2,0,0,0,0,1741792500000,bearish,2,1742058900000,6,bearish,3,8.690821256038652e-07,0.0,False,[],4h favorable zone; 1h favorable zone; 15m favorable zone,nested child aligned with parent,2,2,38,0.9705882352941176,-0.03904261028720031,0.9811529747419653,18.60919346951117,0.5187094398674452,88629955.63452148,-0.03904261028720031,1.0390426102872004,True,1.0,symmetrical,,,,,,,,,,,,,1.1515151515151516,0.4781608137340641,1h_only,-1.010214578554172,-0.6372839121632106,-0.04682090578714204,-0.029529339346806682,-0.10661539741131287,-0.036625106151045084,-0.21550833067951092,-0.08239705438569178,-1.0269670980135863,0,bearish,0,0,0,0,-0.582268055271932,13.309343794579117,20.0,20.0,15.0,0.0,10.0,78.30934379457912,2,short,ETH,2,2,33,20.0,20700000,103.8900000000001,symmetrical,20700000,-4.782608695652218e-07,0,loser,False,,,[],[]
True,bullish,0.007430179657257488,False,bearish,0.03815845535329551,0,0,0,False,bearish,0.1855844045426618,1,{},{},{},{},{},[],0,0.4689265536723315,0.7205486587377502,0.6293785310734457,0.005142730143634667,1.7275805191422868,1.5365917180310564,9,True,True,ascending,0,0.009695808147820555,22.129244804865493,0.3063943161634045,9.248223801065716,34.625666074600375,5,0,5,0,5,5,0,1742059800000,bullish,5,1742088600000,15,bearish,3,4.21581196581197e-07,0.0,True,"[{'timeframe': '15m', 'zone_kind': 'resistance', 'distance_to_entry_r': 0.3063943161634045, 'distance_to_target_r': 1.6936056838365956}]",1h favorable zone; 15m favorable zone; 15m opposite zone before target,nested child aligned with parent,5,0,47,0.859375,1.3271696619543383,0.9027456374146713,17.206206676998065,0.8136660819645996,-247643.31201171875,1.3271696619543383,-0.3271696619543383,True,1.0,symmetrical,31,0.96875,0.9741135945911574,0.9921527670780346,17.04597716195638,0.6868336288047144,84310175.59155273,0.9741135945911574,0.025886405408842603,True,1.0,symmetrical,0.746031746031746,0.2575346834635624,both,-1.1037558337909152,-0.27333728044207284,0.016265340705581277,0.008648997767956468,-0.02553755048474693,0.012096216898430434,-0.17513131517810288,-0.0260338915474555,-1.1232130628851247,10,bearish,2,0,0,0,2.1850392799065763,12.673728813559409,12.0,20.0,0.0,0.0,10.0,54.67372881355941,5,long,ETH,2,2,63,20.0,46800000,32.299999999999955,ascending,46800000,0.0,0,loser,True,0.3063943161634045,1.6936056838365956,['15m'],['resistance']
False,bullish,0.0032040124813816706,True,bearish,0.029948824985927786,0,0,0,True,bearish,0.18264578274926394,1,{},{},{},{},{},[],0,0.48394004282654296,0.5345316934720846,0.5931477516059825,0.0035480302116126868,1.6164721959423285,1.1045411542100374,8,True,True,ascending,0,0.01779448621553862,8.126760563380799,0.30529369108049653,0.30529369108049653,,1,0,0,1,1,0,0,1742116500000,neutral,3,1742122800000,0,bearish,0,4.38271604938266e-07,0.0,True,"[{'timeframe': '1h', 'zone_kind': 'support', 'distance_to_entry_r': 0.30529369108049653, 'distance_to_target_r': 1.6947063089195034}, {'timeframe': '15m', 'zone_kind': 'support', 'distance_to_entry_r': 0.30529369108049653, 'distance_to_target_r': 1.6947063089195034}]",4h favorable zone; 1h favorable zone; 1h opposite zone before target; 15m favorable zone; 15m opposite zone before target,nested child aligned with parent,3,0,,,,,,,,,,,,,35,1.0,0.7790074045564145,1.0,17.04597716195638,0.6868336288047144,26710175.591552734,0.7790074045564145,0.22099259544358546,True,1.0,symmetrical,1.25,0.03558141276935756,4h_only,1.5817763533391267,-0.31164570803717195,-0.0011776901082892755,-0.004363963528940862,-0.029127359366809547,-5.238782312722012e-05,-0.17432110231291176,-0.027690203919361056,1.6114702484081966,6,bearish,2,0,0,0,-2.1320623916809103,10.449989642900748,14.0,20.0,0.0,20.0,10.0,74.44998964290075,1,short,ETH,2,2,28,20.0,16200000,14.25,ascending,16200000,0.0,0,winner,True,0.30529369108049653,1.6947063089195034,"['15m', '1h']",['support']
False,bullish,0.0007129976124147529,True,bearish,0.030098158749196174,0,0,0,True,bearish,0.18264578274926394,1,{},{},{},{},{},[],0,0.6381260096930506,2.0916070955784822,0.6381260096930506,0.017192230005140485,5.844144382666993,3.2777336510457875,4,True,True,symmetrical,0,0.013764588894122536,-5.566539923954224,0.10652496292634557,1.002965892239246,,3,0,0,3,3,0,0,1742123700000,neutral,3,1742214600000,0,bearish,0,2.19135802469133e-07,0.0,True,"[{'timeframe': '1h', 'zone_kind': 'support', 'distance_to_entry_r': 1.002965892239246, 'distance_to_target_r': 0.9970341077607541}, {'timeframe': '15m', 'zone_kind': 'support', 'distance_to_entry_r': 0.10652496292634557, 'distance_to_target_r': 1.8934750370736544}]",4h favorable zone; 1h favorable zone; 1h opposite zone before target; 15m favorable zone; 15m opposite zone before target,nested child aligned with parent,3,0,,,,,,,,,,,,,35,1.0,0.5711114304946907,1.0,17.04597716195638,0.6868336288047144,26710175.591552734,0.5711114304946907,0.4288885695053093,True,1.0,symmetrical,0.6481481481481481,0.10602012534645075,4h_only,-1.0515287992542153,-0.45100584036340297,-0.014455255468687755,-0.015147302644469951,-0.037042605673468953,-0.008299919754071516,-0.17432110231291176,-0.027690203919361056,-1.0695450825452493,6,bearish,2,0,0,0,-33109999999999.902,13.642972536348939,14.0,20.0,0.0,20.0,10.0,77.64297253634894,3,short,ETH,2,2,54,20.0,32400000,42.460000000000036,symmetrical,32400000,-7.549382716049394e-07,0,loser,True,0.10652496292634557,0.9970341077607541,"['15m', '1h']",['support']
True,bullish,0.004225214854607816,False,bearish,0.023964379952770634,0,0,0,False,bearish,0.1740428041824448,1,{},{},{},{},{},[],0,0.6557930258717672,0.6258386560034283,0.2013498312710899,0.01709213628588606,3.5019433139580953,0.9543234394288966,2,True,True,symmetrical,0,0.02422483372051418,-4.801406799531151,0.016379310344825777,0.125862068965514,22.507183908046,1,0,0,1,1,0,0,1742241600000,bullish,1,1742261400000,0,bearish,0,1.3169934640522935e-06,0.001798748012138539,True,"[{'timeframe': '1h', 'zone_kind': 'resistance', 'distance_to_entry_r': 0.125862068965514, 'distance_to_target_r': 1.874137931034486}, {'timeframe': '15m', 'zone_kind': 'resistance', 'distance_to_entry_r': 0.016379310344825777, 'distance_to_target_r': 1.9836206896551742}]",1h favorable zone; 1h opposite zone before target; 15m favorable zone; 15m opposite zone before target,nested child aligned with parent,1,0,,,,,,,,,,,,,40,1.0,0.8379238667397606,1.0,20.0,0.5369816357527494,321363023.9135742,0.8379238667397606,0.16207613326023937,True,1.0,symmetrical,1.3793103448275863,0.2794219174299261,4h_only,-1.0610952950791301,0.2782552444321259,0.016337913920291935,0.011992170538116298,-0.007945779636447936,0.016213647305838075,-0.15402305343525358,-0.00795865558769182,-1.0804310548712852,1,bearish,1,0,0,0,20576470588235.227,9.005061867266587,8.0,20.0,0.0,0.0,10.0,47.00506186726659,1,long,ETH,2,2,29,16.10062599393073,15300000,60.710000000000036,symmetrical,15300000,-1.4705882352941177e-06,3,loser,True,0.016379310344825777,1.874137931034486,"['15m', '1h']",['resistance']
False,bullish,0.004990922212290978,True,bearish,0.021654703578799495,0,0,0,True,bearish,0.17420926078132698,1,{},{},{},{},{},[],0,0.923518164435951,1.4930448222565935,0.9244741873805009,0.013889313443785514,4.139754331733534,1.6166924265842537,6,False,True,ascending,0,0.011551922221262957,25.510778959471168,0.1763063422417212,0.8883127243717566,,3,0,3,0,3,3,0,1742262300000,neutral,3,1742380200000,6,bearish,2,1.017251461988303e-06,0.0,True,"[{'timeframe': '1h', 'zone_kind': 'support', 'distance_to_entry_r': 0.8883127243717566, 'distance_to_target_r': 1.1116872756282434}, {'timeframe': '15m', 'zone_kind': 'support', 'distance_to_entry_r': 0.1763063422417212, 'distance_to_target_r': 1.8236936577582787}]",4h favorable zone; 1h favorable zone; 1h opposite zone before target; 15m favorable zone; 15m opposite zone before target,nested child acceptable with parent,3,0,18,0.851063829787234,0.2598557001034386,0.9533850486933844,17.777606574216748,0.11164764413227818,350775884.6657715,0.2598557001034386,0.7401442998965614,True,1.0,ascending,41,1.0,0.44430391054732327,1.0,20.0,0.5369816357527494,306963023.9135742,0.44430391054732327,0.5556960894526767,True,1.0,symmetrical,0.391304347826087,0.9580040971612541,both,-1.0367887778912774,0.01837672281775815,-0.006355020076809326,-0.011258392205557244,-0.017393211316015678,0.00396930656572847,-0.15959325941556357,-0.015448365644347262,-1.056823438163623,3,bearish,1,0,0,0,-1.1467910582296648,14.71677820267688,14.0,14.0,15.0,20.0,10.0,87.71677820267688,3,short,ETH,2,2,46,20.0,34200000,65.47000000000003,ascending,34200000,0.0,0,loser,True,0.1763063422417212,1.1116872756282434,"['15m', '1h']",['support']
True,bullish,0.00810055100110307,False,bearish,0.014128926537502395,0,0,0,False,bearish,0.16481589951777897,1,{},{},{},{},{},[],0,0.5159827703468611,4.389162086587606,0.5236907730673308,0.014288716766293123,5.34914665895287,8.506412110693276,9,True,True,symmetrical,0,0.012696233510416018,-0.3637360915215595,,4.733727810650867,19.43658348340616,5,0,5,0,5,5,0,1742381100000,bullish,5,1742398200000,15,bearish,3,1.1670707070707067e-06,0.0,False,[],1h favorable zone; 15m favorable zone,nested child aligned with parent,5,0,45,0.9552238805970149,1.2943413191294644,0.9823868989702846,17.777606574216748,0.015950435011861462,7959570247.935059,1.2943413191294644,-0.2943413191294645,True,1.0,ascending,20,0.9850746268656716,1.2133427769354777,0.9870012247278038,18.819819511287754,0.19860834990059859,857672072.0720215,1.2133427769354777,-0.21334277693547765,True,1.0,symmetrical,0.6818181818181818,1.0038228315317717,both,1.8121493942991318,0.07944444444444809,0.02738689470685096,0.018907141971235664,-0.00019492380786123586,0.01413086368306371,-0.1461320409208453,-0.006285604711413373,1.8491211336527698,15,bearish,3,0,0,0,27316000000000.03,12.559737021083658,14.0,20.0,0.0,0.0,10.0,56.559737021083656,5,long,ETH,2,2,66,20.0,49500000,76.15000000000009,symmetrical,49500000,-1.2202020202020128e-07,0,winner,False,,,[],[]
False,bullish,0.026400069756275447,False,bullish,0.008623333551149696,0,2,0,True,bearish,0.1436604947268813,1,{},{},{},{},{},[],0,0.6727456940222919,0.7013096746937152,0.6930091185410399,0.005657550988403855,1.2150193089249566,1.0424588086185163,9,False,True,ascending,0,0.008434600088378258,25.221349050425715,0.5788043478260816,0.5438963210702321,,2,2,2,0,0,0,0,1742443200000,bullish,3,1742796000000,3,bullish,1,1.4338028169014103e-06,0.0,True,"[{'timeframe': '1h', 'zone_kind': 'support', 'distance_to_entry_r': 0.5438963210702321, 'distance_to_target_r': 1.4561036789297679}, {'timeframe': '15m', 'zone_kind': 'support', 'distance_to_entry_r': 0.5788043478260816, 'distance_to_target_r': 1.4211956521739184}]",4h favorable zone; 1h favorable zone; 1h opposite zone before target; 15m favorable zone; 15m opposite zone before target,nested child acceptable with parent,3,0,33,0.9753086419753086,0.4541282982558098,0.9967953572136669,20.0,0.6293464221131494,43486380.4284668,0.4541282982558098,0.5458717017441902,True,1.0,ascending,,,,,,,,,,,,,0.4125,0.701524153965384,1h_only,-1.043733126576216,0.4775687409551378,0.024129406082127103,-0.002831136005259305,0.03281474118869632,0.023697379069260283,-0.10169092437286875,0.03141471932397466,-1.0630617938145426,0,bearish,3,0,0,0,-0.35346073620163065,13.848784194528898,14.0,14.0,0.0,0.0,10.0,51.848784194528896,2,short,ETH,2,2,80,20.0,63900000,135.7800000000002,ascending,63900000,0.0,0,loser,True,0.5438963210702321,1.4211956521739184,"['15m', '1h']",['support']
True,bullish,0.007261063211774085,True,bullish,0.02201049347647507,0,0,0,False,bearish,0.08997566990825578,1,{},{},{},{},{},[],0,0.42631578947372045,0.4851388784907131,0.42631578947372045,0.006120136775834992,1.8845858945200342,1.1379800853484896,5,True,True,symmetrical,0,0.01902423924539333,2.1150282485875778,1.1376192867905444,4.2129583124057435,32.91712707182268,1,1,1,0,0,0,0,1742896800000,bullish,1,1742957100000,1,bullish,1,5.057471264367746e-07,0.00134222342257186,True,"[{'timeframe': '15m', 'zone_kind': 'resistance', 'distance_to_entry_r': 1.1376192867905444, 'distance_to_target_r': 0.8623807132094556}]",4h favorable zone; 1h favorable zone; 15m favorable zone; 15m opposite zone before target,nested child aligned with parent,1,1,32,1.0,0.5678309332199053,1.0,20.0,0.5209735482861155,67773771.96923828,0.5678309332199053,0.4321690667800947,True,1.0,symmetrical,,,,,,,,,,,,,0.8421052631578947,0.47902645171388447,1h_only,-1.1251779400393545,0.0004491017963998978,0.01080785334221157,0.0034430432712955206,0.03362799074918721,0.010635366961152526,-0.060189904680528095,0.02662123063748334,-1.14723444721073,0,bearish,0,0,0,0,4.899989315097967,11.656578947368775,18.0,20.0,15.0,0.0,10.0,74.65657894736877,1,long,ETH,2,2,38,17.32888828871407,26100000,61.210000000000036,symmetrical,26100000,-1.1896551724138e-06,2,loser,True,1.1376192867905444,0.8623807132094556,['15m'],['resistance']
False,bullish,0.004398073249620911,False,bullish,0.02174759416613182,0,0,0,True,bearish,0.08249071741687375,1,{},{},{},{},{},[],0,0.7406367041198534,1.0413375460768866,0.7808988764044821,0.0036638948223765067,0.9913112164296899,1.4060031595576612,3,True,True,descending,0,0.005462368149734536,121.64428312159077,0.2762982689747089,1.725366178428782,2.2526631158455617,4,4,4,0,0,0,0,1742958000000,neutral,5,1743015600000,15,bullish,3,0.0,0.0,True,"[{'timeframe': '1h', 'zone_kind': 'support', 'distance_to_entry_r': 1.725366178428782, 'distance_to_target_r': 0.2746338215712181}, {'timeframe': '15m', 'zone_kind': 'support', 'distance_to_entry_r': 0.2762982689747089, 'distance_to_target_r': 1.7237017310252911}]",4h favorable zone; 1h favorable zone; 1h opposite zone before target; 15m favorable zone; 15m opposite zone before target,nested child aligned with parent,5,4,49,0.972972972972973,-0.02298116098969004,0.9873246279987858,15.568762573514062,0.7455783377680366,13138658.549316406,-0.02298116098969004,1.02298116098969,True,1.0,symmetrical,,,,,,,,,,,,,1.3611111111111112,0.21928314290186288,1h_only,1.7665807796490598,-0.13310867733781895,-0.004462411111173514,-0.008802317865505338,0.01779828996499666,-0.004242468571142632,-0.05342134872577653,0.026751463285375143,1.8032792878733153,0,bearish,0,0,0,0,-0.3482678363620093,12.174213020081513,14.0,20.0,0.0,0.0,10.0,56.17421302008151,4,short,ETH,2,2,36,20.0,27900000,28.019999999999982,descending,27900000,-1.9749103942653113e-07,0,winner,True,0.2762982689747089,0.2746338215712181,"['15m', '1h']",['support']
True,bearish,0.007676502007836693,False,bullish,0.004162343098906189,0,0,0,True,bearish,0.07419451588035136,1,{},{},{},{},{},[],0,0.47028862478776484,0.4422800574804394,0.9202037351443091,0.004881550408723965,1.5622006227047625,0.9404438767364077,6,True,True,ascending,0,0.008097379329726644,48.90455531453415,0.065653298835704,0.24935316946959957,0.4560155239327256,3,3,3,0,0,0,0,1743121800000,bearish,4,1743136200000,16,neutral,4,4.802083333333308e-07,0.0,True,"[{'timeframe': '4h', 'zone_kind': 'support', 'distance_to_entry_r': 0.4560155239327256, 'distance_to_target_r': 1.5439844760672743}, {'timeframe': '1h', 'zone_kind': 'support', 'distance_to_entry_r': 0.24935316946959957, 'distance_to_target_r': 1.7506468305304004}, {'timeframe': '15m', 'zone_kind': 'support', 'distance_to_entry_r': 0.065653298835704, 'distance_to_target_r': 1.934346701164296}]",4h favorable zone; 4h opposite zone before target; 1h favorable zone; 1h opposite zone before target; 15m favorable zone; 15m opposite zone before target,nested child aligned with parent,4,3,54,1.0,0.24832091195094322,1.0,9.7175906911339,0.4689688715953313,139762289.9814453,0.24832091195094322,0.7516790880490568,True,1.0,descending,,,,,,,,,,,,,1.255813953488372,0.3863813229571989,1h_only,1.7816122195749053,0.16549502050381404,-0.01457384686631602,-0.007062647307554015,-0.006380676305898003,-0.01047314616487538,-0.07442151797931917,-0.00617255771011227,1.8153494051980805,0,bearish,0,0,0,0,-0.46291121460781226,13.594821368603727,8.0,20.0,15.0,0.0,10.0,66.59482136860373,3,short,ETH,2,2,43,20.0,28800000,39.72000000000003,ascending,28800000,0.0,0,winner,True,0.065653298835704,1.5439844760672743,"['15m', '1h', '4h']",['support']
True,bearish,0.00868078587909706,False,bullish,0.0029580883883290323,0,0,0,True,bearish,0.07383260943788572,1,{},{},{},{},{},[],0,0.6056338028169013,8.182792816939163,0.6056338028169013,0.028115715088733628,7.507370678102394,13.511123023318156,3,True,True,descending,0,0.005811274096554899,102.14603481624556,,0.27012590614269416,,5,5,5,0,0,0,0,1743137100000,bearish,5,1743372000000,15,neutral,3,0.0,0.0,True,"[{'timeframe': '1h', 'zone_kind': 'support', 'distance_to_entry_r': 0.27012590614269416, 'distance_to_target_r': 1.7298740938573058}]",4h favorable zone; 1h favorable zone; 1h opposite zone before target; 15m favorable zone,nested child aligned with parent,5,5,50,0.9818181818181818,-1.065291238776239,0.9849037889307677,11.75189737827103,0.5845410628019329,87381818.18188477,-1.065291238776239,2.065291238776239,True,1.0,descending,,,,,,,,,,,,,0.9259259259259259,0.3386781786411773,1h_only,1.8947733280684649,0.22671102661595954,-0.041404898381790955,-0.03336114965689807,-0.008034652047855362,-0.010936880904006019,-0.07546771755235404,-0.0077350886619902415,1.9271549095488145,0,bearish,0,0,0,0,-2.598945265529889,13.404929577464788,16.0,20.0,15.0,0.0,10.0,74.40492957746478,5,short,ETH,2,2,54,20.0,44100000,32.950000000000045,descending,44100000,-2.344671201814092e-07,0,winner,True,0.27012590614269416,1.7298740938573058,['1h'],['support']
True,bearish,0.0028149709835252642,True,bearish,0.04475801514590122,0,0,0,True,bearish,0.1029804780364237,1,{},{},{},{},{},[],0,0.8693424423569626,1.1169016402435683,0.8693424423569626,0.0040258857003300265,0.806626803445065,1.284766032146576,2,False,True,symmetrical,0,0.017088097373769432,11.35880398671111,0.11135291984040327,,,3,3,3,0,0,0,0,1743454800000,bearish,4,1743484500000,8,bearish,2,1.2866666666666711e-06,0.0,True,"[{'timeframe': '15m', 'zone_kind': 'support', 'distance_to_entry_r': 0.11135291984040327, 'distance_to_target_r': 1.8886470801595967}]",4h favorable zone; 1h favorable zone; 15m favorable zone; 15m opposite zone before target,nested child acceptable with parent,4,3,36,0.9666666666666667,0.5950481564354502,0.988419198590929,17.576901432838397,0.12823013164310076,737110266.159668,0.5950481564354502,0.40495184356454983,True,1.0,ascending,,,,,,,,,,,,,1.2413793103448276,0.7403705509507562,1h_only,-1.0804147986847965,0.34732547597461083,-0.00623328615003671,-0.0034455002127412593,-0.048222319070898245,-0.005872819440369659,-0.1296704626498303,-0.04398582638590687,-1.0967653967786892,0,bearish,0,0,0,0,-0.43006727113190873,13.048862709333621,18.0,14.0,15.0,0.0,10.0,70.04886270933362,3,short,ETH,2,2,29,20.0,18000000,60.74000000000001,symmetrical,18000000,-3.85555555555546e-07,0,loser,True,0.11135291984040327,1.8886470801595967,['15m'],['support']
True,bullish,0.008166530862386613,False,bearish,0.013034232085483745,0,0,0,False,bearish,0.09168779576265004,1,{},{},{},{},{},[],0,0.34630170690450546,1.784539799516616,0.801322466553897,0.007877997914494212,1.1973533024287704,5.153136019652113,0,True,True,ascending,0,0.01658090676278098,13.433678941723315,1.533640907343334,0.0021145713187260165,15.21299500192234,1,1,1,0,0,0,0,1743624900000,bullish,1,1743625800000,4,neutral,4,1.8281045751634004e-06,0.0,True,"[{'timeframe': '1h', 'zone_kind': 'resistance', 'distance_to_entry_r': 0.0021145713187260165, 'distance_to_target_r': 1.997885428681274}, {'timeframe': '15m', 'zone_kind': 'resistance', 'distance_to_entry_r': 1.533640907343334, 'distance_to_target_r': 0.46635909265666614}]",4h favorable zone; 1h favorable zone; 1h opposite zone before target; 15m favorable zone; 15m opposite zone before target,nested child aligned with parent,1,1,57,0.9629629629629629,1.215891280163189,0.9840358580939851,18.606767602692212,0.5709845930040329,125359629.4152832,1.215891280163189,-0.215891280163189,True,1.0,symmetrical,,,,,,,,,,,,,2.1923076923076925,0.4290154069959671,1h_only,-1.0368953303686443,0.35619382571316527,0.03197600271457102,0.023351539909826968,0.006601168146200376,0.019983632102917648,-0.0788047594854484,0.0061795401344570955,-1.0537430298119954,0,bearish,0,0,0,0,1.6836376217597189,12.582769491004147,14.0,20.0,15.0,0.0,10.0,71.58276949100414,1,long,ETH,2,2,26,20.0,15300000,64.88000000000011,ascending,15300000,0.0,0,loser,True,0.0021145713187260165,0.46635909265666614,"['15m', '1h']",['resistance']
False,bullish,0.008109500467725355,True,bearish,0.013034232085483745,0,0,0,True,bearish,0.09168779576265004,1,{},{},{},{},{},[],0,0.7018963337547414,1.5044439627140658,0.8720606826801529,0.015337202891637853,1.5785950191912788,2.143399089529584,2,True,True,ascending,0,0.015396556279725195,11.433678941723315,0.27242386316228473,0.0953274926992059,0.2707551105548603,1,1,1,0,0,0,0,1743626700000,neutral,1,1743683400000,4,neutral,4,1.8281045751634004e-06,0.0,True,"[{'timeframe': '4h', 'zone_kind': 'support', 'distance_to_entry_r': 0.2707551105548603, 'distance_to_target_r': 1.7292448894451398}, {'timeframe': '1h', 'zone_kind': 'support', 'distance_to_entry_r': 0.0953274926992059, 'distance_to_target_r': 1.9046725073007942}, {'timeframe': '15m', 'zone_kind': 'support', 'distance_to_entry_r': 0.27242386316228473, 'distance_to_target_r': 1.7275761368377152}]",4h favorable zone; 4h opposite zone before target; 1h favorable zone; 1h opposite zone before target; 15m favorable zone; 15m opposite zone before target,nested child aligned with parent,1,1,57,0.9310344827586207,0.29180804469683197,0.9689977413984362,18.606767602692212,0.5709845930040329,125359629.4152832,0.29180804469683197,0.708191955303168,True,1.0,symmetrical,,,,,,,,,,,,,2.0357142857142856,0.4290154069959671,1h_only,1.8515688153975507,-0.5077466702908391,-0.0017953046250485105,-0.009810827990972992,0.006601168146200376,0.019983632102917648,-0.0788047594854484,0.0061795401344570955,1.883638376519881,0,bearish,0,0,0,0,-1.5484052532832817,14.520227560050573,8.0,20.0,15.0,0.0,10.0,67.52022756005057,1,short,ETH,2,2,28,20.0,15300000,64.88000000000011,ascending,15300000,0.0,0,winner,True,0.0953274926992059,1.7275761368377152,"['15m', '1h', '4h']",['support']
False,bearish,0.009112286628744944,False,bearish,0.028457115605635488,0,0,0,False,bearish,0.09961524864378646,1,{},{},{},{},{},[],0,0.443134535367534,0.8575454606454908,0.45214979195561367,0.004840484048404816,1.1809702744413817,1.935180836073284,5,True,True,ascending,0,0.006488095238095202,53.412844036697834,0.09606587374199549,0.3607044830741073,2.993595608417201,1,1,1,0,0,0,0,1743755400000,neutral,1,1743763500000,1,bearish,1,5.589743589743559e-07,0.002527001069451983,True,"[{'timeframe': '1h', 'zone_kind': 'resistance', 'distance_to_entry_r': 0.3607044830741073, 'distance_to_target_r': 1.6392955169258927}, {'timeframe': '15m', 'zone_kind': 'resistance', 'distance_to_entry_r': 0.09606587374199549, 'distance_to_target_r': 1.9039341262580045}]",4h favorable zone; 1h favorable zone; 1h opposite zone before target; 15m favorable zone; 15m opposite zone before target,nested child aligned with parent,1,1,27,0.9767441860465116,1.019186330424145,0.9803100851991284,15.556207631237926,0.459589743589743,63694532.470458984,1.019186330424145,-0.019186330424145078,True,1.0,symmetrical,,,,,,,,,,,,,0.6428571428571429,0.49230769230769234,1h_only,-1.0443237253847184,0.012138188608777911,0.004424609482070796,0.013702629172068104,-0.02809744603826614,-0.0004524154013326731,-0.1139809783565493,-0.028209798371603756,-1.0604141949750603,0,bearish,0,0,0,0,1.3274934157792246,11.615095004646006,14.0,20.0,0.0,0.0,10.0,55.61509500464601,1,long,ETH,2,2,42,15.736499465274008,23400000,48.0,ascending,23400000,0.0,3,loser,True,0.09606587374199549,1.6392955169258927,"['15m', '1h']",['resistance']
True,bearish,0.008208169488753289,True,bearish,0.028407835596922275,0,0,0,True,bearish,0.09961524864378646,1,{},{},{},{},{},[],0,0.5836035201482148,1.2735634507504827,0.8550254747568262,0.010715290816604968,1.9338454540859853,2.182240865214525,2,True,True,ascending,0,0.005320100870414023,120.28746177370135,0.23997071742313486,0.2035139092240132,0.2035139092240132,3,3,3,0,0,0,0,1743766200000,bearish,3,1743963300000,3,bearish,1,4.5416666666666414e-07,0.0,True,"[{'timeframe': '4h', 'zone_kind': 'support', 'distance_to_entry_r': 0.2035139092240132, 'distance_to_target_r': 1.7964860907759868}, {'timeframe': '1h', 'zone_kind': 'support', 'distance_to_entry_r': 0.2035139092240132, 'distance_to_target_r': 1.7964860907759868}, {'timeframe': '15m', 'zone_kind': 'support', 'distance_to_entry_r': 0.23997071742313486, 'distance_to_target_r': 1.760029282576865}]",4h favorable zone; 4h opposite zone before target; 1h favorable zone; 1h opposite zone before target; 15m favorable zone; 15m opposite zone before target,nested child aligned with parent,3,3,30,0.7692307692307693,-0.04938876318698244,0.8264846851772427,15.556207631237926,0.459589743589743,52894532.470458984,-0.04938876318698244,1.0493887631869825,True,1.0,symmetrical,,,,,,,,,,,,,0.7894736842105263,0.6635897435897441,1h_only,1.8941523856784586,-0.38340158997831386,-0.028025207584207124,-0.020208298257336055,-0.04547423123845995,-0.018869896448228785,-0.1139809783565493,-0.028209798371603756,1.9253783310109993,0,bearish,0,0,0,0,-0.3891289978135885,14.207966651227387,8.0,20.0,15.0,0.0,10.0,67.2079666512274,3,short,ETH,2,2,38,20.0,28800000,64.70000000000005,ascending,28800000,0.0,0,winner,True,0.2035139092240132,1.760029282576865,"['15m', '1h', '4h']",['support']
True,bearish,0.02385116634308842,True,bearish,0.08840531982995968,0,0,0,True,bearish,0.14335104078653232,1,{},{},{},{},{},[],0,0.6819338422391817,0.4981875638999818,0.7900763358778483,0.01471214782934232,2.186758372835158,0.7305511664652762,3,True,True,symmetrical,0,0.030274414264401077,-1.4579180509413163,0.8036786786786856,,,1,1,1,0,0,0,0,1744095600000,bearish,1,1744124400000,1,bearish,1,2.849629629629632e-06,0.0005959261639943347,True,"[{'timeframe': '15m', 'zone_kind': 'support', 'distance_to_entry_r': 0.8036786786786856, 'distance_to_target_r': 1.1963213213213144}]",4h favorable zone; 1h favorable zone; 15m favorable zone; 15m opposite zone before target,nested child aligned with parent,1,1,24,1.0,0.5163336959638551,1.0,17.488778015091814,0.6594301221166896,19185185.185302734,0.5163336959638551,0.48366630403614486,True,1.0,symmetrical,,,,,,,,,,,,,1.0434782608695652,0.34056987788331045,1h_only,1.8023787250450005,0.18551311240407797,-0.022111577133532512,0.0012411506287512974,-0.09925377407960878,-0.02132080799751268,-0.19877195661162161,-0.09480397035544241,1.8285710496497218,0,bearish,0,0,0,0,-23527333333333.445,14.21278625954193,18.0,20.0,15.0,0.0,10.0,77.21278625954193,1,short,ETH,2,2,23,18.702036918002833,13500000,77.80999999999995,symmetrical,13500000,-1.1637037037037065e-06,1,winner,True,0.8036786786786856,1.1963213213213144,['15m'],['support']
True,bullish,0.002882732907877943,False,bearish,0.04266178168429328,0,0,0,False,bearish,0.16746972099217267,1,{},{},{},{},{},[],0,0.4227642276422749,0.3123826687692312,0.9593495934959244,0.008608425368259901,2.0189838935674556,0.7389051588195303,5,True,True,symmetrical,0,0.007444960470805102,27.223809523809678,0.14747003994674,0.5252996005326305,12.735685752330246,1,1,1,0,0,0,0,1744442100000,bullish,1,1744465500000,1,bearish,1,1.1111111111111218e-07,0.0028412773715937776,True,"[{'timeframe': '1h', 'zone_kind': 'resistance', 'distance_to_entry_r': 0.5252996005326305, 'distance_to_target_r': 1.4747003994673695}, {'timeframe': '15m', 'zone_kind': 'resistance', 'distance_to_entry_r': 0.14747003994674, 'distance_to_target_r': 1.85252996005326}]",1h favorable zone; 1h opposite zone before target; 15m favorable zone; 15m opposite zone before target,nested child aligned with parent,1,1,42,1.0,0.6585399661783494,1.0,17.358192379976106,0.7077246922242765,38495502.478515625,0.6585399661783494,0.3414600338216505,True,1.0,symmetrical,,,,,,,,,,,,,0.6268656716417911,0.32225553358423303,1h_only,1.8207589099575001,0.008226144181868511,0.010287003913610038,0.007353200949814731,-0.03263102698370912,0.00901051818902232,-0.1755375230449554,-0.043466558502376795,1.8438467322555394,0,bearish,0,0,0,0,1.9209958602996617,13.634146341463367,8.0,20.0,0.0,0.0,10.0,51.634146341463364,1,long,ETH,2,2,67,16.579361314203112,42300000,50.52000000000021,symmetrical,42300000,-4.846335697399527e-07,2,winner,True,0.14747003994674,1.4747003994673695,"['15m', '1h']",['resistance']
True,bullish,0.012220783179530377,False,bearish,0.03364904039766949,0,0,0,False,bearish,0.16139334764483065,1,{},{},{},{},{},[],0,0.5980392156862724,1.654286051173204,0.6368286445012801,0.02007211763020721,3.800259403372238,2.7661832331093015,2,True,True,ascending,0,0.015691708617635178,7.236530292868338,3.1808930425752764,3.705919003115259,6.640498442367589,2,1,1,0,0,0,1,1744466400000,bullish,2,1744551000000,1,neutral,1,1.2425000000000006e-06,0.0012114797258160179,False,[],1h favorable zone; 15m favorable zone,nested child aligned with parent,1,2,49,0.5208333333333334,1.9071351824585123,0.6766025570032087,17.358192379976106,0.7077246922242765,13295502.478515625,1.9071351824585123,-0.9071351824585123,True,1.0,symmetrical,,,,,,,,,,,,,1.0425531914893618,0.3868724883587427,1h_only,-1.037982291916067,-0.8652027027026952,0.04431862141478726,0.031158572078471503,0.008389047090078705,0.04380679336158799,-0.1518746293476655,-0.01737054835637475,-1.0492096672227562,0,bearish,0,0,0,0,4.9828230714571875,13.476342710997434,14.0,20.0,15.0,0.0,10.0,72.47634271099744,1,long,ETH,2,2,47,16.39426013709199,36000000,60.65000000000009,ascending,36000000,0.0,3,loser,False,,,[],[]
False,bearish,0.0003704023086862682,False,bearish,0.013475953382446958,0,1,0,False,bearish,0.14992124842165475,1,{},{},{},{},{},[],0,0.4968750000000029,0.18845561218442966,0.7609375000000077,0.006494822675961614,0.6100361502903907,0.37928173521394426,2,True,True,symmetrical,0,0.02953298800158758,2.6257753273604294,0.2928039702233213,0.7568238213399465,14.990488006617001,1,1,1,0,0,0,0,1744587000000,bearish,1,1744597800000,2,bearish,2,8.076388888888807e-07,0.0012522618220575756,True,"[{'timeframe': '1h', 'zone_kind': 'resistance', 'distance_to_entry_r': 0.7568238213399465, 'distance_to_target_r': 1.2431761786600535}, {'timeframe': '15m', 'zone_kind': 'resistance', 'distance_to_entry_r': 0.2928039702233213, 'distance_to_target_r': 1.7071960297766786}]",1h favorable zone; 1h opposite zone before target; 15m favorable zone; 15m opposite zone before target,nested child aligned with parent,1,0,56,0.9565217391304348,0.36209665758127607,0.9971758587088658,16.00621826327346,0.3542358483280554,313098757.357666,0.36209665758127607,0.6379033424187239,True,1.0,symmetrical,,,,,,,,,,,,,2.5454545454545454,0.6898602208664756,1h_only,1.7852618012136905,0.2942633308061685,-0.003960925126275661,-0.003593315653932727,-0.022717364965134212,-0.009674967265179801,-0.14480710634539606,-0.019036178762846356,1.806467517201918,0,bearish,1,0,0,0,2.0807086614173174,13.334765625000045,8.0,20.0,0.0,0.0,10.0,51.334765625000045,1,long,ETH,2,2,22,18.37386908897121,14400000,89.32999999999993,symmetrical,14400000,-3.2229166666666723e-06,1,winner,True,0.2928039702233213,1.2431761786600535,"['15m', '1h']",['resistance']
True,bullish,0.0032667938639257487,False,bearish,0.0115914587746494,0,1,0,False,bearish,0.14816018896643304,1,{},{},{},{},{},[],0,0.45007800312012564,0.4557301950872744,0.07332293291732131,0.0042651087638179855,0.5483222251250177,1.012558249743301,0,True,True,symmetrical,0,0.01141211736756349,27.285558583106194,0.2039828773497079,3.3824678950307083,6.012283640424341,1,1,1,0,0,0,0,1744599600000,bullish,1,1744762500000,2,neutral,2,9.192307692307689e-07,0.0016999658680175093,True,"[{'timeframe': '15m', 'zone_kind': 'resistance', 'distance_to_entry_r': 0.2039828773497079, 'distance_to_target_r': 1.7960171226502921}]",1h favorable zone; 15m favorable zone; 15m opposite zone before target,nested child aligned with parent,1,0,60,0.972972972972973,0.8349566603172556,0.9866795895923333,16.11984191859622,0.3101397791335244,395606474.1035156,0.8349566603172556,0.1650433396827444,True,1.0,symmetrical,,,,,,,,,,,,,1.6666666666666667,0.6898602208664756,1h_only,-1.0335830548183667,-0.1891588138670388,0.019250290884899934,0.015867775664101025,0.007694272079924014,0.01960390497846265,-0.13956648473818822,-0.013850135373840056,-1.0439742666099319,0,bearish,1,0,0,0,1.180251253270491,6.3730921628876365,12.0,20.0,15.0,0.0,10.0,63.37309216288764,1,long,ETH,2,2,36,18.150017065991246,23400000,89.32999999999993,symmetrical,23400000,-6.491452991453015e-07,1,loser,True,0.2039828773497079,1.7960171226502921,['15m'],['resistance']
False,bearish,0.0029016714458942345,False,bearish,0.011414956539801988,0,0,0,False,bearish,0.12282668119417557,1,{},{},{},{},{},[],0,0.7555555555555505,1.1925640126271477,0.9644444444444515,0.0037376138136636355,1.0356015433181356,1.5783935461241767,7,True,True,descending,0,0.02111363752927697,3.6639676113361475,0.7794822627037449,0.48801534036434463,9.799616490891601,1,1,1,0,0,0,0,1744938900000,bearish,3,1744953300000,3,bearish,1,0.0,0.0,True,"[{'timeframe': '1h', 'zone_kind': 'resistance', 'distance_to_entry_r': 0.48801534036434463, 'distance_to_target_r': 1.5119846596356554}, {'timeframe': '15m', 'zone_kind': 'resistance', 'distance_to_entry_r': 0.7794822627037449, 'distance_to_target_r': 1.220517737296255}]",1h favorable zone; 1h opposite zone before target; 15m favorable zone; 15m opposite zone before target,nested child aligned with parent,3,1,33,0.9333333333333333,0.46322619766274004,0.9960076099674715,20.0,0.31916268251712127,159587854.25097656,0.46322619766274004,0.5367738023372599,True,1.0,ascending,,,,,,,,,,,,,1.1379310344827587,0.5212559762243196,1h_only,-1.1977146096132412,0.11472970738964217,-0.004366925118728715,-0.0014822071513128643,-0.019155651381176697,-0.008049480128421549,-0.12185730069250411,-0.015690292079571733,-1.2110202053480794,0,bearish,0,0,0,0,2.3049723756905753,12.973087387162167,8.0,20.0,0.0,0.0,10.0,50.97308738716217,1,long,ETH,2,2,29,20.0,18000000,40.340000000000146,descending,18000000,-1.3722222222222247e-06,0,loser,True,0.48801534036434463,1.220517737296255,"['15m', '1h']",['resistance']
False,bearish,0.004109122705044687,False,bearish,0.011701538469753239,0,0,0,False,bearish,0.1212367535867072,1,{},{},{},{},{},[],0,0.7461928934010188,0.6674991485980377,0.9162436548223547,0.005014453282201406,1.7970798263680883,0.8945396753320599,10,True,True,descending,0,0.020418877099911827,6.464140730716736,0.5469090909090896,0.3258181818181831,7.3890909090909025,4,4,4,0,0,0,0,1744964100000,bearish,4,1745083800000,4,bearish,1,0.0,0.00025858229550634285,True,"[{'timeframe': '1h', 'zone_kind': 'resistance', 'distance_to_entry_r': 0.3258181818181831, 'distance_to_target_r': 1.6741818181818169}, {'timeframe': '15m', 'zone_kind': 'resistance', 'distance_to_entry_r': 0.5469090909090896, 'distance_to_target_r': 1.4530909090909103}]",4h favorable zone; 1h favorable zone; 1h opposite zone before target; 15m favorable zone; 15m opposite zone before target,nested child aligned with parent,4,4,40,0.9333333333333333,0.29723709805240334,0.9891195660753932,20.0,0.49941852952577903,90276636.48120117,0.29723709805240334,0.7027629019475966,True,1.0,ascending,,,,,,,,,,,,,1.3793103448275863,0.16126114485075593,1h_only,1.6505046715449998,0.08166376306618783,-0.0021921381901456316,0.0019158318810077457,-0.015240195443960158,-0.0037603216638889547,-0.11939968978497151,-0.014149145642793015,1.670863831550175,0,bearish,0,0,0,0,4.479589700649139,14.68591370558383,14.0,20.0,0.0,0.0,10.0,58.68591370558383,4,long,ETH,2,2,29,17.87070885224683,18900000,12.480000000000018,descending,18900000,-3.910052910052963e-07,2,winner,True,0.3258181818181831,1.4530909090909103,"['15m', '1h']",['resistance']
True,bullish,0.004017019611839339,False,bearish,0.00623268408063102,0,0,0,False,bearish,0.11169651178717875,1,{},{},{},{},{},[],0,0.4778728151729256,2.8912138598267285,0.48902937895128024,0.0067049391393047345,2.4254696816289707,6.050174372820305,9,True,True,ascending,0,0.0020878365101196484,297.01176470591645,0.18185533306089255,0.3637106661217851,2.8381691867592957,2,0,0,2,2,0,0,1745084700000,bullish,4,1745133300000,0,bearish,0,4.970760233917597e-08,0.0006309733357383825,True,"[{'timeframe': '1h', 'zone_kind': 'resistance', 'distance_to_entry_r': 0.3637106661217851, 'distance_to_target_r': 1.636289333878215}, {'timeframe': '15m', 'zone_kind': 'resistance', 'distance_to_entry_r': 0.18185533306089255, 'distance_to_target_r': 1.8181446669391075}]",4h favorable zone; 1h favorable zone; 1h opposite zone before target; 15m favorable zone; 15m opposite zone before target,nested child aligned with parent,4,0,,,,,,,,,,,,,18,0.9655172413793104,1.0680095402271688,0.9777638142624486,18.8551691661367,0.31916268251712127,42226396.76123047,1.0680095402271688,-0.06800954022716885,True,1.0,ascending,0.6428571428571429,0.18787957100400499,4h_only,-1.0835365629938671,-0.3741987179487172,0.014814741885189386,0.010694614241154365,-0.0031594535344751096,0.0030726288897486853,-0.09867249213624518,0.0022268332122648005,-1.095072391019914,4,bearish,1,0,0,0,1.811296839103222,12.201097062104855,14.0,20.0,0.0,0.0,10.0,56.20109706210486,2,long,ETH,2,2,28,18.68451333213081,17100000,14.539999999999964,ascending,17100000,0.0,1,loser,True,0.18185533306089255,1.636289333878215,"['15m', '1h']",['resistance']
False,bullish,0.00424602103607324,True,bearish,0.0019776424750940803,0,0,0,True,bearish,0.10763407968734677,1,{},{},{},{},{},[],0,0.6575052854122385,0.6822419655588235,0.04439746300212168,0.009419611081659379,3.330602871885361,1.037622024788859,6,False,True,symmetrical,0,0.012689448788493091,1.7310764549258693,0.02011776251225968,0.02011776251225968,1.6859666339548438,6,0,0,6,6,0,0,1745136000000,neutral,6,1745195400000,0,bearish,0,2.6004728132387706e-07,0.0,True,"[{'timeframe': '4h', 'zone_kind': 'support', 'distance_to_entry_r': 1.6859666339548438, 'distance_to_target_r': 0.31403336604515625}, {'timeframe': '1h', 'zone_kind': 'support', 'distance_to_entry_r': 0.02011776251225968, 'distance_to_target_r': 1.9798822374877403}, {'timeframe': '15m', 'zone_kind': 'support', 'distance_to_entry_r': 0.02011776251225968, 'distance_to_target_r': 1.9798822374877403}]",4h favorable zone; 4h opposite zone before target; 1h favorable zone; 1h opposite zone before target; 15m favorable zone; 15m opposite zone before target,nested child acceptable with parent,6,0,,,,,,,,,,,,,22,0.4426229508196721,0.6582116081906294,0.6037406611191943,18.8551691661367,0.31916268251712127,-15373603.238769531,0.6582116081906294,0.34178839180937054,True,1.0,ascending,0.36666666666666664,0.44618167721927804,4h_only,-1.1011572779898018,-0.8199814413856985,-0.0036438003312555534,-0.007841177226989737,-0.0054203457760719775,-0.003460228810539978,-0.10082430477646875,-0.004475504377751238,-1.1141007251876156,6,bearish,1,0,0,0,-15.679630850363496,8.416490486257956,8.0,14.0,0.0,20.0,10.0,60.416490486257956,6,short,ETH,2,2,60,20.0,42300000,34.52999999999997,symmetrical,42300000,-3.614657210401883e-07,0,loser,True,0.02011776251225968,0.31403336604515625,"['15m', '1h', '4h']",['support']
False,bearish,0.0038752407378268355,False,bearish,0.005891212606457405,0,0,0,False,bearish,0.10573481341218038,1,{},{},{},{},{},[],0,0.3520818115412708,0.7712617009360633,0.5558802045288529,0.009972762611616004,2.5497927158116283,2.19057524601965,0,True,True,symmetrical,0,0.0061341043777480096,64.68289832489359,0.07496288965858405,0.33819891142998637,0.028946066303811743,4,0,0,4,4,0,0,1745196300000,neutral,4,1745254800000,0,bearish,0,1.356807511737065e-07,0.0002581284270913563,True,"[{'timeframe': '4h', 'zone_kind': 'resistance', 'distance_to_entry_r': 0.028946066303811743, 'distance_to_target_r': 1.9710539336961883}, {'timeframe': '1h', 'zone_kind': 'resistance', 'distance_to_entry_r': 0.33819891142998637, 'distance_to_target_r': 1.6618010885700136}, {'timeframe': '15m', 'zone_kind': 'resistance', 'distance_to_entry_r': 0.07496288965858405, 'distance_to_target_r': 1.925037110341416}]",4h favorable zone; 4h opposite zone before target; 1h favorable zone; 1h opposite zone before target; 15m favorable zone; 15m opposite zone before target,nested child aligned with parent,4,0,,,,,,,,,,,,,32,1.0,0.7329936940842313,1.0,17.76105293963782,0.43120532813515344,359669090.2241211,0.7329936940842313,0.2670063059157687,True,1.0,symmetrical,0.4,0.4248700454840797,4h_only,-1.044282281664676,-0.30779172821270384,0.013078735222204596,0.01707168133077075,-0.009507885060673682,-0.003694242066501263,-0.10259664918014566,-0.00851813134541346,-1.0577356212171216,4,bearish,1,0,0,0,1.6813859227540149,11.697041636230823,8.0,20.0,0.0,0.0,10.0,49.69704163623082,4,long,ETH,2,2,80,18.87093578645432,63900000,52.309999999999945,symmetrical,63900000,-2.6604068857589984e-07,1,loser,True,0.028946066303811743,1.6618010885700136,"['15m', '1h', '4h']",['resistance']
False,bullish,0.007591841449965228,False,bullish,0.0026633906351381438,0,0,0,True,bearish,0.09724285423802398,1,{},{},{},{},{},[],0,0.3082155939298865,0.5630167757969775,0.34170591313448495,0.01854564132598056,2.8592752179236034,1.8266978922716472,2,True,True,symmetrical,0,0.008015122873345944,33.1289308176099,0.08544520547945207,0.09297945205479546,0.3133561643835604,1,0,0,1,1,0,0,1745255700000,neutral,1,1745326800000,0,neutral,0,5.858119658119693e-07,0.0029564298188484673,True,"[{'timeframe': '4h', 'zone_kind': 'support', 'distance_to_entry_r': 0.3133561643835604, 'distance_to_target_r': 1.6866438356164397}, {'timeframe': '1h', 'zone_kind': 'support', 'distance_to_entry_r': 0.09297945205479546, 'distance_to_target_r': 1.9070205479452045}, {'timeframe': '15m', 'zone_kind': 'support', 'distance_to_entry_r': 0.08544520547945207, 'distance_to_target_r': 1.9145547945205479}]",4h favorable zone; 4h opposite zone before target; 1h favorable zone; 1h opposite zone before target; 15m favorable zone; 15m opposite zone before target,nested child aligned with parent,1,0,,,,,,,,,,,,,36,0.4868421052631579,0.27250923862618004,0.593561062392732,17.87948185706956,0.4509421702404171,393261095.1008301,0.27250923862618004,0.72749076137382,True,1.0,symmetrical,0.48,0.6874593892137754,4h_only,-1.026773198596118,-0.1961792799412223,-0.01731824579581931,-0.02459512131010122,-0.01078548096392129,-0.013384880976826774,-0.07948767247657496,0.011011224018396826,-1.0411021819942188,1,bearish,1,0,0,0,-1.1534765068818322,10.630690737833637,8.0,20.0,0.0,20.0,10.0,68.63069073783365,1,short,ETH,2,2,75,15.521785090575767,58500000,84.6400000000001,symmetrical,58500000,-2.839316239316222e-07,3,loser,True,0.08544520547945207,1.6866438356164397,"['15m', '1h', '4h']",['support']
True,bullish,0.005341420953693937,False,bearish,0.000566888374862962,0,0,0,False,bearish,0.09268057445139782,1,{},{},{},{},{},[],0,0.7553990610328616,2.1242326226153496,0.906572769953051,0.006878530295519781,1.4839263317710796,2.8120668030893152,6,True,True,ascending,0,0.022870662460567914,3.2315270935959006,0.0009118541033426395,0.38571428571428895,0.38571428571428895,2,0,0,2,2,0,0,1745329500000,bullish,2,1745334000000,0,neutral,0,2.142777777777787e-06,0.0004050377278820128,True,"[{'timeframe': '4h', 'zone_kind': 'resistance', 'distance_to_entry_r': 0.38571428571428895, 'distance_to_target_r': 1.614285714285711}, {'timeframe': '1h', 'zone_kind': 'resistance', 'distance_to_entry_r': 0.38571428571428895, 'distance_to_target_r': 1.614285714285711}, {'timeframe': '15m', 'zone_kind': 'resistance', 'distance_to_entry_r': 0.0009118541033426395, 'distance_to_target_r': 1.9990881458966574}]",4h favorable zone; 4h opposite zone before target; 1h favorable zone; 1h opposite zone before target; 15m favorable zone; 15m opposite zone before target,nested child aligned with parent,2,0,,,,,,,,,,,,,41,1.0,0.8400137299615195,1.0,18.190194017376676,0.22035412605588112,1617078068.558838,0.8400137299615195,0.15998627003848057,True,1.0,ascending,1.4642857142857142,0.4891975308641972,4h_only,1.8242944448806384,-0.03369579809371004,0.02625511078300824,0.020660198037844024,0.018872691304130162,0.019461519110372194,-0.0708699333838273,0.016678608398922545,1.8516809085761567,2,bearish,1,0,0,0,2.8035943517330666,14.649647887323942,8.0,20.0,0.0,0.0,10.0,52.649647887323944,2,long,ETH,2,2,28,18.797481136058995,18000000,60.23000000000002,ascending,18000000,0.0,1,winner,True,0.0009118541033426395,1.614285714285711,"['15m', '1h', '4h']",['resistance']
True,bullish,0.009909265157022243,True,bullish,0.040442586167863635,0,0,0,False,bearish,0.02811604661301212,1,{},{},{},{},{},[],0,0.6480446927374279,4.390159986237723,0.6488065007618109,0.006947467011928116,2.1692757612248545,6.774471013246165,0,True,True,ascending,0,0.003419650980913364,168.8834080717471,0.23505674653215422,0.17427490542244234,0.17755359394703524,4,0,4,0,4,4,0,1745656200000,bullish,4,1745667000000,8,bullish,2,1.6518518518518654e-07,0.0,True,"[{'timeframe': '4h', 'zone_kind': 'resistance', 'distance_to_entry_r': 0.17755359394703524, 'distance_to_target_r': 1.8224464060529648}, {'timeframe': '1h', 'zone_kind': 'resistance', 'distance_to_entry_r': 0.17427490542244234, 'distance_to_target_r': 1.8257250945775576}, {'timeframe': '15m', 'zone_kind': 'resistance', 'distance_to_entry_r': 0.23505674653215422, 'distance_to_target_r': 1.7649432534678458}]",4h favorable zone; 4h opposite zone before target; 1h favorable zone; 1h opposite zone before target; 15m favorable zone; 15m opposite zone before target,nested child aligned with parent,4,0,29,0.9830508474576272,1.3022542067943765,0.9885776857678192,18.158594043915215,0.6419394481063573,20984128.089111328,1.3022542067943765,-0.30225420679437665,True,1.0,symmetrical,25,0.9830508474576272,1.0038614638340626,0.99371329391421,18.703705291079924,0.651188118811881,89981937.0534668,1.0038614638340626,-0.003861463834062556,True,1.0,symmetrical,0.5,0.3768294045358063,both,-1.0527619007003723,0.1323694779116531,0.026782633019291957,0.016440693164454956,0.05459487606851621,0.011455738442732732,0.023262280511688882,0.05357369038049686,-1.0665910657693531,4,neutral,1,0,0,0,1.5022437003797073,13.683024377856793,8.0,20.0,15.0,20.0,10.0,86.6830243778568,4,long,ETH,2,2,58,20.0,40500000,33.73000000000002,ascending,40500000,0.0,0,loser,True,0.17427490542244234,1.7649432534678458,"['15m', '1h', '4h']",['resistance']
True,bullish,0.006664595878300649,True,bullish,0.03897133654997469,0,0,0,False,bearish,0.024889730462964915,1,{},{},{},{},{},[],0,0.9270833333333206,0.7410491257285488,0.9982638888888905,0.003589538196464799,0.8945918084136063,0.7993338884263108,6,True,True,descending,0,0.017208036221655967,13.857256990679161,0.20055932880543298,0.15741110667199595,1.2928485817019642,1,0,0,1,1,0,0,1745686800000,bullish,1,1745715600000,0,bullish,0,0.0,0.0,True,"[{'timeframe': '4h', 'zone_kind': 'resistance', 'distance_to_entry_r': 1.2928485817019642, 'distance_to_target_r': 0.7071514182980358}, {'timeframe': '1h', 'zone_kind': 'resistance', 'distance_to_entry_r': 0.15741110667199595, 'distance_to_target_r': 1.8425888933280041}, {'timeframe': '15m', 'zone_kind': 'resistance', 'distance_to_entry_r': 0.20055932880543298, 'distance_to_target_r': 1.799440671194567}]",4h favorable zone; 4h opposite zone before target; 1h favorable zone; 1h opposite zone before target; 15m favorable zone; 15m opposite zone before target,nested child aligned with parent,1,0,,,,,,,,,,,,,27,0.9428571428571428,0.7697040427775349,0.9876388326718634,18.703705291079924,0.651188118811881,61181937.0534668,0.7697040427775349,0.23029595722246513,True,1.0,symmetrical,0.7941176470588235,0.211815181518152,4h_only,1.764468750531716,0.20074906367040624,0.009785108333837167,0.003034874534871168,0.05145761331717025,0.010068337470767075,0.022791579965251163,0.04950893602880568,1.7895556781664883,1,neutral,1,0,0,0,1.3468885728562006,12.87779687803055,8.0,20.0,0.0,20.0,10.0,70.87779687803055,1,long,ETH,2,2,34,20.0,25200000,64.18000000000006,descending,25200000,-1.4900793650793633e-06,0,winner,True,0.15741110667199595,0.7071514182980358,"['15m', '1h', '4h']",['resistance']
False,bullish,0.00017433959241386254,False,bullish,0.021540207208005483,0,0,0,True,bearish,0.0006246978888823611,1,{},{},{},{},{},[],0,0.40592930444696246,0.6972189580885102,0.14595210946410142,0.003567180563736037,1.2613963288626064,1.717587152369796,5,True,True,ascending,0,0.01768820450885674,9.54196301564707,0.5358744394618675,0.7638266068759131,3.482810164424479,1,0,0,1,1,0,0,1746000900000,neutral,5,1746012600000,0,bullish,0,8.080459770114998e-07,0.0,True,"[{'timeframe': '1h', 'zone_kind': 'support', 'distance_to_entry_r': 0.7638266068759131, 'distance_to_target_r': 1.236173393124087}, {'timeframe': '15m', 'zone_kind': 'support', 'distance_to_entry_r': 0.5358744394618675, 'distance_to_target_r': 1.4641255605381325}]",4h favorable zone; 1h favorable zone; 1h opposite zone before target; 15m favorable zone; 15m opposite zone before target,nested child aligned with parent,5,0,,,,,,,,,,,,,49,1.0,0.572697477782565,1.0,17.38320378531197,0.6873602484472054,201787376.31591797,0.572697477782565,0.4273025222174351,True,1.0,symmetrical,1.3611111111111112,0.10285714285714323,4h_only,-1.1752113271253406,0.051888592140400536,-0.0026227250771778676,-0.0027961212286473636,0.017038449633044017,-0.004764394673318351,0.015520573937821469,0.01616522260957476,-1.189791091843707,10,neutral,2,0,0,0,-0.9281454979129466,5.3336670827763015,14.0,20.0,0.0,20.0,10.0,69.3336670827763,1,short,ETH,2,2,36,20.0,26100000,33.12000000000012,ascending,26100000,0.0,0,loser,True,0.5358744394618675,1.236173393124087,"['15m', '1h']",['support']
True,bullish,0.00024248937073869764,True,bullish,0.020697019762669668,0,0,0,False,bearish,0.0006246978888823611,1,{},{},{},{},{},[],0,0.5382685069008719,0.8120386144236085,0.691342534504388,0.0064257772504510095,2.191747113382518,1.5086125307590295,6,True,True,symmetrical,0,0.009700784412955467,14.295728725138588,0.5080713678844543,0.061597281223451476,0.5594732370433344,4,0,0,4,4,0,0,1746013500000,bullish,8,1746016200000,0,bullish,0,2.3644444444444668e-07,0.0,True,"[{'timeframe': '4h', 'zone_kind': 'resistance', 'distance_to_entry_r': 0.5594732370433344, 'distance_to_target_r': 1.4405267629566656}, {'timeframe': '1h', 'zone_kind': 'resistance', 'distance_to_entry_r': 0.061597281223451476, 'distance_to_target_r': 1.9384027187765485}, {'timeframe': '15m', 'zone_kind': 'resistance', 'distance_to_entry_r': 0.5080713678844543, 'distance_to_target_r': 1.4919286321155456}]",4h favorable zone; 4h opposite zone before target; 1h favorable zone; 1h opposite zone before target; 15m favorable zone; 15m opposite zone before target,nested child aligned with parent,8,0,,,,,,,,,,,,,49,1.0,0.7097702462426627,1.0,17.38320378531197,0.6873602484472054,201787376.31591797,0.7097702462426627,0.2902297537573373,True,1.0,symmetrical,0.7538461538461538,0.15105590062111832,4h_only,-1.0954014782147912,0.22539469264360346,0.00537163925442341,0.005126597495132668,0.02267120949195167,0.0014737690987478569,0.015520573937821469,0.01616522260957476,-1.110312155143604,16,neutral,2,0,0,0,2.3204470293077826,13.322145545796685,8.0,20.0,0.0,20.0,10.0,71.32214554579669,4,long,ETH,2,2,65,20.0,45000000,48.6400000000001,symmetrical,45000000,-4.451111111111105e-07,0,loser,True,0.061597281223451476,1.4405267629566656,"['15m', '1h', '4h']",['resistance']
True,bearish,0.000129885902907501,False,bullish,0.020574394776587172,0,0,0,False,bullish,0.00015896144106054608,1,{},{},{},{},{},[],0,0.7660678642714607,3.0966596740358145,0.9113772455089808,0.007893631689173288,2.2809051526172657,4.042278521865388,1,True,True,symmetrical,0,0.006745804729214356,70.64664310954026,0.2158054711246195,0.08662613981763098,0.6084093211752779,6,0,0,6,6,0,0,1746017100000,bearish,6,1746066600000,0,bullish,0,1.8188034188034358e-07,0.0,True,"[{'timeframe': '4h', 'zone_kind': 'support', 'distance_to_entry_r': 0.6084093211752779, 'distance_to_target_r': 1.391590678824722}, {'timeframe': '1h', 'zone_kind': 'support', 'distance_to_entry_r': 0.08662613981763098, 'distance_to_target_r': 1.913373860182369}, {'timeframe': '15m', 'zone_kind': 'support', 'distance_to_entry_r': 0.2158054711246195, 'distance_to_target_r': 1.7841945288753804}]",4h favorable zone; 4h opposite zone before target; 1h favorable zone; 1h opposite zone before target; 15m favorable zone; 15m opposite zone before target,nested child aligned with parent,6,0,,,,,,,,,,,,,50,1.0,0.3445990271388403,1.0,17.38320378531197,0.6873602484472054,187387376.31591797,0.3445990271388403,0.6554009728611597,True,1.0,symmetrical,0.7246376811594203,0.15105590062111832,4h_only,-1.0514923286166238,-0.005826185466895062,-0.01505044801090527,-0.01492442624672452,0.027029196358629548,0.005776629139753853,0.02613268809550129,0.02596533721491956,-1.0669900032847566,12,bullish,2,0,0,0,-0.5744260491171923,14.667664670658679,8.0,20.0,0.0,0.0,10.0,52.66766467065868,6,short,ETH,2,2,69,20.0,58500000,48.6400000000001,symmetrical,58500000,-2.0512820512820512e-07,0,loser,True,0.08662613981763098,1.391590678824722,"['15m', '1h', '4h']",['support']
False,bearish,0.0010694202960651173,True,bullish,0.014588273077613857,0,0,0,True,bullish,0.0007350633102534788,1,{},{},{},{},{},[],0,0.7526011560693552,1.0980855191026304,0.176878612716758,0.010562818989023148,3.1854600657838623,1.4590537235388428,4,True,True,symmetrical,0,0.02350498759430841,-8.461439034898603,0.22245989304813218,0.44010695187165766,1.066844919786096,3,0,0,3,3,0,0,1746068400000,neutral,3,1746095400000,0,bullish,0,1.025396825396813e-06,0.0,True,"[{'timeframe': '4h', 'zone_kind': 'resistance', 'distance_to_entry_r': 1.066844919786096, 'distance_to_target_r': 0.9331550802139039}, {'timeframe': '1h', 'zone_kind': 'resistance', 'distance_to_entry_r': 0.44010695187165766, 'distance_to_target_r': 1.5598930481283424}, {'timeframe': '15m', 'zone_kind': 'resistance', 'distance_to_entry_r': 0.22245989304813218, 'distance_to_target_r': 1.777540106951868}]",4h favorable zone; 4h opposite zone before target; 1h favorable zone; 1h opposite zone before target; 15m favorable zone; 15m opposite zone before target,nested child aligned with parent,3,0,,,,,,,,,,,,,53,1.0,0.6447636238650102,1.0,17.38320378531197,0.6873602484472054,144187376.31591797,0.6447636238650102,0.3552363761349899,True,1.0,symmetrical,1.8275862068965518,0.10574534161490669,4h_only,1.6947795814525781,-0.15777979981802082,0.005917057116864521,0.007000335831993221,0.021222304065929842,0.006231596704636022,0.013439382580872739,0.012684990889727077,1.7215954264009712,6,bullish,2,0,0,0,4857142857143.117,8.913294797687842,8.0,20.0,0.0,20.0,10.0,66.91329479768784,3,long,ETH,2,2,29,20.0,12600000,34.049999999999955,symmetrical,12600000,-8.166666666666638e-07,0,winner,True,0.22245989304813218,0.9331550802139039,"['15m', '1h', '4h']",['resistance']
True,bullish,0.005033943349423961,True,bullish,0.015421330159789389,0,0,0,True,bullish,0.0019215601439469118,1,{},{},{},{},{},[],0,0.5495436766623278,1.2122519413287394,0.850065189048242,0.015851015851015816,4.14437733678457,2.2059246476847716,8,True,True,ascending,0,0.009889084778255133,6.6239723063608835,,0.1385489510489493,2.4187062937062955,4,0,0,4,4,0,0,1746097200000,bullish,4,1746408600000,0,bullish,0,8.704331450094167e-07,0.0,True,"[{'timeframe': '1h', 'zone_kind': 'resistance', 'distance_to_entry_r': 0.1385489510489493, 'distance_to_target_r': 1.8614510489510507}]",4h favorable zone; 1h favorable zone; 1h opposite zone before target; 15m favorable zone,nested child aligned with parent,4,0,,,,,,,,,,,,,55,0.96,1.0363805506437436,0.987187341354182,17.743992465125693,0.6514906832298136,320860940.0324707,1.0363805506437436,-0.036380550643743535,True,1.0,symmetrical,0.7432432432432432,0.19614906832298162,4h_only,-1.0436748900761745,-0.6875362318840725,0.025428841979665773,0.02016281183959756,0.04186263723063344,0.025387825668776065,0.022613562561541123,0.020608053993489417,-1.058366477234995,8,bullish,2,0,0,0,6.553893389077473,13.985006518904873,16.0,20.0,0.0,20.0,10.0,79.98500651890487,4,long,ETH,2,2,74,20.0,53100000,63.16000000000008,ascending,53100000,0.0,0,loser,True,0.1385489510489493,1.8614510489510507,['1h'],['resistance']
False,bearish,0.00547884946051431,True,bullish,0.008859257366018303,0,0,0,True,bullish,0.013742027851204798,1,{},{},{},{},{},[],0,0.39917695473252973,0.3448888888888965,0.2633744855967076,0.003899705172126837,1.2594871794871552,0.863999999999977,4,False,True,symmetrical,0,0.011293068392503904,26.477570949038864,0.35011009751494565,0.3431896822900313,0.09185278389430877,1,0,0,1,1,0,0,1746432900000,neutral,2,1746497700000,0,bullish,0,3.4131054131054185e-07,0.0016109010804285374,True,"[{'timeframe': '4h', 'zone_kind': 'resistance', 'distance_to_entry_r': 0.09185278389430877, 'distance_to_target_r': 1.9081472161056912}, {'timeframe': '1h', 'zone_kind': 'resistance', 'distance_to_entry_r': 0.3431896822900313, 'distance_to_target_r': 1.6568103177099687}, {'timeframe': '15m', 'zone_kind': 'resistance', 'distance_to_entry_r': 0.35011009751494565, 'distance_to_target_r': 1.6498899024850544}]",4h favorable zone; 4h opposite zone before target; 1h favorable zone; 1h opposite zone before target; 15m favorable zone; 15m opposite zone before target,nested child acceptable with parent,1,0,,,,,,,,,,,,,22,0.375,0.3099865108941676,0.5149913381929683,16.72055393928413,0.38181518695437405,272233304.57299805,0.3099865108941676,0.6900134891058324,True,1.0,descending,0.46808510638297873,1.016965903475539,4h_only,-1.0665490392291397,-0.46710526315790224,7.422967122550084e-05,0.005584082443022664,0.00995071757502286,0.0009944068717273602,0.024073280899984617,0.009861655812806625,-1.0827085232759555,2,bullish,2,0,0,0,1.3184390378830622,6.232273807573104,8.0,14.0,0.0,20.0,10.0,58.2322738075731,1,long,ETH,2,2,47,17.19454945978573,35100000,61.74000000000001,symmetrical,35100000,-5.923076923076913e-07,2,loser,True,0.09185278389430877,1.6498899024850544,"['15m', '1h', '4h']",['resistance']
True,bearish,0.005756434158040059,False,bullish,0.0026843169936644267,0,2,0,False,bullish,0.013128434876546526,1,{},{},{},{},{},[],0,0.6520467836257369,1.3121506325389893,0.7251461988304153,0.00410254692811328,1.4416004707266628,2.0123565754633645,7,True,True,descending,0,0.01203987994618278,17.10683585755214,0.1635840526099478,0.1631730374023855,0.17262638717632792,2,2,2,0,0,0,0,1746529200000,bearish,2,1746571500000,8,neutral,4,0.0,0.0005285085148780204,True,"[{'timeframe': '4h', 'zone_kind': 'support', 'distance_to_entry_r': 0.17262638717632792, 'distance_to_target_r': 1.8273736128236722}, {'timeframe': '1h', 'zone_kind': 'support', 'distance_to_entry_r': 0.1631730374023855, 'distance_to_target_r': 1.8368269625976146}, {'timeframe': '15m', 'zone_kind': 'support', 'distance_to_entry_r': 0.1635840526099478, 'distance_to_target_r': 1.836415947390052}]",4h favorable zone; 4h opposite zone before target; 1h favorable zone; 1h opposite zone before target; 15m favorable zone; 15m opposite zone before target,nested child aligned with parent,2,0,61,0.92,-0.16055273884083762,0.9696730916543149,16.291861591984976,0.39085025007355,264966503.57543945,-0.16055273884083762,1.1605527388408376,True,1.0,symmetrical,,,,,,,,,,,,,1.2448979591836735,0.60914974992645,1h_only,-1.0893295012651045,-0.40268614514610435,-0.015684909665199198,-0.010075855917633492,-0.01302802202194464,-0.01563594265799395,0.011598926376016339,-0.0016597417008525905,-1.1070327301269511,0,bullish,1,0,0,0,-0.6858968223583378,12.623118637784012,8.0,20.0,15.0,0.0,10.0,65.62311863778402,2,short,ETH,2,2,49,18.73574574256099,35100000,41.41000000000008,descending,35100000,-6.960113960113978e-07,1,loser,True,0.1631730374023855,1.8273736128236722,"['15m', '1h', '4h']",['support']
False,bearish,0.0003932763095058648,True,bullish,0.001975182150315797,0,0,0,True,bullish,0.01199797222414445,1,{},{},{},{},{},[],0,0.646822204344322,0.6976441494207947,0.7023330651649214,0.0057816060987774445,0.9065811737465421,1.078571738470219,2,True,True,descending,0,0.010152542372881372,24.858096828046655,0.2758402029169326,0.29074191502853786,0.29074191502853786,2,0,0,2,2,0,0,1746657900000,neutral,2,1746675000000,0,neutral,0,0.0,0.0,True,"[{'timeframe': '4h', 'zone_kind': 'resistance', 'distance_to_entry_r': 0.29074191502853786, 'distance_to_target_r': 1.7092580849714623}, {'timeframe': '1h', 'zone_kind': 'resistance', 'distance_to_entry_r': 0.29074191502853786, 'distance_to_target_r': 1.7092580849714623}, {'timeframe': '15m', 'zone_kind': 'resistance', 'distance_to_entry_r': 0.2758402029169326, 'distance_to_target_r': 1.7241597970830673}]",4h favorable zone; 4h opposite zone before target; 1h favorable zone; 1h opposite zone before target; 15m favorable zone; 15m opposite zone before target,nested child aligned with parent,2,0,,,,,,,,,,,,,43,1.0,0.6751434576420079,1.0,18.412987764993552,0.29631975230455343,1261649964.3789062,0.6751434576420079,0.3248565423579921,True,1.0,symmetrical,0.86,0.4151713461403135,4h_only,1.7979027004992378,0.474384432088958,0.003387092246176726,0.003783193498651194,-0.0032633794511164327,-0.005221835415230691,0.004995714107761007,-0.0069780557822624045,1.8291462252503494,2,bullish,1,0,0,0,1.5332706514439183,13.883748994368457,8.0,20.0,0.0,20.0,10.0,71.88374899436846,2,long,ETH,2,2,50,20.0,34200000,59.0,descending,34200000,-8.757309941520482e-07,0,winner,True,0.2758402029169326,1.7092580849714623,"['15m', '1h', '4h']",['resistance']
False,bearish,0.004692752736825647,True,bullish,0.09524075886545554,0,0,0,True,bullish,0.12102240070962916,1,{},{},{},{},{},[],0,0.7409057164068423,0.661343229183928,0.8218262806236324,0.005833768522273435,0.9464800465761424,0.8926145588283929,5,True,True,symmetrical,0,0.010061195329325848,17.192696257038733,0.5838689612274486,,5.43023014721127,1,1,1,0,0,0,0,1747120500000,bearish,1,1747143000000,1,bullish,1,1.377425044091701e-07,0.0,True,"[{'timeframe': '15m', 'zone_kind': 'resistance', 'distance_to_entry_r': 0.5838689612274486, 'distance_to_target_r': 1.4161310387725514}]",4h favorable zone; 1h favorable zone; 15m favorable zone; 15m opposite zone before target,nested child aligned with parent,1,1,23,0.9861111111111112,0.5087028541198696,0.998876059425828,20.0,0.6107013605753813,25602370.414794922,0.5087028541198696,0.4912971458801304,True,1.0,symmetrical,,,,,,,,,,,,,0.323943661971831,0.7744285125292032,1h_only,1.8209997253427714,0.3830163407447138,-0.004600163008770419,7.13355205146371e-05,0.09500511451984761,-0.008407221801494336,0.24751475195472472,0.08387439752871884,1.8492620539828488,0,bullish,0,0,0,0,1.433399640687994,14.331848552338622,18.0,20.0,15.0,0.0,10.0,77.33184855233861,1,long,ETH,2,2,71,20.0,56700000,169.04999999999973,symmetrical,56700000,-1.992063492063489e-06,0,winner,True,0.5838689612274486,1.4161310387725514,['15m'],['resistance']
True,bullish,0.004006484344915593,True,bullish,0.08718127350006155,0,0,0,True,bullish,0.12014885419161668,1,{},{},{},{},{},[],0,0.4782774390244012,0.7212436424240773,0.3064024390243914,0.02282361007481504,3.2522053963966573,1.5080026436021798,0,True,True,ascending,0,0.011836311751649994,6.927091963545649,0.2999882999882992,,2.2048672048672078,1,1,1,0,0,0,0,1747145700000,bullish,1,1747164600000,1,bullish,1,1.3411111111111124e-06,0.000996632317651175,True,"[{'timeframe': '15m', 'zone_kind': 'resistance', 'distance_to_entry_r': 0.2999882999882992, 'distance_to_target_r': 1.7000117000117008}]",4h favorable zone; 1h favorable zone; 15m favorable zone; 15m opposite zone before target,nested child aligned with parent,1,1,30,0.7916666666666666,1.1887956612846653,0.8268895263354142,20.0,0.6107013605753813,402370.4147949219,1.1887956612846653,-0.18879566128466535,True,1.0,symmetrical,,,,,,,,,,,,,0.6382978723404256,0.2981813184296106,1h_only,1.8842680169865613,-0.7732090206390949,0.022887984536205774,0.018713110058291793,0.12912414090377888,0.027935711379063477,0.2857844784514878,0.11372939981396901,1.9099802298957216,0,bullish,0,0,0,0,7.768329147231678,8.518673780487875,18.0,20.0,15.0,0.0,10.0,71.51867378048787,1,long,ETH,2,2,47,17.501683841174412,27000000,65.08999999999969,ascending,27000000,0.0,2,winner,True,0.2999882999882992,1.7000117000117008,['15m'],['resistance']
False,bullish,0.017658400846490813,False,bullish,0.09162876424016021,0,0,0,False,bullish,0.1310940473509505,1,{},{},{},{},{},[],0,0.6649421789409563,1.2720128074516057,0.6704199634814398,0.009696767788569574,1.463743940530459,1.9129675447533225,2,True,True,symmetrical,0,0.015643275207830425,7.920433436532335,1.1047747343212095,11.016763957491403,6.956443646160756,2,2,2,0,0,0,0,1747233000000,neutral,2,1747268100000,2,bullish,1,5.397435897435944e-07,0.0010092887666323727,True,"[{'timeframe': '15m', 'zone_kind': 'support', 'distance_to_entry_r': 1.1047747343212095, 'distance_to_target_r': 0.8952252656787905}]",4h favorable zone; 15m opposite zone before target,nested child aligned with parent,2,2,35,0.9736842105263158,0.02459245394914117,0.9846913896630395,17.628595051083646,0.5375316104360693,78015697.07397461,0.02459245394914117,0.9754075460508588,True,1.0,symmetrical,,,,,,,,,,,,,0.9459459459459459,0.34419909948806576,1h_only,-1.0452941328347747,-0.2289625640692925,-0.003727939351731435,-0.020951912730165057,0.11389100888625259,0.010731270909335455,0.31611440102715815,0.1224523501357746,-1.0575380577267839,0,bullish,0,0,0,0,-1.277664855568197,13.7640748630554,12.0,20.0,0.0,0.0,10.0,55.7640748630554,2,short,ETH,2,2,37,18.495355616683813,23400000,111.61000000000013,symmetrical,23400000,-2.220940170940182e-06,1,loser,True,1.1047747343212095,0.8952252656787905,['15m'],['support']
False,bearish,0.011727049111248139,True,bullish,0.02298936578178016,0,0,0,True,bullish,0.1417568202264778,1,{},{},{},{},{},[],0,0.6808803301238043,1.1811023622047394,0.6815680880330354,0.006939571536423063,2.0566048125103515,1.734669529945122,7,False,True,symmetrical,0,0.01609774246269521,13.503920759389985,0.3071139386928795,2.9554655870444964,4.186813186813133,9,9,9,0,0,0,0,1747546200000,bearish,9,1747582200000,18,bullish,2,6.606837606837428e-07,0.0,True,"[{'timeframe': '15m', 'zone_kind': 'resistance', 'distance_to_entry_r': 0.3071139386928795, 'distance_to_target_r': 1.6928860613071204}]",4h favorable zone; 1h favorable zone; 15m favorable zone; 15m opposite zone before target,nested child acceptable with parent,9,9,41,0.9714285714285714,0.9881034552762963,0.9777726702785655,18.373880895446938,0.7731495506412183,11769764.252685547,0.9881034552762963,0.011896544723703727,True,1.0,descending,,,,,,,,,,,,,1.2058823529411764,0.2235181258204584,1h_only,1.7668328988838462,0.04797391709361787,-0.0030676012508550343,0.008725484242310344,0.013561328337838852,-0.009518023068550652,0.17785344666062008,0.009327316847644207,1.7894208604644855,0,bullish,0,0,0,0,2.369804400977994,13.805880330123884,18.0,14.0,15.0,0.0,10.0,70.80588033012388,9,long,ETH,2,2,34,20.0,23400000,44.26999999999998,symmetrical,23400000,-3.74786324786324e-07,0,winner,True,0.3071139386928795,1.6928860613071204,['15m'],['resistance']
True,bullish,0.0007358206783441829,True,bullish,0.020940684613881877,0,0,0,True,bullish,0.13876361923479477,1,{},{},{},{},{},[],0,0.45623003194890005,0.6188247529901486,0.7367412140575165,0.02639468109202847,5.723117813601476,1.3563875888368961,3,False,True,descending,0,0.012134134522194324,14.447284345047478,0.09611829944546788,0.44017252002464274,0.9648798521256887,2,2,2,0,0,0,0,1747583100000,bullish,2,1747590300000,4,bullish,2,0.0,0.0,True,"[{'timeframe': '4h', 'zone_kind': 'resistance', 'distance_to_entry_r': 0.9648798521256887, 'distance_to_target_r': 1.0351201478743113}, {'timeframe': '1h', 'zone_kind': 'resistance', 'distance_to_entry_r': 0.44017252002464274, 'distance_to_target_r': 1.5598274799753573}, {'timeframe': '15m', 'zone_kind': 'resistance', 'distance_to_entry_r': 0.09611829944546788, 'distance_to_target_r': 1.903881700554532}]",4h favorable zone; 4h opposite zone before target; 1h favorable zone; 1h opposite zone before target; 15m favorable zone; 15m opposite zone before target,nested child acceptable with parent,2,2,51,0.7777777777777778,1.3916705683518207,0.7983759496371299,18.373880895446938,0.6100676562657779,78344318.46386719,1.3916705683518207,-0.3916705683518207,True,1.0,descending,,,,,,,,,,,,,1.457142857142857,0.186054730889629,1h_only,-1.0343877365568492,-1.082142380125552,0.022374351832354922,0.021605813931055318,0.04030352103664692,0.018124027185984604,0.18492349707041433,0.01760460046774104,-1.0457405301399052,0,bullish,0,0,0,0,7.1331269349846975,13.000159744409086,8.0,14.0,15.0,0.0,10.0,60.00015974440909,2,long,ETH,2,2,35,20.0,18900000,36.84999999999991,descending,18900000,-8.280423280423329e-07,0,loser,True,0.09611829944546788,1.0351201478743113,"['15m', '1h', '4h']",['resistance']
False,bearish,0.02108344328486679,True,bullish,0.004043736073488747,0,0,0,True,bullish,0.1369747293748336,1,{},{},{},{},{},[],0,0.3872832369942051,0.20506228384292283,0.45780346820809187,0.0067679026244291,0.9928042951930426,0.5294891806690595,4,True,True,descending,0,0.013512884728551706,17.49179663763414,1.0167478684530975,1.18879415347137,3.554049939098642,2,2,2,0,0,0,0,1747654200000,bearish,3,1747674000000,3,neutral,1,0.0,0.0,True,"[{'timeframe': '1h', 'zone_kind': 'resistance', 'distance_to_entry_r': 1.18879415347137, 'distance_to_target_r': 0.81120584652863}, {'timeframe': '15m', 'zone_kind': 'resistance', 'distance_to_entry_r': 1.0167478684530975, 'distance_to_target_r': 0.9832521315469024}]",4h favorable zone; 1h favorable zone; 1h opposite zone before target; 15m favorable zone; 15m opposite zone before target,nested child aligned with parent,3,2,19,1.0,0.39109857573200957,1.0,17.53522187305935,0.3947253546744261,64803981.19995117,0.39109857573200957,0.6089014242679904,True,1.0,symmetrical,,,,,,,,,,,,,0.4222222222222222,0.5906875227355404,1h_only,1.8669246911323893,0.4263834705967353,-0.02008472676846529,0.0005873969323104689,-0.017814824843895516,-0.021700335297387685,0.12955490183713603,-0.021793651067444908,1.8893907026528134,0,bullish,0,0,0,0,1.3568442627696675,11.540462427745576,14.0,20.0,15.0,0.0,10.0,70.54046242774558,2,long,ETH,2,2,45,20.0,34200000,162.3800000000001,descending,34200000,-2.8871345029239836e-06,0,winner,True,1.0167478684530975,0.81120584652863,"['15m', '1h']",['resistance']
True,bullish,0.006248684794572245,True,bullish,0.00625459244980455,0,0,0,True,bullish,0.1263300918155186,1,{},{},{},{},{},[],0,0.6860053144375681,1.0541359011875324,0.8830823737821133,0.004966143524051227,0.8549684122177016,1.5366293511177562,2,True,True,symmetrical,0,0.01464784007262233,23.202088245201026,0.09044536001568863,0.09044536001568863,2.035314891112405,2,2,2,0,0,0,0,1747700100000,bullish,2,1747739700000,2,bullish,1,8.894179894179866e-07,0.0,True,"[{'timeframe': '1h', 'zone_kind': 'resistance', 'distance_to_entry_r': 0.09044536001568863, 'distance_to_target_r': 1.9095546399843113}, {'timeframe': '15m', 'zone_kind': 'resistance', 'distance_to_entry_r': 0.09044536001568863, 'distance_to_target_r': 1.9095546399843113}]",4h favorable zone; 1h favorable zone; 1h opposite zone before target; 15m favorable zone; 15m opposite zone before target,nested child aligned with parent,2,2,32,1.0,0.960198567831746,1.0,15.090774771569222,0.4035285558384876,113153844.76708984,0.960198567831746,0.03980143216825405,True,1.0,symmetrical,,,,,,,,,,,,,1.1428571428571428,0.26333212077118895,1h_only,-1.0612912475821819,0.25335789849042434,0.02887673911806088,0.02230421605777111,0.028826967650459334,0.022248904935267655,0.1802797750447409,0.027129745933628602,-1.0720370112294062,0,bullish,0,0,0,0,1.382989533583972,14.510774187759727,14.0,20.0,15.0,0.0,10.0,73.51077418775972,2,long,ETH,2,2,28,20.0,18900000,72.38999999999987,symmetrical,18900000,-6.814814814814632e-07,0,loser,True,0.09044536001568863,1.9095546399843113,"['15m', '1h']",['resistance']
True,bullish,0.007451517535992118,True,bullish,0.011958510887037945,0,0,0,True,bullish,0.1211917623567135,1,{},{},{},{},{},[],0,0.5307242136064514,1.0967912619524727,0.7794440380395093,0.0054596196766741375,1.0484145281379011,2.066593597641613,8,True,True,ascending,0,0.01706052568121537,4.585394581860896,0.05496564647095277,0.6908182386008682,0.6908182386008682,2,2,2,0,0,0,0,1747802700000,bullish,2,1747847700000,2,bullish,1,2.6022988505747156e-06,0.0007435868166128422,True,"[{'timeframe': '4h', 'zone_kind': 'resistance', 'distance_to_entry_r': 0.6908182386008682, 'distance_to_target_r': 1.309181761399132}, {'timeframe': '1h', 'zone_kind': 'resistance', 'distance_to_entry_r': 0.6908182386008682, 'distance_to_target_r': 1.309181761399132}, {'timeframe': '15m', 'zone_kind': 'resistance', 'distance_to_entry_r': 0.05496564647095277, 'distance_to_target_r': 1.9450343535290473}]",4h favorable zone; 4h opposite zone before target; 1h favorable zone; 1h opposite zone before target; 15m favorable zone; 15m opposite zone before target,nested child aligned with parent,2,2,60,1.0,0.7834961228949777,1.0,17.348246182271463,0.45751182248090194,181701105.19213867,0.7834961228949777,0.21650387710502228,True,1.0,ascending,,,,,,,,,,,,,1.5384615384615385,0.37133503092033426,1h_only,-1.0647822428234301,0.11034137980288106,0.0210207557456199,0.013311327052530242,0.02948311823732186,0.016963197788696593,0.1740902284674677,0.02783895747427767,-1.0767176345765934,0,bullish,0,0,0,0,2.2915168250706737,13.607260424286869,8.0,20.0,15.0,0.0,10.0,66.60726042428686,2,long,ETH,2,2,39,18.62820659169358,26100000,102.07999999999993,ascending,26100000,0.0,1,loser,True,0.05496564647095277,1.309181761399132,"['15m', '1h', '4h']",['resistance']
True,bullish,0.0014625279477139843,True,bullish,0.014513476357726521,0,0,0,True,bullish,0.12078074180917375,1,{},{},{},{},{},[],0,0.3480215827338474,0.13050515950631794,0.2904676258992442,0.004036734734319939,0.3394244998194776,0.37499156943413736,2,True,True,symmetrical,0,0.03772534764194833,0.45835254341477594,0.7138783269962197,1.1577946768060916,3.993821292775682,1,1,1,0,0,0,0,1747864800000,neutral,1,1747869300000,2,bullish,2,2.073856209150328e-06,0.001793558673667627,True,"[{'timeframe': '1h', 'zone_kind': 'resistance', 'distance_to_entry_r': 1.1577946768060916, 'distance_to_target_r': 0.8422053231939083}, {'timeframe': '15m', 'zone_kind': 'resistance', 'distance_to_entry_r': 0.7138783269962197, 'distance_to_target_r': 1.2861216730037803}]",4h favorable zone; 1h favorable zone; 1h opposite zone before target; 15m favorable zone; 15m opposite zone before target,nested child aligned with parent,1,1,27,1.0,0.32258637798291134,1.0,20.0,0.06963347828542336,1088283211.678955,0.32258637798291134,0.6774136220170887,True,1.0,ascending,,,,,,,,,,,,,1.2857142857142858,0.9277122042130221,1h_only,1.6410125512264946,0.5588063763608094,-0.005568192741115419,-0.007012378358265736,0.008709888777665764,-0.005844436454918722,0.15121343797095732,0.010683538598713627,1.661195681181543,0,bullish,0,0,0,0,3.86856663872564,6.232485195005268,14.0,20.0,15.0,0.0,10.0,65.23248519500527,1,long,ETH,2,2,21,15.103220663166187,15300000,164.26999999999998,symmetrical,15300000,-6.43202614379084e-06,4,winner,True,0.7138783269962197,0.8422053231939083,"['15m', '1h']",['resistance']
True,bullish,0.002557398357333954,True,bullish,0.014512019633722832,0,0,0,True,bullish,0.11849593210445834,1,{},{},{},{},{},[],0,0.3946150610012479,0.45710387173800143,0.3971392511569231,0.013383242336822311,1.641285543724583,1.1583538412806702,3,True,True,ascending,0,0.020074147180888725,2.9832965647652827,0.06886889839256143,0.5494764783955102,0.5494764783955102,2,2,2,0,0,0,0,1747872000000,bullish,2,1747905300000,4,bullish,2,2.7119658119658134e-06,0.0,True,"[{'timeframe': '4h', 'zone_kind': 'resistance', 'distance_to_entry_r': 0.5494764783955102, 'distance_to_target_r': 1.4505235216044898}, {'timeframe': '1h', 'zone_kind': 'resistance', 'distance_to_entry_r': 0.5494764783955102, 'distance_to_target_r': 1.4505235216044898}, {'timeframe': '15m', 'zone_kind': 'resistance', 'distance_to_entry_r': 0.06886889839256143, 'distance_to_target_r': 1.9311311016074386}]",4h favorable zone; 4h opposite zone before target; 1h favorable zone; 1h opposite zone before target; 15m favorable zone; 15m opposite zone before target,nested child aligned with parent,2,2,29,1.0,0.6071650208166409,1.0,20.0,0.06963347828542336,1081083211.678955,0.6071650208166409,0.3928349791833591,True,1.0,ascending,,,,,,,,,,,,,1.2083333333333333,0.37194329926017994,1h_only,1.8674600801214263,-0.008761196221432455,0.012450601928939653,0.009835894934939748,0.02705813891062614,0.011974967875264309,0.1671954450447728,0.02537760875268269,1.8872931686601746,0,bullish,0,0,0,0,5.625396154658648,8.35696255784595,8.0,20.0,15.0,0.0,10.0,61.35696255784595,2,long,ETH,2,2,24,20.0,11700000,65.86000000000013,ascending,11700000,0.0,0,winner,True,0.06886889839256143,1.4505235216044898,"['15m', '1h', '4h']",['resistance']
True,bullish,0.018849949696190672,True,bullish,0.029323356750563228,0,0,0,True,bullish,0.11693999569459149,1,{},{},{},{},{},[],0,0.8678500986192744,0.7460788469690327,0.9102564102563827,0.0046923570273841204,1.0524233432244998,0.8596863077575534,5,True,True,descending,0,0.020494938132733266,16.59440175631198,0.17101627264354355,,2.046054651519818,5,5,5,0,0,0,0,1747957500000,bullish,5,1747966500000,5,bullish,1,0.0,0.0,True,"[{'timeframe': '15m', 'zone_kind': 'resistance', 'distance_to_entry_r': 0.17101627264354355, 'distance_to_target_r': 1.8289837273564564}]",4h favorable zone; 1h favorable zone; 15m favorable zone; 15m opposite zone before target,nested child aligned with parent,5,5,29,1.0,0.6661110216969718,1.0,18.19600213199749,0.7490181487452976,-2261574.1252441406,0.6661110216969718,0.33388897830302827,True,1.0,symmetrical,,,,,,,,,,,,,1.45,0.18376121377485533,1h_only,1.7468217524554353,0.12881732370905585,0.0245863393868746,0.005173029634534476,0.047757406510531286,0.016525904304032668,0.19334383175467407,0.04720655260878748,1.7620481177819702,0,bullish,0,0,0,0,1.6158425665619103,14.201997079537598,18.0,20.0,15.0,0.0,10.0,77.20199707953759,5,long,ETH,2,2,20,20.0,13500000,44.44999999999982,descending,13500000,-1.3496296296296148e-06,0,winner,True,0.17101627264354355,1.8289837273564564,['15m'],['resistance']
False,bearish,0.01073683977823836,True,bullish,0.016664382124287485,0,0,0,True,bullish,0.11670955776558734,1,{},{},{},{},{},[],0,0.7906273620559352,1.2887328281894885,0.8065003779289538,0.0054715171914444015,1.7224172980964636,1.630012936610602,10,False,True,ascending,0,0.01373508455661423,20.53281250000032,0.24363011737760357,0.5293444030918875,0.5293444030918875,1,1,1,0,0,0,0,1748083500000,bearish,1,1748121300000,1,bullish,1,9.116809116809117e-07,0.0008492593099938829,True,"[{'timeframe': '4h', 'zone_kind': 'resistance', 'distance_to_entry_r': 0.5293444030918875, 'distance_to_target_r': 1.4706555969081125}, {'timeframe': '1h', 'zone_kind': 'resistance', 'distance_to_entry_r': 0.5293444030918875, 'distance_to_target_r': 1.4706555969081125}, {'timeframe': '15m', 'zone_kind': 'resistance', 'distance_to_entry_r': 0.24363011737760357, 'distance_to_target_r': 1.7563698826223964}]",4h favorable zone; 4h opposite zone before target; 1h favorable zone; 1h opposite zone before target; 15m favorable zone; 15m opposite zone before target,nested child acceptable with parent,1,1,31,0.9777777777777777,1.0384866216497808,0.9799327601410931,20.0,0.7246944795617367,13957876.373779297,1.0384866216497808,-0.038486621649780804,True,1.0,descending,,,,,,,,,,,,,0.7045454545454546,0.22313527180783915,1h_only,-1.0977943281509135,0.19352325840196094,-0.0044832374834272715,0.006272511510988732,0.0058043049649318945,-0.010776181579728483,0.13625339125193237,0.003215365576539009,-1.105415578591516,0,bullish,0,0,0,0,1.8297998630241044,14.274376417233578,8.0,14.0,15.0,0.0,10.0,61.274376417233576,1,long,ETH,2,2,44,18.57537034500306,35100000,52.95000000000027,ascending,35100000,0.0,1,loser,True,0.24363011737760357,1.4706555969081125,"['15m', '1h', '4h']",['resistance']
True,bearish,0.00940245302566865,False,bullish,0.010939298697034019,0,0,0,False,bullish,0.11335501955911222,1,{},{},{},{},{},[],0,0.6758620689655142,3.759650889560234,0.7450000000000007,0.006507030699326656,1.5671606003932412,5.562748765165678,0,False,True,descending,0,0.005459996843932527,108.17025748817457,0.05603164139749671,0.1341463414634129,0.8592617007251155,4,2,2,0,0,0,2,1748133900000,bearish,4,1748217600000,4,neutral,2,0.0,0.0,True,"[{'timeframe': '4h', 'zone_kind': 'support', 'distance_to_entry_r': 0.8592617007251155, 'distance_to_target_r': 1.1407382992748845}, {'timeframe': '1h', 'zone_kind': 'support', 'distance_to_entry_r': 0.1341463414634129, 'distance_to_target_r': 1.865853658536587}, {'timeframe': '15m', 'zone_kind': 'support', 'distance_to_entry_r': 0.05603164139749671, 'distance_to_target_r': 1.9439683586025034}]",4h favorable zone; 4h opposite zone before target; 1h favorable zone; 1h opposite zone before target; 15m favorable zone; 15m opposite zone before target,nested child acceptable with parent,2,4,24,0.5892857142857143,-2.11169673626598,0.6608284478151951,13.174314003270338,0.6662792628258359,12659656.117675781,-2.11169673626598,3.11169673626598,True,1.0,ascending,,,,,,,,,,,,,0.43636363636363634,1.0521334882948676,1h_only,-1.052925634615879,-0.1462536023054808,-0.027770731138889726,-0.018801259817236904,-0.0036515219454202885,-0.014393990362407738,0.12279988343796666,-0.003969855890713081,-1.0614086894822508,0,bullish,0,0,0,0,-0.3889569002370728,14.043750000000001,8.0,14.0,15.0,0.0,10.0,61.04375,2,short,ETH,2,2,55,20.0,44100000,63.36999999999989,descending,44100000,-4.3151927437642176e-07,0,loser,True,0.05603164139749671,1.1407382992748845,"['15m', '1h', '4h']",['support']
True,bullish,0.002846788811289334,True,bullish,0.0037585540677913132,0,0,0,True,bullish,0.09919594738970648,1,{},{},{},{},{},[],0,0.35299145299145407,0.3487733817506335,0.13247863247864494,0.011498963288205915,2.488071612549104,0.9880505003589344,6,True,True,symmetrical,0,0.03054263565891473,1.1928934010152261,0.16131301289566458,0.1629542790152357,0.3833528722157063,1,1,1,0,0,0,0,1748328300000,bullish,1,1748351700000,3,bullish,3,2.2777777777777776e-06,0.0012588824417771901,True,"[{'timeframe': '4h', 'zone_kind': 'resistance', 'distance_to_entry_r': 0.3833528722157063, 'distance_to_target_r': 1.6166471277842938}, {'timeframe': '1h', 'zone_kind': 'resistance', 'distance_to_entry_r': 0.1629542790152357, 'distance_to_target_r': 1.8370457209847644}, {'timeframe': '15m', 'zone_kind': 'resistance', 'distance_to_entry_r': 0.16131301289566458, 'distance_to_target_r': 1.8386869871043354}]",4h favorable zone; 4h opposite zone before target; 1h favorable zone; 1h opposite zone before target; 15m favorable zone; 15m opposite zone before target,nested child aligned with parent,1,1,45,0.8846153846153846,1.0859264413880094,0.9005016722408024,18.499489097643043,0.4557446808510654,158265546.21850586,1.0859264413880094,-0.0859264413880094,True,1.0,symmetrical,,,,,,,,,,,,,1.8,0.4574468085106383,1h_only,1.8129658185853175,-0.3259673934394207,0.016466694761992473,0.013533866259466842,0.011790267087743,0.007957138712074263,0.11396841480315345,0.00312225028084101,1.8295141144989926,0,bullish,0,0,0,0,11.029787234042583,7.114743589743641,8.0,20.0,15.0,0.0,10.0,60.11474358974364,1,long,ETH,2,2,25,18.370558779111406,18000000,64.5,symmetrical,18000000,-4.583333333333333e-07,1,winner,True,0.16131301289566458,1.6166471277842938,"['15m', '1h', '4h']",['resistance']
True,bullish,0.0059205872637929854,True,bullish,0.01935653777163922,0,0,0,True,bullish,0.09670762359769067,1,{},{},{},{},{},[],0,0.9854158454867996,1.9590941148812875,0.98896334253054,0.006859864608836603,1.4268379271121918,1.988088707781522,2,True,True,descending,0,0.010331156557282018,46.05845442536281,0.10934998398976029,0.2667307076529046,0.8328530259366047,4,4,4,0,0,0,0,1748474100000,bullish,4,1748565900000,8,bullish,2,0.0,0.0,True,"[{'timeframe': '4h', 'zone_kind': 'resistance', 'distance_to_entry_r': 0.8328530259366047, 'distance_to_target_r': 1.1671469740633953}, {'timeframe': '1h', 'zone_kind': 'resistance', 'distance_to_entry_r': 0.2667307076529046, 'distance_to_target_r': 1.7332692923470954}, {'timeframe': '15m', 'zone_kind': 'resistance', 'distance_to_entry_r': 0.10934998398976029, 'distance_to_target_r': 1.8906500160102397}]",4h favorable zone; 4h opposite zone before target; 1h favorable zone; 1h opposite zone before target; 15m favorable zone; 15m opposite zone before target,nested child aligned with parent,4,4,45,1.0,0.7855829944412442,1.0,17.23383357835294,0.6215407262021588,54498207.94189453,0.7855829944412442,0.2144170055587557,True,1.0,symmetrical,,,,,,,,,,,,,1.1842105263157894,0.3784592737978412,1h_only,-1.0541872336105216,0.3542687645086471,0.017548663352657368,0.011455166211587153,0.028280040969737463,0.008212635696801307,0.12701619621856808,0.01625363702856819,-1.0618668890213412,0,bullish,0,0,0,0,1.4308321084142932,14.958612534489525,8.0,20.0,15.0,0.0,10.0,67.95861253448953,4,long,ETH,2,2,38,20.0,29700000,77.13000000000011,descending,29700000,-1.0195286195286264e-06,0,loser,True,0.10934998398976029,1.1671469740633953,"['15m', '1h', '4h']",['resistance']
True,bearish,0.00243030983207778,False,bullish,0.0225516652013091,0,0,0,False,bullish,0.09701071852765196,1,{},{},{},{},{},[],0,0.7674137699637649,5.333457699841458,0.7820426788350593,0.02796136198514748,6.901619071403424,6.949911388862997,3,True,True,ascending,0,0.00867899926656332,43.04381846635488,0.15415962627969132,0.2707484345492471,1.1394493589106423,5,5,5,0,0,0,0,1748566800000,bearish,5,1749051000000,5,neutral,1,6.870967741935346e-07,0.0,True,"[{'timeframe': '4h', 'zone_kind': 'support', 'distance_to_entry_r': 1.1394493589106423, 'distance_to_target_r': 0.8605506410893576}, {'timeframe': '1h', 'zone_kind': 'support', 'distance_to_entry_r': 0.2707484345492471, 'distance_to_target_r': 1.729251565450753}, {'timeframe': '15m', 'zone_kind': 'support', 'distance_to_entry_r': 0.15415962627969132, 'distance_to_target_r': 1.8458403737203086}]",4h favorable zone; 4h opposite zone before target; 1h favorable zone; 1h opposite zone before target; 15m favorable zone; 15m opposite zone before target,nested child aligned with parent,5,5,28,0.9302325581395349,-0.36278221026413454,0.9760549804743023,17.303455038357296,0.3082126684184052,105844440.41357422,-0.36278221026413454,1.3627822102641345,True,1.0,symmetrical,,,,,,,,,,,,,0.6666666666666666,0.2940124112483911,1h_only,-1.0302448858195847,-0.19985636606132662,-0.032812804932761064,-0.03053401255058885,-0.01056885438923505,-0.03216447803582301,0.12101105015940883,0.011058364589777048,-1.038853247331694,0,bullish,0,0,0,0,-2.7798097315639456,14.182660045631472,8.0,20.0,15.0,0.0,10.0,67.18266004563148,5,short,ETH,2,2,42,20.0,27900000,52.58999999999969,ascending,27900000,0.0,0,loser,True,0.15415962627969132,0.8605506410893576,"['15m', '1h', '4h']",['support']
True,bullish,0.0015910801101714702,False,bearish,0.014820761472721863,0,0,0,True,bullish,0.04656544760942336,1,{},{},{},{},{},[],0,0.4951660361496519,2.058900637944649,0.5590584279108954,0.0038060913303497672,1.6796294677969443,4.158000524338056,10,True,True,ascending,0,0.01505446401303053,5.386800108196326,0.2001156737998553,0.6847888953151766,0.722382880277587,3,3,3,0,0,0,0,1749336300000,bullish,3,1749340800000,3,bearish,1,8.215555555555512e-07,0.0,True,"[{'timeframe': '4h', 'zone_kind': 'resistance', 'distance_to_entry_r': 0.722382880277587, 'distance_to_target_r': 1.2776171197224129}, {'timeframe': '1h', 'zone_kind': 'resistance', 'distance_to_entry_r': 0.6847888953151766, 'distance_to_target_r': 1.3152111046848234}, {'timeframe': '15m', 'zone_kind': 'resistance', 'distance_to_entry_r': 0.2001156737998553, 'distance_to_target_r': 1.7998843262001447}]",4h favorable zone; 4h opposite zone before target; 1h favorable zone; 1h opposite zone before target; 15m favorable zone; 15m opposite zone before target,nested child aligned with parent,3,3,45,0.9821428571428571,1.0644792735366089,0.9884930643127365,20.0,0.5080306564478502,117847461.62939453,1.0644792735366089,-0.06447927353660897,True,1.0,ascending,,,,,,,,,,,,,0.8181818181818182,0.29756747750749774,1h_only,-1.1927186508145338,0.29514302741360077,0.010664336295777455,0.009041748806843497,-0.009204373433158053,0.0055616412793295655,0.03574993213528588,-0.01190599884621979,-1.203935297677368,0,bullish,0,0,0,0,3.4127542053727606,10.776602317088553,8.0,20.0,0.0,0.0,10.0,48.77660231708855,3,long,ETH,2,2,55,20.0,45000000,44.65000000000009,ascending,45000000,0.0,0,loser,True,0.2001156737998553,1.2776171197224129,"['15m', '1h', '4h']",['resistance']
False,bearish,0.004001687926640252,False,bearish,0.010994179125513768,0,0,0,True,bullish,0.03985412887487583,1,{},{},{},{},{},[],0,0.6767922235722597,0.9221090969290178,0.7861482381530723,0.005601818026251604,2.3002142942544856,1.3624699942057863,9,True,True,descending,0,0.01861001317523056,-0.035398230088503624,0.37533948940795026,1.0396523628463052,2.7571971754481597,1,1,1,0,0,0,0,1749459600000,bearish,2,1749464100000,4,bearish,2,0.0,0.0,True,"[{'timeframe': '1h', 'zone_kind': 'resistance', 'distance_to_entry_r': 1.0396523628463052, 'distance_to_target_r': 0.9603476371536948}, {'timeframe': '15m', 'zone_kind': 'resistance', 'distance_to_entry_r': 0.37533948940795026, 'distance_to_target_r': 1.6246605105920497}]",4h favorable zone; 1h favorable zone; 1h opposite zone before target; 15m favorable zone; 15m opposite zone before target,nested child aligned with parent,2,1,56,0.8222222222222222,0.191755307447493,0.9463372023308934,20.0,0.3076836791923754,321314764.85595703,0.191755307447493,0.808244692552507,True,1.0,ascending,,,,,,,,,,,,,1.2727272727272727,0.7584969153112712,1h_only,1.5991489350899042,0.09927627438639941,-0.004964856537050588,-0.000986966339299955,-0.015804198626159893,-0.005038290131444745,0.022443798523437364,-0.017588117119383906,1.6161334817620798,0,bullish,0,0,0,0,13839999999999.691,14.19805589307402,14.0,20.0,0.0,0.0,10.0,58.19805589307402,1,long,ETH,2,2,44,20.0,32400000,67.61999999999989,descending,32400000,-1.7089506172839472e-06,0,winner,True,0.37533948940795026,0.9603476371536948,"['15m', '1h']",['resistance']
False,bearish,0.002765942891481807,False,bearish,0.010808607861358576,0,0,0,True,bullish,0.03985412887487583,1,{},{},{},{},{},[],0,0.6298533218291709,0.920961332239979,0.6626402070750815,0.024253312323193547,7.561064502337491,1.462183813789209,5,True,True,descending,0,0.016376811594202893,-6.035398230088504,0.156283955088729,0.25262586019557687,0.25262586019557687,2,2,2,0,0,0,0,1749465000000,neutral,2,1749505500000,4,bearish,2,0.0,0.0,True,"[{'timeframe': '4h', 'zone_kind': 'resistance', 'distance_to_entry_r': 0.25262586019557687, 'distance_to_target_r': 1.7473741398044231}, {'timeframe': '1h', 'zone_kind': 'resistance', 'distance_to_entry_r': 0.25262586019557687, 'distance_to_target_r': 1.7473741398044231}, {'timeframe': '15m', 'zone_kind': 'resistance', 'distance_to_entry_r': 0.156283955088729, 'distance_to_target_r': 1.843716044911271}]",4h favorable zone; 4h opposite zone before target; 1h favorable zone; 1h opposite zone before target; 15m favorable zone; 15m opposite zone before target,nested child aligned with parent,2,2,57,0.9803921568627451,0.8015352746458954,0.9958590429178665,20.0,0.22411665731912506,642542342.3422852,0.8015352746458954,0.19846472535410464,True,1.0,ascending,,,,,,,,,,,,,1.14,0.7584969153112712,1h_only,1.8470135649423995,-0.5397308554950082,0.009614934669847308,0.012442217276770196,-0.010153018678093484,0.0005517523108318212,0.022443798523437364,-0.017588117119383906,1.8636188228754291,0,bullish,0,0,0,0,50650000000000.09,13.734900776531555,8.0,20.0,0.0,0.0,10.0,51.73490077653155,2,long,ETH,2,2,50,20.0,32400000,67.61999999999989,descending,32400000,-1.7089506172839472e-06,0,winner,True,0.156283955088729,1.7473741398044231,"['15m', '1h', '4h']",['resistance']
True,bearish,0.017892698915494547,True,bearish,0.008931429098022017,0,0,0,False,bullish,0.04966768618350169,1,{},{},{},{},{},[],0,0.7793923381770566,0.9261439447453291,0.8573315719947201,0.004736528168019277,1.8946707479790004,1.1882897731731803,11,False,True,descending,0,0.02721573097748652,1.4083769633507472,0.977615825091107,0.7766788131181699,3.1431546069755334,2,2,2,0,0,0,0,1749885300000,bearish,2,1749919500000,2,bearish,1,0.0,0.0,True,"[{'timeframe': '1h', 'zone_kind': 'support', 'distance_to_entry_r': 0.7766788131181699, 'distance_to_target_r': 1.2233211868818301}, {'timeframe': '15m', 'zone_kind': 'support', 'distance_to_entry_r': 0.977615825091107, 'distance_to_target_r': 1.022384174908893}]",4h favorable zone; 1h favorable zone; 1h opposite zone before target; 15m favorable zone; 15m opposite zone before target,nested child acceptable with parent,2,2,28,1.0,0.4281372355850592,1.0,20.0,0.4553571428571428,61623529.411865234,0.4281372355850592,0.5718627644149408,True,1.0,ascending,,,,,,,,,,,,,0.9655172413793104,0.22407407407407207,1h_only,1.6188117626815475,0.13127016720445062,-0.023058961541681966,-0.005678103567871906,-0.029422197259925453,-0.020935028801681188,0.020694620555683718,-0.028553390018505986,1.6303271032647413,0,bullish,0,0,0,0,-7.691980881572094,14.069785647009143,14.0,14.0,15.0,0.0,10.0,67.06978564700914,2,short,ETH,2,2,29,20.0,21600000,33.879999999999654,descending,21600000,-1.237962962962953e-06,0,winner,True,0.7766788131181699,1.022384174908893,"['15m', '1h']",['support']
True,bearish,0.017380803233322965,True,bearish,0.014858029350523534,0,0,0,False,bullish,0.045698881056348166,1,{},{},{},{},{},[],0,0.6617298578199052,1.2163118636685404,0.6777251184834112,0.014245739655823002,3.9285224812867243,1.8380791637175433,5,False,True,symmetrical,0,0.011951359220983867,11.147778332500934,0.26879084967319944,0.09967320261438124,0.42095588235294346,8,8,8,0,0,0,0,1749920400000,bearish,8,1749962700000,16,bearish,2,3.835249042145678e-07,0.00032559283689529653,True,"[{'timeframe': '4h', 'zone_kind': 'support', 'distance_to_entry_r': 0.42095588235294346, 'distance_to_target_r': 1.5790441176470564}, {'timeframe': '1h', 'zone_kind': 'support', 'distance_to_entry_r': 0.09967320261438124, 'distance_to_target_r': 1.9003267973856188}, {'timeframe': '15m', 'zone_kind': 'support', 'distance_to_entry_r': 0.26879084967319944, 'distance_to_target_r': 1.7312091503268006}]",4h favorable zone; 4h opposite zone before target; 1h favorable zone; 1h opposite zone before target; 15m favorable zone; 15m opposite zone before target,nested child acceptable with parent,8,8,26,0.8666666666666667,-0.2679538235559218,0.895737164902295,20.0,0.1782635094110486,306696457.765625,-0.2679538235559218,1.2679538235559218,True,1.0,ascending,,,,,,,,,,,,,0.5909090909090909,0.4625379477838517,1h_only,-1.0697022264668379,-0.20043129268001625,-0.030086699086781743,-0.013455660658465152,-0.04365354292186352,-0.02986853384690813,0.008465010659977734,-0.03596331648536111,-1.0755579911018553,0,bullish,0,0,0,0,-4.6856106408706895,13.791469194312793,8.0,14.0,15.0,0.0,10.0,60.791469194312796,8,short,ETH,2,2,44,18.83720358155235,26100000,38.090000000000146,symmetrical,26100000,-3.839080459770108e-07,1,loser,True,0.09967320261438124,1.5790441176470564,"['15m', '1h', '4h']",['support']
False,bearish,0.009730819061288205,False,bearish,0.018041095110001275,0,0,0,True,bullish,0.04118532961077211,1,{},{},{},{},{},[],0,0.8421052631578947,1.291676757891353,0.930526315789489,0.005405831985163484,2.2119964478889127,1.5338661499959818,10,True,True,ascending,0,0.019036146909710075,-4.601270648030436,0.5236755743084909,0.6718237224566327,1.852789498359124,4,4,4,0,0,0,0,1749966300000,bearish,4,1749970800000,4,bearish,1,1.3249158249158218e-06,0.00020968314722007996,True,"[{'timeframe': '4h', 'zone_kind': 'resistance', 'distance_to_entry_r': 1.852789498359124, 'distance_to_target_r': 0.14721050164087593}, {'timeframe': '1h', 'zone_kind': 'resistance', 'distance_to_entry_r': 0.6718237224566327, 'distance_to_target_r': 1.3281762775433672}, {'timeframe': '15m', 'zone_kind': 'resistance', 'distance_to_entry_r': 0.5236755743084909, 'distance_to_target_r': 1.4763244256915091}]",4h favorable zone; 4h opposite zone before target; 1h favorable zone; 1h opposite zone before target; 15m favorable zone; 15m opposite zone before target,nested child aligned with parent,4,4,61,0.9777777777777777,0.9180872187775182,0.9880897943784204,16.621362526465585,0.8266414737836553,-5451428.571533203,0.9180872187775182,0.08191278122248179,True,1.0,symmetrical,,,,,,,,,,,,,1.3863636363636365,0.13869863013698644,1h_only,-1.1606060753128151,0.17945326278659246,-0.002532992991540084,0.007243484471929351,-0.02228290865710747,-0.004727205205572682,0.012509959202687382,-0.028022061639319307,-1.1682159498574594,0,bullish,0,0,0,0,8213333333333.14,14.739473684210584,8.0,20.0,0.0,0.0,10.0,52.73947368421058,4,long,ETH,2,2,44,18.89515842638996,29700000,46.98000000000002,ascending,29700000,0.0,1,loser,True,0.5236755743084909,0.14721050164087593,"['15m', '1h', '4h']",['resistance']
False,bearish,0.00886195402916403,False,bearish,0.019168527359781664,0,0,0,True,bullish,0.038758265981309395,1,{},{},{},{},{},[],0,0.41288433382137135,0.7717041800642909,0.6522693997071706,0.006082892605569418,2.0932040525664006,1.8690565779571522,4,True,True,descending,0,0.02332377767160378,5.687265278251971,0.16134674245737088,0.644949715784874,0.644949715784874,1,1,1,0,0,0,0,1749993300000,bearish,1,1750019400000,2,bearish,2,0.0,0.0,True,"[{'timeframe': '4h', 'zone_kind': 'resistance', 'distance_to_entry_r': 0.644949715784874, 'distance_to_target_r': 1.355050284215126}, {'timeframe': '1h', 'zone_kind': 'resistance', 'distance_to_entry_r': 0.644949715784874, 'distance_to_target_r': 1.355050284215126}, {'timeframe': '15m', 'zone_kind': 'resistance', 'distance_to_entry_r': 0.16134674245737088, 'distance_to_target_r': 1.838653257542629}]",4h favorable zone; 4h opposite zone before target; 1h favorable zone; 1h opposite zone before target; 15m favorable zone; 15m opposite zone before target,nested child aligned with parent,1,1,58,1.0,0.6631630974054801,1.0,12.52017646060759,0.5664682539682523,118068651.48852539,0.6631630974054801,0.3368369025945199,True,1.0,symmetrical,,,,,,,,,,,,,2.0714285714285716,0.2966269841269839,1h_only,-1.1473695117014633,0.1989896500739341,-0.006251076488904994,0.002578185728065785,-0.027026482690415965,-0.008535198665805432,0.0067754571879965475,-0.031034423529500144,-1.1562433385117425,0,bullish,0,0,0,0,3.020410613518951,12.423316251830117,8.0,20.0,0.0,0.0,10.0,50.423316251830116,1,long,ETH,2,2,28,20.0,19800000,44.84999999999991,descending,19800000,-1.4792929292929275e-06,0,loser,True,0.16134674245737088,1.355050284215126,"['15m', '1h', '4h']",['resistance']
True,bearish,0.00421579415503145,True,bearish,0.017873105625659937,0,0,0,False,bullish,0.036388046758670016,1,{},{},{},{},{},[],0,0.693352394567551,2.1033230335555935,0.9203002144388843,0.021982242395524793,6.074126511882985,3.033555591695117,5,True,True,ascending,0,0.01593037906683725,6.634580012262518,0.07877885331347664,0.01563663440059837,0.2498883097542841,4,4,4,0,0,0,0,1750020300000,bearish,4,1750039200000,17,bearish,5,1.0660130718954213e-06,0.0,True,"[{'timeframe': '4h', 'zone_kind': 'support', 'distance_to_entry_r': 0.2498883097542841, 'distance_to_target_r': 1.750111690245716}, {'timeframe': '1h', 'zone_kind': 'support', 'distance_to_entry_r': 0.01563663440059837, 'distance_to_target_r': 1.9843633655994017}, {'timeframe': '15m', 'zone_kind': 'support', 'distance_to_entry_r': 0.07877885331347664, 'distance_to_target_r': 1.9212211466865234}]",4h favorable zone; 4h opposite zone before target; 1h favorable zone; 1h opposite zone before target; 15m favorable zone; 15m opposite zone before target,nested child aligned with parent,4,4,65,0.8863636363636364,-0.2689122238246744,0.9710285876148442,12.942343184874396,0.7033730158730161,43900705.21850586,-0.2689122238246744,1.2689122238246744,True,1.0,symmetrical,,,,,,,,,,,,,1.5116279069767442,0.3149470899470896,1h_only,-1.046334475728134,-0.10366062264796017,-0.020437330511690832,-0.016375320022943285,-0.02140466380220407,-0.0039838048834996975,0.014760167108561317,-0.02137567355370107,-1.0556474766802104,0,bullish,0,0,0,0,-8.801589501894606,14.701125804145818,8.0,20.0,15.0,0.0,10.0,67.70112580414582,4,short,ETH,2,2,43,20.0,30600000,47.61999999999989,ascending,30600000,0.0,0,loser,True,0.01563663440059837,1.750111690245716,"['15m', '1h', '4h']",['support']
False,bearish,0.0017796441733808576,False,bearish,0.01735430474894932,0,0,0,True,bullish,0.03536226534267455,1,{},{},{},{},{},[],0,0.3695111847556043,0.32510843022196473,0.6379453189726598,0.009151101034745129,1.7006232459816932,0.879833801071522,5,True,True,ascending,0,0.01623193315266487,27.339130434782533,0.1584975576890664,0.029476166414013866,0.24877884453427673,3,3,3,0,0,0,0,1750041900000,neutral,3,1750172400000,9,bearish,3,1.2777777777777779e-06,0.0,True,"[{'timeframe': '4h', 'zone_kind': 'resistance', 'distance_to_entry_r': 0.24877884453427673, 'distance_to_target_r': 1.7512211554657233}, {'timeframe': '1h', 'zone_kind': 'resistance', 'distance_to_entry_r': 0.029476166414013866, 'distance_to_target_r': 1.970523833585986}, {'timeframe': '15m', 'zone_kind': 'resistance', 'distance_to_entry_r': 0.1584975576890664, 'distance_to_target_r': 1.8415024423109336}]",4h favorable zone; 4h opposite zone before target; 1h favorable zone; 1h opposite zone before target; 15m favorable zone; 15m opposite zone before target,nested child aligned with parent,3,3,32,0.84,1.3314699691614853,0.8687118644067798,18.52481947159931,0.056445461479790425,1603216216.2160645,1.3314699691614853,-0.33146996916148536,True,1.0,ascending,,,,,,,,,,,,,1.3333333333333333,0.9006864988558322,1h_only,-1.0521575881824214,-0.5160018340210735,0.011559851404840726,0.013384162391674836,-0.013421911239442919,0.0037639088736518556,0.01872251216197096,-0.01670020966306418,-1.0626441959728012,0,bullish,0,0,0,0,1.7420483460559761,12.1093620546811,8.0,20.0,0.0,0.0,10.0,50.1093620546811,3,long,ETH,2,2,24,20.0,18000000,59.039999999999964,ascending,18000000,0.0,0,loser,True,0.029476166414013866,1.7512211554657233,"['15m', '1h', '4h']",['resistance']
False,bearish,0.010006017773650101,False,bearish,0.0157560274739106,0,0,0,True,bullish,0.024755246549459566,1,{},{},{},{},{},[],0,0.3493333333333491,0.27299486832166636,0.3946666666666715,0.005279781794569007,0.6916280468600117,0.7814738596993914,1,True,True,descending,0,0.008456519787783726,60.70837988826975,0.10579224509334771,0.16467209190999996,0.2765278442636015,4,0,4,0,4,4,0,1750280400000,bearish,4,1750439700000,16,bearish,4,0.0,0.0,True,"[{'timeframe': '4h', 'zone_kind': 'resistance', 'distance_to_entry_r': 0.2765278442636015, 'distance_to_target_r': 1.7234721557363986}, {'timeframe': '1h', 'zone_kind': 'resistance', 'distance_to_entry_r': 0.16467209190999996, 'distance_to_target_r': 1.83532790809}, {'timeframe': '15m', 'zone_kind': 'resistance', 'distance_to_entry_r': 0.10579224509334771, 'distance_to_target_r': 1.8942077549066523}]",4h favorable zone; 4h opposite zone before target; 1h favorable zone; 1h opposite zone before target; 15m favorable zone; 15m opposite zone before target,nested child aligned with parent,4,0,48,1.0,0.7968141738644982,1.0,18.674997000185144,0.679910538087095,45982198.142333984,0.7968141738644982,0.2031858261355018,True,1.0,symmetrical,43,1.0,0.33063745261824956,1.0,20.0,0.48780323450134705,458643680.06640625,0.33063745261824956,0.6693625473817505,True,1.0,symmetrical,1.6551724137931034,0.32008946191290494,both,-1.0467571461966654,-0.10235487404162624,-0.0012216061891521246,0.008860740590600269,-0.016208732496290512,-0.0007192389221252204,-0.006843469346505815,-0.03067513043632164,-1.05831454085335,4,neutral,1,0,0,0,1.2687635734530855,11.076000000000112,8.0,20.0,0.0,20.0,10.0,69.0760000000001,4,long,ETH,2,2,29,20.0,19800000,72.98999999999978,descending,19800000,-9.040404040403857e-07,0,loser,True,0.10579224509334771,1.7234721557363986,"['15m', '1h', '4h']",['resistance']
True,bearish,0.0024308590676510883,True,bearish,0.012047514114726838,0,0,0,False,bullish,0.017087498790973966,1,{},{},{},{},{},[],0,0.8187664041994753,4.741962453446828,0.849081364829396,0.05591229872368121,10.876270495484619,5.791593828380319,0,True,True,symmetrical,0,0.0143647912885662,-4.054327226784494,,0.23352999016715814,2.199606686332347,2,0,0,2,2,0,0,1750440600000,bearish,2,1750622400000,0,bearish,0,1.2646464646464629e-06,0.0,True,"[{'timeframe': '1h', 'zone_kind': 'support', 'distance_to_entry_r': 0.23352999016715814, 'distance_to_target_r': 1.7664700098328419}]",4h favorable zone; 1h favorable zone; 1h opposite zone before target; 15m favorable zone,nested child aligned with parent,2,0,,,,,,,,,,,,,22,0.6274509803921569,-0.9591029023746616,0.8289233729767341,16.11132668635046,0.720343814410385,8637720.686767578,-0.9591029023746616,1.9591029023746616,True,1.0,symmetrical,0.44,0.2899618471253775,4h_only,1.9281464915305226,-0.11187800963081918,-0.04204550780565375,-0.03980955806339004,-0.02745794266969004,-0.015927850579304015,-0.006844046244735114,-0.023417194703067135,1.9515007330167529,2,neutral,1,0,0,0,-143099090909091.06,14.434055118110235,16.0,20.0,0.0,20.0,10.0,80.43405511811024,2,short,ETH,2,2,50,20.0,29700000,66.11999999999989,symmetrical,29700000,-3.3434343434342885e-07,0,winner,True,0.23352999016715814,1.7664700098328419,['1h'],['support']
False,bullish,0.01725047502156959,True,bearish,0.009355115842372105,0,0,0,True,bearish,0.021019062625722607,1,{},{},{},{},{},[],0,0.7414338429098475,3.1224331224330952,0.823405376910905,0.007073044208584747,1.9069819069818954,4.211344211344232,2,True,True,descending,0,0.011229544172048573,28.503070910105066,0.40136232643438086,0.8320670683783216,8.087241288970478,2,2,2,0,0,0,0,1750844700000,bullish,4,1750885200000,8,neutral,2,0.0,0.0005402027221751257,True,"[{'timeframe': '1h', 'zone_kind': 'support', 'distance_to_entry_r': 0.8320670683783216, 'distance_to_target_r': 1.1679329316216784}, {'timeframe': '15m', 'zone_kind': 'support', 'distance_to_entry_r': 0.40136232643438086, 'distance_to_target_r': 1.5986376735656191}]",4h favorable zone; 1h favorable zone; 1h opposite zone before target; 15m favorable zone; 15m opposite zone before target,nested child aligned with parent,4,2,40,0.9761904761904762,0.08898818190822107,0.9913820311672507,13.626418356001757,0.8238352533387701,973394.3818359375,0.08898818190822107,0.9110118180917789,True,1.0,symmetrical,,,,,,,,,,,,,0.975609756097561,0.13219152479015903,1h_only,-1.0818494291413272,-0.03846588980653509,0.00614183025534909,-0.011023269707091887,0.007699416554769023,0.017289552444943013,-0.010865004425471891,0.010136429356490284,-1.0928204475589263,0,bearish,0,0,0,0,-1.0769260906188265,14.337770163415895,14.0,20.0,15.0,0.0,10.0,73.3377701634159,2,short,ETH,2,2,41,17.729898638912438,28800000,38.90000000000009,descending,28800000,-6.218750000000108e-07,2,loser,True,0.40136232643438086,1.1679329316216784,"['15m', '1h']",['support']
True,bearish,0.0026108941662522514,False,bullish,0.0008649143870930242,0,0,0,True,bearish,0.015895686920452047,1,{},{},{},{},{},[],0,0.9442231075697717,0.5962639159695918,0.9442231075697717,0.004299243150206447,1.3121579973583388,0.6314862569972977,7,True,True,symmetrical,2,0.029272949992794426,-1.6953846153846825,0.13267626990143994,0.5913570887035402,2.743745261561782,1,1,1,0,0,0,0,1751067000000,bearish,1,1751096700000,3,neutral,3,1.6144444444444414e-06,0.0034485524899721554,True,"[{'timeframe': '1h', 'zone_kind': 'support', 'distance_to_entry_r': 0.5913570887035402, 'distance_to_target_r': 1.4086429112964598}, {'timeframe': '15m', 'zone_kind': 'support', 'distance_to_entry_r': 0.13267626990143994, 'distance_to_target_r': 1.8673237300985601}]",4h favorable zone; 1h favorable zone; 1h opposite zone before target; 15m favorable zone; 15m opposite zone before target,nested child aligned with parent,1,1,56,0.9285714285714286,0.3598643006263044,0.9932720328059723,16.17560343915926,0.42968809288912424,230464853.4086914,0.3598643006263044,0.6401356993736955,True,1.0,descending,,,,,,,,,,,,,2.074074074074074,0.46808833573650943,1h_only,-1.2386696296210715,0.36446867606213806,-0.005363568487683823,-0.002773881497494912,-0.00239959973816406,-0.003259626144556882,-0.021934904814916,-0.006488769277316231,-1.2525998259816338,0,bearish,0,0,0,0,-10431000000000.041,13.739701378696449,14.0,20.0,15.0,0.0,10.0,72.73970137869645,1,short,ETH,2,2,27,8.088909926809858,18000000,61.679999999999836,symmetrical,18000000,-1.093888888888892e-06,3,loser,True,0.13267626990143994,1.4086429112964598,"['15m', '1h']",['support']
False,bearish,0.0019135573471434505,True,bullish,0.00011419750162699846,0,0,0,False,bearish,0.015414547039398013,1,{},{},{},{},{},[],0,0.5823170731707615,0.9423954607130025,0.626524390243927,0.003621303338866446,2.163562353521639,1.6183545084494713,11,True,True,ascending,1,0.02877275396359332,-1.3665306122446736,0.2619926199261756,1.284870848708459,8.446494464944523,2,2,2,0,0,0,0,1751097600000,neutral,6,1751189400000,6,bullish,1,8.006535947712418e-07,0.0004981625085680489,True,"[{'timeframe': '1h', 'zone_kind': 'resistance', 'distance_to_entry_r': 1.284870848708459, 'distance_to_target_r': 0.7151291512915409}, {'timeframe': '15m', 'zone_kind': 'resistance', 'distance_to_entry_r': 0.2619926199261756, 'distance_to_target_r': 1.7380073800738245}]",4h favorable zone; 1h favorable zone; 1h opposite zone before target; 15m favorable zone; 15m opposite zone before target,nested child aligned with parent,6,2,52,1.0,0.43364907888381987,1.0,10.348840947527439,0.5899999999999992,89877966.10180664,0.43364907888381987,0.5663509211161801,True,1.0,symmetrical,,,,,,,,,,,,,2.08,0.1190909090909105,1h_only,1.485734304567377,-0.08406169665812135,0.001674028237434122,0.0035976848344987378,0.0016163499141914617,0.0015017960508794115,-0.013803291109453553,0.0014200720666748268,1.5043273338966159,0,bearish,0,0,0,0,7785294117647.027,11.27532391073909,14.0,20.0,15.0,0.0,10.0,70.27532391073909,2,long,ETH,2,2,25,14.529412250493511,15300000,17.0300000000002,ascending,15300000,0.0,2,winner,True,0.2619926199261756,0.7151291512915409,"['15m', '1h']",['resistance']
True,bullish,0.0019424199978797388,True,bullish,0.0011279587925392587,0,0,0,False,bearish,0.01410468963668661,1,{},{},{},{},{},[],0,0.4057507987220395,1.2414467253176937,0.5726837060702942,0.005724596079717886,3.411534701857342,3.059628543499552,10,True,True,descending,0,0.004214204954260653,91.42857142856428,0.5661356057799305,0.14894405335309427,3.4249722119303745,5,5,5,0,0,0,0,1751190300000,bullish,6,1751230800000,24,bullish,4,0.0,0.0,True,"[{'timeframe': '1h', 'zone_kind': 'resistance', 'distance_to_entry_r': 0.14894405335309427, 'distance_to_target_r': 1.8510559466469056}, {'timeframe': '15m', 'zone_kind': 'resistance', 'distance_to_entry_r': 0.5661356057799305, 'distance_to_target_r': 1.4338643942200695}]",4h favorable zone; 1h favorable zone; 1h opposite zone before target; 15m favorable zone; 15m opposite zone before target,nested child aligned with parent,6,5,48,0.90625,1.3542958222429893,0.9369260156469535,17.205545228012593,0.7569726332329453,23343020.23876953,1.3542958222429893,-0.3542958222429892,True,1.0,symmetrical,,,,,,,,,,,,,0.7619047619047619,0.283095456331019,1h_only,-1.1171424380641988,-0.7912687585266325,0.009096581559856043,0.007122531381922981,0.006153328974148442,0.005012740523405501,-0.009385743682642222,0.004651555918007588,-1.1294237492504244,0,bearish,0,0,0,0,2.090625000000026,12.08206869009584,14.0,20.0,15.0,0.0,10.0,71.08206869009584,5,long,ETH,2,2,63,20.0,36900000,21.61999999999989,descending,36900000,-1.5555555555556197e-07,0,loser,True,0.14894405335309427,1.4338643942200695,"['15m', '1h']",['resistance']
False,bullish,0.0014679351838632435,False,bullish,0.002240800607612286,0,0,0,True,bearish,0.013164942777009858,1,{},{},{},{},{},[],0,0.323606434717549,1.6711746522411306,0.40179573512906,0.00460215972781505,2.163833075734123,5.164219474497686,11,False,True,descending,0,0.0198334878414033,-0.20719101123575,0.4348728593668976,0.7488323819408329,2.2221069019200934,2,2,2,0,0,0,0,1751231700000,neutral,3,1751234400000,3,bullish,1,0.0,0.00031751614864973277,True,"[{'timeframe': '1h', 'zone_kind': 'support', 'distance_to_entry_r': 0.7488323819408329, 'distance_to_target_r': 1.251167618059167}, {'timeframe': '15m', 'zone_kind': 'support', 'distance_to_entry_r': 0.4348728593668976, 'distance_to_target_r': 1.5651271406331024}]",4h favorable zone; 1h favorable zone; 1h opposite zone before target; 15m favorable zone; 15m opposite zone before target,nested child acceptable with parent,3,2,60,0.9473684210526315,-0.10469753235234103,0.9767379410544518,18.471463008659047,0.5367290821002991,156008489.87548828,-0.10469753235234103,1.1046975323523411,True,1.0,ascending,,,,,,,,,,,,,1.6216216216216217,0.39701453450307983,1h_only,-1.1643118293983856,0.3617661022313555,-0.004912325197170553,-0.006363753716928655,0.0006487284677771932,-0.0015899607147641381,-0.010289348372871654,0.002776309603415683,-1.1784426586586776,0,bearish,0,0,0,0,-11199999999999.818,10.351612206761883,14.0,14.0,0.0,0.0,10.0,48.351612206761885,2,short,ETH,2,2,37,17.841241925675135,24300000,30.320000000000164,descending,24300000,-9.156378600823045e-07,2,loser,True,0.4348728593668976,1.251167618059167,"['15m', '1h']",['support']
False,bullish,0.006417211232619165,False,bullish,0.010030960339942458,0,0,0,True,bearish,0.0074534395574913865,1,{},{},{},{},{},[],0,0.37681159420291976,0.3217600550017382,0.7954911433172344,0.003743316562858756,1.2780884096505718,0.8539016844276418,6,False,True,symmetrical,0,0.013699185344303524,10.033727810650703,1.5400696864111618,0.33952768099109587,0.33952768099109587,1,0,1,0,1,1,0,1751345100000,bullish,2,1751376600000,2,bullish,1,1.0342403628117943e-06,0.0019308017046313086,True,"[{'timeframe': '4h', 'zone_kind': 'support', 'distance_to_entry_r': 0.33952768099109587, 'distance_to_target_r': 1.6604723190089041}, {'timeframe': '1h', 'zone_kind': 'support', 'distance_to_entry_r': 0.33952768099109587, 'distance_to_target_r': 1.6604723190089041}, {'timeframe': '15m', 'zone_kind': 'support', 'distance_to_entry_r': 1.5400696864111618, 'distance_to_target_r': 0.45993031358883807}]",4h favorable zone; 4h opposite zone before target; 1h favorable zone; 1h opposite zone before target; 15m favorable zone; 15m opposite zone before target,nested child acceptable with parent,2,0,30,1.0,0.4575835475578427,1.0,20.0,0.21549677856900698,272628481.5107422,0.4575835475578427,0.5424164524421573,True,1.0,ascending,30,0.9821428571428571,0.5937163572448638,0.9975523399014776,18.38917584511291,0.20594405594405468,1161803735.144287,0.5937163572448638,0.4062836427551362,True,1.0,ascending,0.5454545454545454,0.7605968124788083,both,1.7049960226143313,0.2700999048525261,0.001791558564090634,-0.00460752901940753,0.016775080528565134,0.006509458552881986,0.008267437647435205,0.015902002561526185,1.7277249641028425,6,neutral,3,0,0,0,-0.6714778557528066,10.858936196945335,8.0,14.0,0.0,20.0,10.0,62.858936196945336,1,short,ETH,2,2,55,18.034599147684347,44100000,89.72000000000025,symmetrical,44100000,-4.986394557823183e-07,1,winner,True,0.33952768099109587,0.45993031358883807,"['15m', '1h', '4h']",['support']
True,bearish,0.0025159902214320707,False,bullish,0.008039215845522075,0,0,0,True,bearish,0.007168324788734105,1,{},{},{},{},{},[],0,0.350097465886939,1.213759545853901,0.5345029239766077,0.0072285714285714436,2.3937284584713345,3.4669189700615375,6,False,True,descending,0,0.012346878662917482,-4.441055910805176,0.2292476156834968,0.15153655951960338,0.9092193571176204,3,0,3,0,3,3,0,1751377500000,bearish,3,1751418900000,3,neutral,1,0.0,0.0004979591836733878,True,"[{'timeframe': '4h', 'zone_kind': 'support', 'distance_to_entry_r': 0.9092193571176204, 'distance_to_target_r': 1.0907806428823796}, {'timeframe': '1h', 'zone_kind': 'support', 'distance_to_entry_r': 0.15153655951960338, 'distance_to_target_r': 1.8484634404803966}, {'timeframe': '15m', 'zone_kind': 'support', 'distance_to_entry_r': 0.2292476156834968, 'distance_to_target_r': 1.7707523843165032}]",4h favorable zone; 4h opposite zone before target; 1h favorable zone; 1h opposite zone before target; 15m favorable zone; 15m opposite zone before target,nested child acceptable with parent,3,0,39,0.9857142857142858,0.02463299328191223,0.9934069896964633,20.0,0.21549677856900698,240228481.5107422,0.02463299328191223,0.9753670067180877,True,1.0,ascending,32,0.9857142857142858,0.23058846984549128,0.9980418719211822,18.38917584511291,0.20594405594405468,1133003735.144287,0.23058846984549128,0.7694115301545087,True,1.0,ascending,0.5652173913043478,0.6069006442861997,both,1.7356145690495455,-0.14822880371658909,-0.012861695044760424,-0.01040390417417103,-0.0032913225349509023,-0.011214221902198007,-0.006365967407729434,0.0007621526371164311,1.7557182816018204,9,bearish,3,0,0,0,-17710000000000.035,11.604970760233915,8.0,14.0,15.0,20.0,10.0,78.60497076023391,3,short,ETH,2,2,69,18.751020408163306,49500000,71.59000000000015,descending,49500000,-1.2321212121212169e-06,1,winner,True,0.15153655951960338,1.0907806428823796,"['15m', '1h', '4h']",['support']
True,bearish,0.0019197895248884156,False,bullish,0.0008855671441773296,0,0,0,True,bearish,0.008059671881346845,1,{},{},{},{},{},[],0,0.37014925373135604,0.41250831669993415,0.37164179104475364,0.005144129221828312,2.102461743180273,1.1144377910844612,6,False,True,ascending,0,0.02068106312292354,-1.7054886211511757,1.0262901655307144,1.0447906523855928,0.18305744888024464,1,0,0,1,1,0,0,1751457600000,neutral,1,1751463900000,0,bullish,0,2.3714285714285655e-06,0.0,True,"[{'timeframe': '4h', 'zone_kind': 'support', 'distance_to_entry_r': 0.18305744888024464, 'distance_to_target_r': 1.8169425511197554}, {'timeframe': '1h', 'zone_kind': 'support', 'distance_to_entry_r': 1.0447906523855928, 'distance_to_target_r': 0.9552093476144072}, {'timeframe': '15m', 'zone_kind': 'support', 'distance_to_entry_r': 1.0262901655307144, 'distance_to_target_r': 0.9737098344692856}]",4h favorable zone; 4h opposite zone before target; 1h favorable zone; 1h opposite zone before target; 15m favorable zone; 15m opposite zone before target,nested child acceptable with parent,1,0,,,,,,,,,,,,,38,0.9534883720930233,0.33756154101515506,0.9683129283870466,18.721597691785668,0.20594405594405468,1466135144.3125,0.33756154101515506,0.662438458984845,True,1.0,ascending,0.9047619047619048,0.6013986013986014,4h_only,-1.3071370566159368,0.15271163005067967,0.0005399883346828283,0.002465550417331208,0.0015905077189182215,0.0007029086105438953,-0.006905561152159678,0.0011073171556266193,-1.3199602138916746,4,bearish,4,0,0,0,-12639999999999.873,11.114552238805963,8.0,14.0,0.0,20.0,10.0,63.11455223880596,1,short,ETH,2,2,42,20.0,31500000,86.0,ascending,31500000,0.0,0,loser,True,0.18305744888024464,0.9552093476144072,"['15m', '1h', '4h']",['support']
True,bullish,0.001826828331108274,True,bullish,0.0017651727945875476,0,0,0,False,bearish,0.007152384222907809,1,{},{},{},{},{},[],0,0.5960539979231274,0.5308670520231012,0.609553478712339,0.018018935982033878,4.088786127167591,0.8906358381502991,6,True,True,ascending,0,0.012608259823576558,3.53601526474813,0.027629233511588462,0.25638740344623134,0.3306595365418942,1,0,0,1,1,0,0,1751472000000,bullish,1,1751549400000,0,bullish,0,1.5528395061728364e-06,0.0006370168695715147,True,"[{'timeframe': '4h', 'zone_kind': 'resistance', 'distance_to_entry_r': 0.3306595365418942, 'distance_to_target_r': 1.669340463458106}, {'timeframe': '1h', 'zone_kind': 'resistance', 'distance_to_entry_r': 0.25638740344623134, 'distance_to_target_r': 1.7436125965537688}, {'timeframe': '15m', 'zone_kind': 'resistance', 'distance_to_entry_r': 0.027629233511588462, 'distance_to_target_r': 1.9723707664884116}]",4h favorable zone; 4h opposite zone before target; 1h favorable zone; 1h opposite zone before target; 15m favorable zone; 15m opposite zone before target,nested child aligned with parent,1,0,,,,,,,,,,,,,39,0.9661016949152542,0.8050689409353295,0.9785070282392342,18.721597691785668,0.20594405594405468,1451735144.3125,0.8050689409353295,0.19493105906467048,True,1.0,ascending,0.6724137931034483,0.6013986013986014,4h_only,1.868355936930169,-0.8353218827848439,0.02122422684854741,0.01932257727228137,0.02302234678123427,0.021178291570013608,0.014564611609633182,0.02198067150277594,1.8891783529744726,4,neutral,4,0,0,0,9.946173217015353,13.362149532710035,8.0,20.0,0.0,20.0,10.0,71.36214953271003,1,long,ETH,2,2,58,18.68149156521424,40500000,86.0,ascending,40500000,0.0,1,winner,True,0.027629233511588462,1.669340463458106,"['15m', '1h', '4h']",['resistance']
False,bearish,0.010609269586198794,True,bullish,0.018323378825159654,0,0,0,True,bullish,0.006595267293242414,1,{},{},{},{},{},[],0,0.6386946386945932,0.3371477790082164,0.6993006993007053,0.005275523783916466,1.6088593576965344,0.5278700627537779,4,True,True,descending,0,0.021442256736374433,2.3309713100586578,0.2945316729832222,1.2701678397401348,1.54087709799677,2,2,2,0,0,0,0,1751664600000,bearish,2,1751698800000,2,neutral,1,0.0,0.0,True,"[{'timeframe': '4h', 'zone_kind': 'resistance', 'distance_to_entry_r': 1.54087709799677, 'distance_to_target_r': 0.45912290200322986}, {'timeframe': '1h', 'zone_kind': 'resistance', 'distance_to_entry_r': 1.2701678397401348, 'distance_to_target_r': 0.7298321602598652}, {'timeframe': '15m', 'zone_kind': 'resistance', 'distance_to_entry_r': 0.2945316729832222, 'distance_to_target_r': 1.7054683270167779}]",4h favorable zone; 4h opposite zone before target; 1h favorable zone; 1h opposite zone before target; 15m favorable zone; 15m opposite zone before target,nested child aligned with parent,2,2,56,1.0,0.1498563645698151,1.0,16.0414201183432,0.3660670642291519,306181706.5029297,0.1498563645698151,0.8501436354301849,True,1.0,symmetrical,,,,,,,,,,,,,1.696969696969697,0.3996969400723434,1h_only,1.6041882632948243,0.18775783253429035,-0.01783856200877354,-0.007496661868621524,-0.0007648066976907453,-0.01873121502749997,0.003086402789764575,-0.0035060256113720323,1.619007993854664,0,bullish,0,0,0,0,3.423667235115239,13.872377622377643,8.0,20.0,15.0,0.0,10.0,66.87237762237764,2,long,ETH,2,2,33,20.0,22500000,81.76999999999998,descending,22500000,-2.571555555555561e-06,0,winner,True,0.2945316729832222,0.45912290200322986,"['15m', '1h', '4h']",['resistance']
False,bearish,0.0018984111209594372,True,bullish,0.007708520183078208,0,0,0,True,bullish,0.008062550929378704,1,{},{},{},{},{},[],0,0.5390334572489921,0.33705253370520766,0.7174721189590324,0.0037184349421315096,2.1692236169223116,0.6252905625290626,9,True,True,descending,0,0.019550422767580886,3.5094936708861724,2.141577060931949,0.036439665471931615,0.060334528076477385,1,1,1,0,0,0,0,1751806800000,neutral,5,1751809500000,10,bullish,2,0.0,6.984015569659849e-05,True,"[{'timeframe': '4h', 'zone_kind': 'resistance', 'distance_to_entry_r': 0.060334528076477385, 'distance_to_target_r': 1.9396654719235227}, {'timeframe': '1h', 'zone_kind': 'resistance', 'distance_to_entry_r': 0.036439665471931615, 'distance_to_target_r': 1.9635603345280683}]",4h favorable zone; 4h opposite zone before target; 1h favorable zone; 1h opposite zone before target; 15m favorable zone,nested child aligned with parent,5,1,44,1.0,0.772751692274626,1.0,20.0,0.23731851586305414,414440483.38378906,0.772751692274626,0.22724830772537397,True,1.0,ascending,,,,,,,,,,,,,1.6923076923076923,0.33428929915755695,1h_only,1.566381774056494,0.09054593874835248,0.0005666527996555093,0.002470832975363768,0.00826155961769448,0.00048558100068119003,0.014965350899337926,0.006727091861884249,1.5782969672205047,0,bullish,0,0,0,0,5.207394048692752,11.502373602787655,10.0,20.0,15.0,0.0,10.0,66.50237360278766,1,long,ETH,2,2,26,18.965079922151702,13500000,18.65000000000009,descending,13500000,-7.022222222222236e-07,1,winner,True,0.036439665471931615,1.9396654719235227,"['1h', '4h']",['resistance']
False,bearish,0.0007118314976811935,True,bullish,0.00797180688107397,0,0,0,True,bullish,0.008062550929378704,1,{},{},{},{},{},[],0,0.5778558875219647,3.0714619336758315,0.5778558875219647,0.02004682645096176,9.39000467071448,5.315273236805228,7,True,True,descending,0,0.016943699731903437,-0.49050632911382763,0.4194776931447255,0.022488211824451203,0.5464272760246678,5,5,5,0,0,0,0,1751810400000,neutral,5,1752066000000,10,bullish,2,0.0,6.984015569659849e-05,True,"[{'timeframe': '4h', 'zone_kind': 'resistance', 'distance_to_entry_r': 0.5464272760246678, 'distance_to_target_r': 1.4535727239753322}, {'timeframe': '1h', 'zone_kind': 'resistance', 'distance_to_entry_r': 0.022488211824451203, 'distance_to_target_r': 1.9775117881755488}, {'timeframe': '15m', 'zone_kind': 'resistance', 'distance_to_entry_r': 0.4194776931447255, 'distance_to_target_r': 1.5805223068552745}]",4h favorable zone; 4h opposite zone before target; 1h favorable zone; 1h opposite zone before target; 15m favorable zone; 15m opposite zone before target,nested child aligned with parent,5,5,45,0.9032258064516129,1.6528409260493562,0.9207970331999059,20.0,0.23731851586305414,410840483.38378906,1.6528409260493562,-0.6528409260493562,True,1.0,ascending,,,,,,,,,,,,,1.5,0.33428929915755695,1h_only,1.8509187763876225,-0.49650186567163446,0.015501577217015283,0.01623617980811609,0.02339228136270677,0.015110718177128835,0.014965350899337926,0.006727091861884249,1.8620595100613395,0,bullish,0,0,0,0,49949999999999.82,13.134094903339156,8.0,20.0,15.0,0.0,10.0,66.13409490333916,5,long,ETH,2,2,30,18.965079922151702,13500000,18.65000000000009,descending,13500000,-7.022222222222236e-07,1,winner,True,0.022488211824451203,1.4535727239753322,"['15m', '1h', '4h']",['resistance']
True,bullish,0.012706173794449998,True,bullish,0.018214852075603284,0,0,0,True,bullish,0.017023930530505084,1,{},{},{},{},{},[],0,0.47796934865898044,0.5710362190307026,0.5603448275861953,0.016107131193901208,4.832528193516906,1.1947130514390436,4,True,True,symmetrical,0,0.013180756363701382,6.060318536089312,,,0.254678600488204,2,0,0,2,2,0,0,1752066900000,bullish,2,1752090300000,0,bullish,0,7.43386243386253e-07,0.0,True,"[{'timeframe': '4h', 'zone_kind': 'resistance', 'distance_to_entry_r': 0.254678600488204, 'distance_to_target_r': 1.745321399511796}]",4h favorable zone; 4h opposite zone before target; 1h favorable zone; 15m favorable zone,nested child aligned with parent,2,0,,,,,,,,,,,,,35,0.13157894736842105,1.547065131618875,0.2088529800647502,18.1781658698996,0.37188908787747704,449630554.63305664,1.547065131618875,-0.5470651316188752,True,1.0,symmetrical,0.9459459459459459,0.3736799851787827,4h_only,1.8625600500004704,-0.7312080012501974,0.029892388164205252,0.016589308932054125,0.047587265268021595,0.02797186886521663,0.05282737334119458,0.03428953305832949,1.8702882647869155,4,bullish,2,0,0,0,5.958678148065366,12.469109195402115,14.0,20.0,0.0,20.0,10.0,76.46910919540211,2,long,ETH,2,2,37,20.0,18900000,60.51000000000022,symmetrical,18900000,-8.179894179894199e-07,0,winner,True,0.254678600488204,1.745321399511796,['4h'],['resistance']
False,bullish,0.005831172536229128,False,bullish,0.057705247778005925,0,0,0,False,bullish,0.06270687870498505,1,{},{},{},{},{},[],0,0.4708520179372295,0.5846325167038019,0.4708520179372295,0.003990109835185976,2.1913218458172774,1.2416481069042393,9,True,True,ascending,0,0.014881618596642332,1.0697136245297543,0.3492985002418856,1.2210933720367534,21.249153362360826,1,1,1,0,0,0,0,1752399900000,bullish,4,1752409800000,8,bullish,2,1.0108187134502973e-06,0.0006655405405404729,True,"[{'timeframe': '1h', 'zone_kind': 'support', 'distance_to_entry_r': 1.2210933720367534, 'distance_to_target_r': 0.7789066279632466}, {'timeframe': '15m', 'zone_kind': 'support', 'distance_to_entry_r': 0.3492985002418856, 'distance_to_target_r': 1.6507014997581144}]",1h favorable zone; 1h opposite zone before target; 15m favorable zone; 15m opposite zone before target,nested child aligned with parent,4,1,47,1.0,0.49446041509654953,1.0,18.463123551129073,0.5261672095548302,73509533.63598633,0.49446041509654953,0.5055395849034504,True,1.0,symmetrical,,,,,,,,,,,,,0.94,0.33630112196887557,1h_only,-1.1977620149864487,0.20609289162645061,0.004846848193832853,-0.0010066885241523105,0.06967016262002401,0.0074827064372093854,0.14963447436849808,0.07233020136912782,-1.20048656505341,0,bullish,0,0,0,0,-12.132504056248917,10.575971927666984,8.0,20.0,0.0,0.0,10.0,48.575971927666984,1,short,ETH,2,2,50,18.667229729729762,34200000,46.460000000000036,ascending,34200000,0.0,1,loser,True,0.3492985002418856,0.7789066279632466,"['15m', '1h']",['support']
True,bullish,0.005941628916386836,True,bullish,0.056417800139515396,0,0,0,True,bullish,0.06403513591361933,1,{},{},{},{},{},[],0,0.708164915117243,1.4134731746672573,0.8520614389652431,0.00428040540540543,2.044372730939932,1.9959661153691077,8,True,True,ascending,0,0.010244678044242079,18.293459844120093,0.1799459824442926,1.2451046590141879,,3,3,3,0,0,0,0,1752410700000,bullish,3,1752442200000,9,bullish,3,6.429193899782183e-07,0.0006655405405404729,True,"[{'timeframe': '1h', 'zone_kind': 'resistance', 'distance_to_entry_r': 1.2451046590141879, 'distance_to_target_r': 0.7548953409858121}, {'timeframe': '15m', 'zone_kind': 'resistance', 'distance_to_entry_r': 0.1799459824442926, 'distance_to_target_r': 1.8200540175557074}]",4h favorable zone; 1h favorable zone; 1h opposite zone before target; 15m favorable zone; 15m opposite zone before target,nested child aligned with parent,3,3,50,0.9841269841269841,1.0268190109444681,0.9905990241241558,18.76974253941636,0.6065870430691274,83468019.09301758,1.0268190109444681,-0.026819010944468053,True,1.0,symmetrical,,,,,,,,,,,,,0.8064516129032258,0.33630112196887557,1h_only,-1.1384341604769241,-0.4049282110981691,0.012539244717834297,0.00648410303970115,0.07059982236931539,0.009617999841724956,0.14863812766782036,0.0699405759709999,-1.142395187507623,0,bullish,0,0,0,0,2.1969657676348704,13.365838504227769,14.0,20.0,15.0,0.0,10.0,72.36583850422777,3,long,ETH,2,2,62,18.667229729729762,45900000,46.460000000000036,ascending,45900000,0.0,1,loser,True,0.1799459824442926,0.7548953409858121,"['15m', '1h']",['resistance']
True,bullish,0.007367924016038708,True,bullish,0.0527218488173714,0,0,0,True,bullish,0.06798982323942736,1,{},{},{},{},{},[],0,0.49543568464727883,0.4430262327928326,0.8315352697095295,0.00807578881699039,1.7867611591406578,0.8942154279989769,2,True,True,symmetrical,0,0.02260800534804044,5.385695804842044,0.31760435571687895,0.09142468239564898,,1,1,1,0,0,0,0,1752462900000,bullish,1,1752545700000,3,bullish,3,1.455555555555558e-06,0.0015640439656110768,True,"[{'timeframe': '1h', 'zone_kind': 'resistance', 'distance_to_entry_r': 0.09142468239564898, 'distance_to_target_r': 1.908575317604351}, {'timeframe': '15m', 'zone_kind': 'resistance', 'distance_to_entry_r': 0.31760435571687895, 'distance_to_target_r': 1.6823956442831212}]",4h favorable zone; 1h favorable zone; 1h opposite zone before target; 15m favorable zone; 15m opposite zone before target,nested child aligned with parent,1,1,55,0.9354838709677419,0.949799804253045,0.990130900352867,17.132945278822678,0.2548009367681482,504833823.5292969,0.949799804253045,0.05020019574695504,True,1.0,ascending,,,,,,,,,,,,,1.8333333333333333,0.7473536299765827,1h_only,-1.09287958796949,-0.12564082340878913,0.01663417252882793,0.009075707755826112,0.07217062040951894,0.01480682060964189,0.14607836777491112,0.06322973579965319,-1.0979363913023266,0,bullish,0,0,0,0,2.9829112620959455,13.590871369294408,14.0,20.0,15.0,0.0,10.0,72.5908713692944,1,long,ETH,2,2,30,18.21797801719446,21600000,79.7800000000002,symmetrical,21600000,-1.0495370370370404e-06,1,loser,True,0.09142468239564898,1.6823956442831212,"['15m', '1h']",['resistance']
True,bullish,0.018692325220322985,True,bullish,0.08856670567687365,0,0,0,True,bullish,0.11277394739960081,1,{},{},{},{},{},[],0,0.7673242286292407,0.7356756625688067,0.7936267071320217,0.004486564889249472,0.7723999285794622,0.9587546373754269,1,True,True,symmetrical,0,0.013943932800323834,13.109885324430365,0.9650361129349949,1.7695338148391266,,2,2,2,0,0,0,0,1752893100000,bullish,4,1752982200000,12,bullish,3,7.297979797979821e-07,0.002888750668510995,True,"[{'timeframe': '1h', 'zone_kind': 'resistance', 'distance_to_entry_r': 1.7695338148391266, 'distance_to_target_r': 0.2304661851608733}, {'timeframe': '15m', 'zone_kind': 'resistance', 'distance_to_entry_r': 0.9650361129349949, 'distance_to_target_r': 1.034963887065005}]",4h favorable zone; 1h favorable zone; 1h opposite zone before target; 15m favorable zone; 15m opposite zone before target,nested child aligned with parent,4,2,36,1.0,0.461258321245359,1.0,16.475545297260442,0.3652018052043657,172384469.76342773,0.461258321245359,0.5387416787546411,True,1.0,ascending,,,,,,,,,,,,,0.72,0.6325256857536088,1h_only,1.8174820447924525,0.19979047535903083,0.02179375331903821,0.0026435609498041135,0.11645845014663947,0.015995728783162688,0.28076202199762923,0.11912012812214834,1.8278985328176294,0,bullish,0,0,0,0,1.3879797152158027,13.455947485619363,14.0,20.0,15.0,0.0,10.0,72.45594748561936,2,long,ETH,2,2,50,16.555624665744503,39600000,197.6199999999999,symmetrical,39600000,-2.7494949494949407e-06,2,winner,True,0.9650361129349949,0.2304661851608733,"['15m', '1h']",['resistance']
True,bearish,0.0029999534445201213,False,bullish,0.06074859868060338,0,0,0,False,bullish,0.1450449101640903,1,{},{},{},{},{},[],0,0.4863157894736887,0.5603395997574341,0.49578947368421433,0.0047916394222450795,0.7141595650740011,1.1522134627046698,1,True,True,symmetrical,0,0.026381486676016756,8.313131313131407,0.7677580962605046,0.7677580962605046,13.203077473608799,1,1,1,0,0,0,0,1753214400000,bearish,1,1753223400000,1,bullish,1,2.9263157894736823e-06,0.0011933227452438527,True,"[{'timeframe': '1h', 'zone_kind': 'support', 'distance_to_entry_r': 0.7677580962605046, 'distance_to_target_r': 1.2322419037394954}, {'timeframe': '15m', 'zone_kind': 'support', 'distance_to_entry_r': 0.7677580962605046, 'distance_to_target_r': 1.2322419037394954}]",1h favorable zone; 1h opposite zone before target; 15m favorable zone; 15m opposite zone before target,nested child aligned with parent,1,1,29,1.0,0.2838742311062121,1.0,20.0,0.24551369721082617,243915192.4375,0.2838742311062121,0.7161257688937879,True,1.0,descending,,,,,,,,,,,,,1.2608695652173914,0.5139044303535166,1h_only,-1.0920353917657821,0.1079323797139119,-0.011439031176834535,-0.008498598049128225,0.05198586206508349,-0.011204746861231851,0.2396243387710535,0.05070611716064488,-1.096290238756929,0,bullish,0,0,0,0,-0.5365958943531401,11.964564396525475,8.0,20.0,0.0,0.0,10.0,49.964564396525475,1,short,ETH,2,2,23,18.403338627378073,17100000,124.0,symmetrical,17100000,-1.473684210526305e-06,1,loser,True,0.7677580962605046,1.2322419037394954,"['15m', '1h']",['support']
False,bearish,0.00221246945661987,True,bullish,0.05889606310557753,0,0,0,True,bullish,0.1450449101640903,1,{},{},{},{},{},[],0,0.4582409460458039,0.305275856126435,0.4767184035476513,0.005942106858863352,1.0829633641618244,0.6661906989340076,7,False,True,symmetrical,0,0.015913187855787513,15.903115218363268,0.38528515454941575,,,1,1,1,0,0,0,0,1753224300000,neutral,1,1753263000000,2,bullish,2,1.1744855967078174e-06,0.0014384490855331071,True,"[{'timeframe': '15m', 'zone_kind': 'resistance', 'distance_to_entry_r': 0.38528515454941575, 'distance_to_target_r': 1.6147148454505842}]",4h favorable zone; 1h favorable zone; 15m favorable zone; 15m opposite zone before target,nested child acceptable with parent,1,1,20,1.0,0.7840913257635941,1.0,20.0,0.26684976654765175,126761053.93164062,0.7840913257635941,0.2159086742364059,True,1.0,descending,,,,,,,,,,,,,0.5882352941176471,0.6811315572644888,1h_only,-1.0725839197366152,0.3137246761873176,0.003422412719626955,0.0056550085131008565,0.06105060851716804,-0.0013563353722115812,0.2396243387710535,0.05070611716064488,-1.0779447191304126,0,bullish,0,0,0,0,1.5565917483644895,12.037139689578515,18.0,14.0,15.0,0.0,10.0,69.03713968957851,1,long,ETH,2,2,34,18.280775457233446,24300000,124.0,symmetrical,24300000,-1.5864197530864272e-06,1,loser,True,0.38528515454941575,1.6147148454505842,['15m'],['resistance']
False,bearish,0.0007689827402415813,True,bullish,0.023765203871011036,0,0,0,True,bullish,0.13833408400788752,1,{},{},{},{},{},[],0,0.9291170180262707,1.8185623729218878,0.9291170180262707,0.020154361644478355,4.387889350214392,1.9573017581628973,3,True,True,symmetrical,1,0.02318542230269845,-0.29309676919501726,0.2745200470158093,0.4235340211571165,0.654172652474864,1,1,1,0,0,0,0,1753478100000,neutral,1,1753640100000,2,bullish,2,1.1879365079365102e-06,0.0030233685265517534,True,"[{'timeframe': '4h', 'zone_kind': 'resistance', 'distance_to_entry_r': 0.654172652474864, 'distance_to_target_r': 1.345827347525136}, {'timeframe': '1h', 'zone_kind': 'resistance', 'distance_to_entry_r': 0.4235340211571165, 'distance_to_target_r': 1.5764659788428834}, {'timeframe': '15m', 'zone_kind': 'resistance', 'distance_to_entry_r': 0.2745200470158093, 'distance_to_target_r': 1.7254799529841907}]",4h favorable zone; 4h opposite zone before target; 1h favorable zone; 1h opposite zone before target; 15m favorable zone; 15m opposite zone before target,nested child aligned with parent,1,1,29,1.0,0.7754142801909776,1.0,16.917053107823712,0.2769382716049379,203982881.59765625,0.7754142801909776,0.2245857198090224,True,1.0,symmetrical,,,,,,,,,,,,,0.7435897435897436,0.7048888888888878,1h_only,1.844396850942665,0.0832187070151279,0.013353653635810092,0.014143926780944005,0.029660374724922223,0.005066312876104817,0.18336978680007743,0.016902470528150415,1.8556154401940361,0,bullish,0,0,0,0,72293428571428.2,14.734188817598517,8.0,20.0,15.0,0.0,10.0,67.73418881759852,1,long,ETH,2,2,39,12.946861140903366,31500000,142.73999999999978,symmetrical,31500000,-2.909523809523798e-06,2,winner,True,0.2745200470158093,1.345827347525136,"['15m', '1h', '4h']",['resistance']
True,bearish,0.002026712226210825,False,bullish,0.017400695645737204,0,0,0,False,bullish,0.12473206481155863,1,{},{},{},{},{},[],0,0.908036454018217,2.4523953368687046,0.9676884838442376,0.004606134230583763,0.7737575798259129,2.7007674923362766,0,True,True,descending,0,0.0015508636027270187,483.24619289339466,0.030007501875469998,0.10052513128282023,10.07014253563391,2,2,2,0,0,0,0,1753902000000,bearish,3,1753920900000,12,bullish,4,0.0,0.0016145936556832597,True,"[{'timeframe': '1h', 'zone_kind': 'support', 'distance_to_entry_r': 0.10052513128282023, 'distance_to_target_r': 1.8994748687171799}, {'timeframe': '15m', 'zone_kind': 'support', 'distance_to_entry_r': 0.030007501875469998, 'distance_to_target_r': 1.96999249812453}]",4h favorable zone; 1h favorable zone; 1h opposite zone before target; 15m favorable zone; 15m opposite zone before target,nested child aligned with parent,3,2,40,0.9863013698630136,-0.049237567304134706,0.9983067228670266,16.22450047482402,0.43787131841739246,148377367.2055664,-0.049237567304134706,1.0492375673041348,True,1.0,symmetrical,,,,,,,,,,,,,0.5555555555555556,0.4460245228163333,1h_only,-1.0649513065502645,0.01857681223675267,-0.01588833113130861,-0.013921586740051839,0.001548911111940443,-0.015606747761709117,0.16535614759675,0.01746081283197598,-1.0694444215084344,0,bullish,0,0,0,0,-0.28150883145394684,14.28803316029153,14.0,20.0,0.0,0.0,10.0,58.28803316029153,2,short,ETH,2,2,72,15.192703172158371,55800000,70.57000000000016,descending,55800000,-1.412186379928335e-07,4,loser,True,0.030007501875469998,1.8994748687171799,"['15m', '1h']",['support']
True,bearish,0.026468597097892642,True,bearish,0.027789590463493136,0,0,0,False,bullish,0.10417596848305498,1,{},{},{},{},{},[],0,0.44990272373540974,0.5630973397455424,0.6070038910505862,0.005230392621106461,1.1066638258152335,1.2515979789371159,5,True,True,symmetrical,0,0.01084657413453443,34.18651916645172,,8.85808748728382,8.926924381146152,5,5,5,0,0,0,0,1754150400000,bearish,5,1754262900000,5,bearish,1,5.824074074074181e-07,0.0,False,[],4h favorable zone; 1h favorable zone; 15m favorable zone,nested child aligned with parent,5,5,26,0.9772727272727273,0.0645632236571337,0.9961363800128392,18.132599453692237,0.6611919668265707,-4639891.785644531,0.0645632236571337,0.9354367763428663,True,1.0,symmetrical,,,,,,,,,,,,,0.6046511627906976,0.3388080331734293,1h_only,-1.0806788288389866,-0.12812540484518586,-0.03722333533390254,-0.01204698521372527,-0.06206925829801235,-0.03696811021928503,0.040411076717246086,-0.06132770095588347,-1.0864001440484228,0,bullish,0,0,0,0,-0.49250092186359623,12.475680933852157,20.0,20.0,15.0,0.0,10.0,77.47568093385216,5,short,ETH,2,2,43,20.0,32400000,83.34000000000015,symmetrical,32400000,-6.17283950617284e-07,0,loser,False,,,[],[]
True,bullish,0.009200157199075272,True,bullish,0.0007737038353198652,0,0,0,True,bullish,0.06617816939130797,1,{},{},{},{},{},[],0,0.6717026378896855,2.7167798254122064,0.7916067146282951,0.005850001085846995,2.090203685741978,4.044616876818617,7,True,True,symmetrical,0,0.017472271715297086,5.362602409638612,0.2703583061889224,0.9564913913448141,1.36738017682643,6,6,6,0,0,0,0,1754530200000,bullish,6,1754532000000,18,bullish,3,2.3586563307493473e-06,0.0,True,"[{'timeframe': '4h', 'zone_kind': 'resistance', 'distance_to_entry_r': 1.36738017682643, 'distance_to_target_r': 0.6326198231735701}, {'timeframe': '1h', 'zone_kind': 'resistance', 'distance_to_entry_r': 0.9564913913448141, 'distance_to_target_r': 1.043508608655186}, {'timeframe': '15m', 'zone_kind': 'resistance', 'distance_to_entry_r': 0.2703583061889224, 'distance_to_target_r': 1.7296416938110775}]",4h favorable zone; 4h opposite zone before target; 1h favorable zone; 1h opposite zone before target; 15m favorable zone; 15m opposite zone before target,nested child aligned with parent,6,6,66,0.9791666666666666,1.0588845245329475,0.9916315268680577,16.465357029621604,0.4168205317577559,277008637.8737793,1.0588845245329475,-0.0588845245329474,True,1.0,symmetrical,,,,,,,,,,,,,1.4042553191489362,0.5831794682422441,1h_only,-1.1159123460648814,0.21239705244907214,0.02148607834809435,0.011975700225862251,0.013185254012705538,0.012391634827359832,0.08871277269661504,0.01554383626338085,-1.123040265189577,0,bullish,0,0,0,0,2.6655283354601567,14.218525179856107,8.0,20.0,15.0,0.0,10.0,67.2185251798561,6,long,ETH,2,2,47,20.0,38700000,126.33999999999969,symmetrical,38700000,-3.222222222222171e-07,0,loser,True,0.2703583061889224,0.6326198231735701,"['15m', '1h', '4h']",['resistance']
True,bullish,0.013796709323947852,True,bullish,0.06133699022312764,0,0,0,True,bullish,0.09093416979664606,1,{},{},{},{},{},[],0,0.8705225106802603,1.4851152099568312,0.9191587249424881,0.006573556972396729,1.5652856422044235,1.7060043729326473,6,False,True,ascending,0,0.0067176519222820075,60.66153846153736,0.5483057352779934,,,3,3,3,0,0,0,0,1754872200000,bullish,3,1754912700000,6,bullish,2,9.543650793650866e-07,0.0005051091040939787,True,"[{'timeframe': '15m', 'zone_kind': 'resistance', 'distance_to_entry_r': 0.5483057352779934, 'distance_to_target_r': 1.4516942647220066}]",4h favorable zone; 1h favorable zone; 15m favorable zone; 15m opposite zone before target,nested child acceptable with parent,3,3,33,0.9761904761904762,1.0960305885135413,0.9841288059752326,15.036130383358937,0.4126072901571715,130625097.93334961,1.0960305885135413,-0.09603058851354122,True,1.0,descending,,,,,,,,,,,,,0.8048780487804879,0.48667929996655707,1h_only,-1.059768161430579,0.18360488798370145,0.025583042105082665,0.011273849719803053,0.08718771598550501,0.01922113566317707,0.20536099970633104,0.08629394758266717,-1.0677365692760619,0,bullish,0,0,0,0,1.5358521087661432,14.696845218534332,18.0,14.0,15.0,0.0,10.0,71.69684521853434,3,long,ETH,2,2,41,18.747445447953012,25200000,87.31999999999971,ascending,25200000,0.0,1,loser,True,0.5483057352779934,1.4516942647220066,['15m'],['resistance']
True,bearish,0.0034753738101577186,False,bullish,0.07056695858422296,0,0,0,False,bullish,0.12453294815446629,1,{},{},{},{},{},[],0,0.4434551998484537,0.682377975019306,0.6495548399318051,0.0037194637331148936,0.4863861628715249,1.5387754507163334,1,False,True,symmetrical,0,0.017575277958718213,5.422237561726774,1.7553418803418754,2.7573815073815027,2.964937839937843,1,1,1,0,0,0,0,1755207900000,bearish,1,1755218700000,3,bullish,3,9.118773946360223e-07,0.0029173560447371427,True,"[{'timeframe': '15m', 'zone_kind': 'support', 'distance_to_entry_r': 1.7553418803418754, 'distance_to_target_r': 0.2446581196581245}]",1h favorable zone; 15m favorable zone; 15m opposite zone before target,nested child acceptable with parent,1,1,80,0.9743589743589743,0.06205416416647379,0.9971853271825909,16.089763098952478,0.46944574500718494,268209099.97583008,0.06205416416647379,0.9379458358335262,True,1.0,ascending,,,,,,,,,,,,,2.1052631578947367,0.45527050808053027,1h_only,-1.0556304774993217,0.1943947368421025,-0.029766697077916127,-0.026484075942880936,0.056404586364904974,-0.016884015274802988,0.21679093132325478,0.05667272021558167,-1.0647045980910814,0,bullish,0,0,0,0,-0.4738682099944241,10.675757448507373,12.0,14.0,0.0,0.0,10.0,46.67575744850737,1,short,ETH,2,2,38,15.541321977631428,26100000,281.9899999999998,symmetrical,26100000,-6.303831417624511e-06,3,loser,True,1.7553418803418754,0.2446581196581245,['15m'],['support']
False,bearish,0.005773773552977471,True,bullish,0.0654670470579781,0,0,0,True,bullish,0.12467046288007538,1,{},{},{},{},{},[],0,0.6713846153846345,0.7491331067394703,0.9603076923076934,0.009340222308332065,1.4575695962382038,1.1158032066467505,6,True,True,descending,0,0.01030947877259353,24.867183120126356,0.3668591477231157,1.431255025217447,,3,3,3,0,0,0,0,1755221400000,bearish,3,1755270900000,9,bullish,3,0.0,0.0,True,"[{'timeframe': '1h', 'zone_kind': 'resistance', 'distance_to_entry_r': 1.431255025217447, 'distance_to_target_r': 0.568744974782553}, {'timeframe': '15m', 'zone_kind': 'resistance', 'distance_to_entry_r': 0.3668591477231157, 'distance_to_target_r': 1.6331408522768844}]",4h favorable zone; 1h favorable zone; 1h opposite zone before target; 15m favorable zone; 15m opposite zone before target,nested child aligned with parent,3,3,84,1.0,0.41330554229277283,1.0,16.089763098952478,0.46944574500718494,253809099.97583008,0.41330554229277283,0.5866944577072272,True,1.0,ascending,,,,,,,,,,,,,1.3770491803278688,0.5037214033161657,1h_only,-1.0384457638385707,0.3349339735894378,-0.002196786289001662,0.0035849567753336586,0.060811357924275056,-0.008075967839172526,0.21660538718559863,0.05637931199020674,-1.0484884964408405,0,bullish,0,0,0,0,1.4698628255919615,14.85115384615385,14.0,20.0,15.0,0.0,10.0,73.85115384615385,3,long,ETH,2,2,61,20.0,48600000,312.0,descending,48600000,-4.03724279835391e-06,0,loser,True,0.3668591477231157,0.568744974782553,"['15m', '1h']",['resistance']
True,bearish,0.002488922759775409,False,bullish,0.0583925427157284,0,0,0,False,bullish,0.12470167084695308,1,{},{},{},{},{},[],0,0.7755400357316912,1.5589800515851016,0.9075848627578427,0.04444671539716126,6.733134175672314,2.010186424630246,3,False,True,ascending,0,0.010675552149721162,8.159411212026498,0.6126659338801014,1.0488289507060087,1.139173078549083,3,3,3,0,0,0,0,1755271800000,bearish,3,1755878400000,6,bullish,2,2.9564814814814747e-06,0.003996985240692631,True,"[{'timeframe': '4h', 'zone_kind': 'support', 'distance_to_entry_r': 1.139173078549083, 'distance_to_target_r': 0.8608269214509171}, {'timeframe': '1h', 'zone_kind': 'support', 'distance_to_entry_r': 1.0488289507060087, 'distance_to_target_r': 0.9511710492939914}, {'timeframe': '15m', 'zone_kind': 'support', 'distance_to_entry_r': 0.6126659338801014, 'distance_to_target_r': 1.3873340661198985}]",4h opposite zone before target; 1h favorable zone; 1h opposite zone before target; 15m favorable zone; 15m opposite zone before target,nested child acceptable with parent,3,3,75,0.9861111111111112,-0.03209286657880561,0.9946666633423469,18.9150475999348,0.37010945725864447,290557429.3901367,-0.03209286657880561,1.0320928665788056,True,1.0,ascending,,,,,,,,,,,,,1.056338028169014,0.39887512782638396,1h_only,-1.017921603005146,-0.5371935056328696,-0.03674020258127675,-0.03442525718711431,0.03494175041072278,-0.024038419055388394,0.2311785119940475,0.06731380480414728,-1.0288445796639931,0,bullish,0,0,0,0,-9.498906076075615,14.653443235341909,2.0,14.0,0.0,0.0,10.0,40.65344323534191,3,short,ETH,2,2,71,17.001507379653685,54000000,210.6300000000001,ascending,54000000,0.0,1,loser,True,0.6126659338801014,0.8608269214509171,"['15m', '1h', '4h']",['support']
True,bullish,0.02571828111710128,True,bullish,0.039792442459585624,0,0,0,True,bullish,0.08599568990740662,1,{},{},{},{},{},[],0,0.7595987547561134,2.191507409809814,0.8149429263230581,0.005153251952180368,2.4459857292549714,2.8850855745721278,10,True,True,ascending,0,0.009689196841124736,15.836881355932519,1.4681421864520616,0.06460988151129791,,4,4,4,0,0,0,0,1755990000000,bullish,5,1756031400000,5,bullish,1,1.0782163742690058e-06,0.0006870077498516302,True,"[{'timeframe': '1h', 'zone_kind': 'resistance', 'distance_to_entry_r': 0.06460988151129791, 'distance_to_target_r': 1.9353901184887021}, {'timeframe': '15m', 'zone_kind': 'resistance', 'distance_to_entry_r': 1.4681421864520616, 'distance_to_target_r': 0.5318578135479385}]",4h favorable zone; 1h favorable zone; 1h opposite zone before target; 15m favorable zone; 15m opposite zone before target,nested child aligned with parent,5,4,25,0.975609756097561,1.0546578370284017,0.9921459822744787,20.0,0.6461722065063638,6682864.765136719,1.0546578370284017,-0.05465783702840164,True,1.0,symmetrical,,,,,,,,,,,,,0.30864197530864196,0.4153553748231981,1h_only,-1.1378750894717835,-0.055487179487168525,0.03471562229251002,0.007894435375671804,0.0790376857518682,0.03461390464095415,0.18554836158310017,0.07586202354750626,-1.1512697245361643,0,bullish,0,0,0,0,2.5948697312430604,14.306035973711468,14.0,20.0,15.0,0.0,10.0,73.30603597371146,4,long,ETH,2,2,81,18.656496125074185,68400000,93.97000000000025,ascending,68400000,0.0,1,loser,True,0.06460988151129791,0.5318578135479385,"['15m', '1h']",['resistance']
False,bullish,0.018575952640511064,False,bullish,0.04417122629161948,0,0,0,False,bullish,0.089631838043496,1,{},{},{},{},{},[],0,0.458356315499192,0.5592193808883162,0.8234969663541203,0.0038890056758461213,1.2449528936742904,1.220053835800812,7,True,True,descending,0,0.01263132026786265,28.5136186770427,0.8981148061851219,6.005083668714251,12.164160135564499,4,4,4,0,0,0,0,1756033200000,bullish,7,1756044900000,14,bullish,2,0.0,0.0008631490435147713,True,"[{'timeframe': '15m', 'zone_kind': 'support', 'distance_to_entry_r': 0.8981148061851219, 'distance_to_target_r': 1.1018851938148781}]",1h favorable zone; 15m favorable zone; 15m opposite zone before target,nested child aligned with parent,7,4,37,0.9047619047619048,-0.14238726869316365,0.9477931948372811,16.31852973854883,0.7152581329561521,14194438.264648438,-0.14238726869316365,1.1423872686931638,True,1.0,symmetrical,,,,,,,,,,,,,0.9024390243902439,0.26321605374823304,1h_only,-1.1297268720041458,0.17791674330204776,0.01267382408219242,-0.006024232776277838,0.060226078542852335,0.012795366480602866,0.17916217722315464,0.0664487084783012,-1.1443430368279721,0,bullish,0,0,0,0,-0.7573689956331998,11.671760030592248,12.0,20.0,0.0,0.0,10.0,53.671760030592246,4,short,ETH,2,2,41,18.568425478242613,32400000,59.55000000000018,descending,32400000,-9.518518518518564e-07,1,loser,True,0.8981148061851219,1.1018851938148781,['15m'],['support']
False,bullish,0.0019611445755990374,False,bullish,0.007462002813488025,0,0,0,False,bullish,0.08217725523441854,1,{},{},{},{},{},[],0,0.7024539877300522,1.562828788352684,0.9284253578732058,0.005936681222707336,1.546336053686664,2.224813034947518,7,True,True,descending,0,0.01520331325301178,30.25111441307672,0.7727877578176999,1.4605788423153785,6.463406520292773,7,7,7,0,0,0,0,1756391400000,neutral,7,1756410300000,14,bullish,2,0.0,0.0,True,"[{'timeframe': '1h', 'zone_kind': 'support', 'distance_to_entry_r': 1.4605788423153785, 'distance_to_target_r': 0.5394211576846214}, {'timeframe': '15m', 'zone_kind': 'support', 'distance_to_entry_r': 0.7727877578176999, 'distance_to_target_r': 1.2272122421823}]",4h favorable zone; 1h favorable zone; 1h opposite zone before target; 15m favorable zone; 15m opposite zone before target,nested child aligned with parent,7,7,60,1.0,0.5265410798274532,1.0,11.047578673058105,0.5230638297872343,158938887.0810547,0.5265410798274532,0.47345892017254676,True,1.0,symmetrical,,,,,,,,,,,,,2.4,0.1506950354609926,1h_only,1.7586812508541179,-0.43403931339978374,-0.003704122197757953,-0.005646968953055387,0.007969467134836039,0.0004446517002971717,0.10510004510716042,0.013096600779063605,1.7834756008960921,0,bullish,0,0,0,0,-0.9348690996610566,14.73159509202452,14.0,20.0,0.0,0.0,10.0,58.73159509202452,7,short,ETH,2,2,25,20.0,18900000,53.11999999999989,descending,18900000,-1.0682539682539471e-06,0,winner,True,0.7727877578176999,0.5394211576846214,"['15m', '1h']",['support']
True,bearish,0.008199927700549213,True,bearish,0.017061230954232457,0,0,0,False,bullish,0.06772082449985942,1,{},{},{},{},{},[],0,0.4819759679573074,0.5663189269746836,0.6114819759679654,0.004373943007945128,1.5102313431593595,1.1749941171856253,6,True,True,ascending,0,0.020724246359969847,-0.19155603199453708,0.27744425385936256,0.5450257289880015,9.368782161235128,1,1,1,0,0,0,0,1756556100000,bearish,2,1756558800000,6,bearish,3,4.083164983164967e-06,0.000996869078400143,True,"[{'timeframe': '1h', 'zone_kind': 'support', 'distance_to_entry_r': 0.5450257289880015, 'distance_to_target_r': 1.4549742710119986}, {'timeframe': '15m', 'zone_kind': 'support', 'distance_to_entry_r': 0.27744425385936256, 'distance_to_target_r': 1.7225557461406373}]",4h favorable zone; 1h favorable zone; 1h opposite zone before target; 15m favorable zone; 15m opposite zone before target,nested child aligned with parent,2,1,23,0.975609756097561,0.7729402381986809,0.9951982029325999,17.907203778354713,0.21771294607970829,227775161.52197266,0.7729402381986809,0.22705976180131915,True,1.0,descending,,,,,,,,,,,,,0.575,0.7621255535295656,1h_only,1.4683944469278056,0.05759122419439788,-0.006390967550159998,0.001770983808487614,-0.020849557039625766,-0.004214449733284775,0.04935420988536632,-0.020268574042072274,1.4864452186095303,0,bullish,0,0,0,0,-19253939393938.707,11.745827729541272,14.0,20.0,15.0,0.0,10.0,70.74582772954128,1,short,ETH,2,2,40,18.501565460799927,29700000,146.28999999999996,ascending,29700000,0.0,1,winner,True,0.27744425385936256,1.4549742710119986,"['15m', '1h']",['support']
True,bearish,0.008381543033717164,True,bearish,0.017271870486509765,0,0,0,False,bullish,0.06772082449985942,1,{},{},{},{},{},[],0,0.7857624831309183,1.7287707838479809,0.7860998650472244,0.01681661646537076,5.513163103721254,2.200118764845566,6,True,True,ascending,0,0.018840223963608953,-4.191556031994537,0.17394720301698177,1.227215587680721,2.7994971715902324,2,2,2,0,0,0,0,1756559700000,bearish,2,1756600200000,6,bearish,3,4.083164983164967e-06,0.000996869078400143,True,"[{'timeframe': '1h', 'zone_kind': 'support', 'distance_to_entry_r': 1.227215587680721, 'distance_to_target_r': 0.7727844123192791}, {'timeframe': '15m', 'zone_kind': 'support', 'distance_to_entry_r': 0.17394720301698177, 'distance_to_target_r': 1.8260527969830183}]",4h favorable zone; 1h favorable zone; 1h opposite zone before target; 15m favorable zone; 15m opposite zone before target,nested child aligned with parent,2,2,24,0.9777777777777777,0.5046624738541559,0.995625029338591,17.907203778354713,0.21771294607970829,224175161.52197266,0.5046624738541559,0.4953375261458442,True,1.0,descending,,,,,,,,,,,,,0.5454545454545454,0.7621255535295656,1h_only,-1.0881989860373038,-0.19110352118403706,-0.015074493919538856,-0.006876061638513509,-0.02600340206636209,-0.009337745465594294,0.04935420988536632,-0.020268574042072274,-1.0999410648902532,0,bullish,0,0,0,0,-74273333333332.62,14.19787449392709,14.0,20.0,15.0,0.0,10.0,73.19787449392709,2,short,ETH,2,2,44,18.501565460799927,29700000,146.28999999999996,ascending,29700000,0.0,1,loser,True,0.17394720301698177,0.7727844123192791,"['15m', '1h']",['support']
False,bullish,0.006121710302866246,True,bearish,0.007650074733664456,0,0,0,False,bullish,0.05960375960278288,1,{},{},{},{},{},[],0,0.4882650713299952,0.7767772164873447,0.48872526461114146,0.003572392086331009,1.163335529687416,1.5908924518632173,6,False,True,descending,0,0.010775609756097633,38.22136713444945,0.6643835616438204,0.0004566210045554105,6.115981735159794,2,2,2,0,0,0,0,1756682100000,neutral,4,1756713600000,8,bearish,2,0.0,0.0,True,"[{'timeframe': '1h', 'zone_kind': 'support', 'distance_to_entry_r': 0.0004566210045554105, 'distance_to_target_r': 1.9995433789954447}, {'timeframe': '15m', 'zone_kind': 'support', 'distance_to_entry_r': 0.6643835616438204, 'distance_to_target_r': 1.3356164383561795}]",4h favorable zone; 1h favorable zone; 1h opposite zone before target; 15m favorable zone; 15m opposite zone before target,nested child acceptable with parent,4,2,26,0.9047619047619048,0.101664736287089,0.9733308786867048,20.0,0.627684510611338,28978037.94921875,0.101664736287089,0.898335263712911,True,1.0,ascending,,,,,,,,,,,,,0.6341463414634146,0.3167564143173892,1h_only,-1.1319528787797222,-0.06532093445225251,-0.00031843426072275527,-0.006399034639052892,-0.0056525779228217,0.0019692337981438435,0.059664836137960364,-0.0032875314984825987,-1.1454269808656914,0,bullish,0,0,0,0,-0.6587035567504994,10.120898299768356,14.0,14.0,15.0,0.0,10.0,63.120898299768356,2,short,ETH,2,2,41,20.0,31500000,50.0,descending,31500000,-7.012698412698459e-07,0,loser,True,0.0004566210045554105,1.3356164383561795,"['15m', '1h']",['support']
False,bearish,0.0016887741733352974,False,bearish,0.008443713716453574,0,0,0,True,bullish,0.056814485941571964,1,{},{},{},{},{},[],0,0.38886992147488675,0.4928495705415045,0.4021850460908078,0.019655892807540442,3.730604228911429,1.2673892819281287,5,True,True,descending,0,0.013204007504091278,13.899334945586702,0.14212978943735105,0.1424749741111512,1.6397134967207458,4,4,4,0,0,0,0,1756714500000,neutral,4,1756741500000,12,bearish,3,0.0,0.0,True,"[{'timeframe': '4h', 'zone_kind': 'resistance', 'distance_to_entry_r': 1.6397134967207458, 'distance_to_target_r': 0.36028650327925404}, {'timeframe': '1h', 'zone_kind': 'resistance', 'distance_to_entry_r': 0.1424749741111512, 'distance_to_target_r': 1.8575250258888487}, {'timeframe': '15m', 'zone_kind': 'resistance', 'distance_to_entry_r': 0.14212978943735105, 'distance_to_target_r': 1.857870210562649}]",4h favorable zone; 4h opposite zone before target; 1h favorable zone; 1h opposite zone before target; 15m favorable zone; 15m opposite zone before target,nested child aligned with parent,4,4,35,0.9767441860465116,0.8715215443893174,0.9998809022842945,20.0,0.1559075071270169,516937180.00805664,0.8715215443893174,0.1284784556106826,True,1.0,ascending,,,,,,,,,,,,,0.8333333333333334,0.7557808045612918,1h_only,-1.042201792243302,-0.10315329662829376,0.011220180435460803,0.012950017997159335,-0.00026438462623490366,0.008246711160404763,0.0599307891442904,-0.00027223965940226247,-1.0558169112978444,0,bullish,0,0,0,0,3.9064355466625105,11.34141345168985,8.0,20.0,0.0,0.0,10.0,49.341413451689846,4,long,ETH,2,2,42,20.0,27900000,119.30000000000018,descending,27900000,-2.371326164874547e-06,0,loser,True,0.14212978943735105,0.36028650327925404,"['15m', '1h', '4h']",['resistance']
True,bearish,0.007937110309662973,True,bearish,0.015853076859354064,0,0,0,False,bullish,0.04622082907899192,1,{},{},{},{},{},[],0,0.4968233799238073,0.41688879411454727,0.6168996188056017,0.004658756053910862,1.0749546860006836,0.8391086469772845,6,True,True,ascending,0,0.03168197922296288,1.5454890068233453,1.3960784313725347,1.3960784313725347,3.655614973262007,1,1,1,0,0,0,0,1756861200000,bearish,2,1756865700000,2,bearish,1,3.908148148148164e-06,0.0,True,"[{'timeframe': '1h', 'zone_kind': 'support', 'distance_to_entry_r': 1.3960784313725347, 'distance_to_target_r': 0.6039215686274653}, {'timeframe': '15m', 'zone_kind': 'support', 'distance_to_entry_r': 1.3960784313725347, 'distance_to_target_r': 0.6039215686274653}]",4h favorable zone; 1h favorable zone; 1h opposite zone before target; 15m favorable zone; 15m opposite zone before target,nested child aligned with parent,2,1,40,1.0,0.3366657626285343,1.0,17.852490751524797,0.4362236828231011,141242639.59399414,0.3366657626285343,0.6633342373714657,True,1.0,symmetrical,,,,,,,,,,,,,1.9047619047619047,0.27872482513795693,1h_only,-1.197872839605616,0.2805023375194876,-0.010512922837418781,-0.0026803049816764846,-0.025930908444081524,-0.010653426396371457,0.024454112734185962,-0.021861823897022403,-1.2148042254238887,0,bullish,0,0,0,0,-3.7093451066964316,12.282447930930026,14.0,20.0,15.0,0.0,10.0,71.28244793093003,1,short,ETH,2,2,21,20.0,13500000,79.30000000000018,ascending,13500000,0.0,0,loser,True,1.3960784313725347,0.6039215686274653,"['15m', '1h']",['support']
False,bearish,0.007696028124233315,False,bearish,0.015847964783429522,0,0,0,True,bullish,0.04622082907899192,1,{},{},{},{},{},[],0,0.914926527455525,1.9378617451130273,0.9355503995875225,0.004974641798076648,1.176149393906306,2.1180517636780705,4,True,True,ascending,0,0.020517846170598403,-2.4636087945414147,0.036027921639278745,0.41657284395406574,0.41657284395406574,2,2,2,0,0,0,0,1756866600000,neutral,2,1756879200000,2,bearish,1,2.6646464646464757e-06,0.0019304171848583413,True,"[{'timeframe': '4h', 'zone_kind': 'resistance', 'distance_to_entry_r': 0.41657284395406574, 'distance_to_target_r': 1.5834271560459343}, {'timeframe': '1h', 'zone_kind': 'resistance', 'distance_to_entry_r': 0.41657284395406574, 'distance_to_target_r': 1.5834271560459343}, {'timeframe': '15m', 'zone_kind': 'resistance', 'distance_to_entry_r': 0.036027921639278745, 'distance_to_target_r': 1.9639720783607213}]",4h favorable zone; 4h opposite zone before target; 1h favorable zone; 1h opposite zone before target; 15m favorable zone; 15m opposite zone before target,nested child aligned with parent,2,2,41,1.0,0.5955621580783843,1.0,17.852490751524797,0.4362236828231011,137642639.59399414,0.5955621580783843,0.4044378419216157,True,1.0,symmetrical,,,,,,,,,,,,,1.2058823529411764,0.26582545428983184,1h_only,-1.121947212511247,-0.1550953165450797,6.209718195160363e-05,0.007818780499069922,-0.022233579582614738,-0.006844024098606627,0.024454112734185962,-0.021861823897022403,-1.1391893162417528,0,bullish,0,0,0,0,15631818181817.834,14.720276695568163,8.0,20.0,0.0,0.0,10.0,52.72027669556816,2,long,ETH,2,2,34,16.03479140757083,19800000,75.63000000000011,ascending,19800000,0.0,3,loser,True,0.036027921639278745,1.5834271560459343,"['15m', '1h', '4h']",['resistance']
True,bearish,0.00616427608708032,True,bearish,0.015853308583928194,0,0,0,False,bullish,0.04507743151929141,1,{},{},{},{},{},[],0,0.3585476550680676,0.5248733493895621,0.43419062027230476,0.0046049480398949565,1.1022986278363578,1.4638872740359123,3,True,True,symmetrical,0,0.03468976631748605,3.348432055749072,0.3852327447833294,0.6024612092028068,2.62252541466032,1,1,1,0,0,0,0,1756880100000,bearish,3,1756892700000,3,bearish,1,2.773148148148131e-06,0.0,True,"[{'timeframe': '1h', 'zone_kind': 'support', 'distance_to_entry_r': 0.6024612092028068, 'distance_to_target_r': 1.3975387907971932}, {'timeframe': '15m', 'zone_kind': 'support', 'distance_to_entry_r': 0.3852327447833294, 'distance_to_target_r': 1.6147672552166705}]",4h favorable zone; 1h favorable zone; 1h opposite zone before target; 15m favorable zone; 15m opposite zone before target,nested child aligned with parent,3,1,45,1.0,0.1782803934666206,1.0,16.169573359094805,0.5299637974060685,112909590.13134766,0.1782803934666206,0.8217196065333794,True,1.0,symmetrical,,,,,,,,,,,,,2.6470588235294117,0.25658149098449945,1h_only,-1.145311858101492,0.35737347096539585,-0.010179419604652629,-0.004102926387927863,-0.02378957244915092,-0.008444089420762801,0.0260705369663905,-0.01928987983178687,-1.1642393190943128,0,bullish,0,0,0,0,-1.6573707943116054,10.686922816271922,14.0,20.0,15.0,0.0,10.0,69.68692281627193,1,short,ETH,2,2,17,20.0,10800000,73.0,symmetrical,10800000,-1.2129629629629966e-06,0,loser,True,0.3852327447833294,1.3975387907971932,"['15m', '1h']",['support']
False,bearish,0.005475616724750758,False,bearish,0.01581865156122278,0,0,0,True,bullish,0.04413803764985715,1,{},{},{},{},{},[],0,0.6848381601363217,0.7460793714621858,0.9080068143100556,0.005320563601428711,1.4242035609848507,1.0894243558414936,5,True,True,descending,0,0.009426369863013885,54.19436875567499,0.04614045269878537,0.2913522925130573,0.2913522925130573,4,4,4,0,0,0,0,1756893600000,neutral,6,1756920600000,18,bearish,3,0.0,0.0,True,"[{'timeframe': '4h', 'zone_kind': 'resistance', 'distance_to_entry_r': 0.2913522925130573, 'distance_to_target_r': 1.7086477074869428}, {'timeframe': '1h', 'zone_kind': 'resistance', 'distance_to_entry_r': 0.2913522925130573, 'distance_to_target_r': 1.7086477074869428}, {'timeframe': '15m', 'zone_kind': 'resistance', 'distance_to_entry_r': 0.04614045269878537, 'distance_to_target_r': 1.9538595473012146}]",4h favorable zone; 4h opposite zone before target; 1h favorable zone; 1h opposite zone before target; 15m favorable zone; 15m opposite zone before target,nested child aligned with parent,6,4,49,1.0,0.8900536485957886,1.0,16.236592011326252,0.7434185090155006,23384766.677734375,0.8900536485957886,0.10994635140421144,True,1.0,symmetrical,,,,,,,,,,,,,1.53125,0.25658149098449945,1h_only,1.782930441983757,-0.09019202172366314,0.0014905787631698253,0.007012814045251892,-0.014567492207419819,0.0010368844465578064,0.020010866408019634,-0.0239329209296425,1.8145077296618748,0,bullish,0,0,0,0,1.501575383790337,14.655025553662707,8.0,20.0,0.0,0.0,10.0,52.65502555366271,4,long,ETH,2,2,32,20.0,23400000,73.0,descending,23400000,-9.410256410256597e-07,0,winner,True,0.04614045269878537,1.7086477074869428,"['15m', '1h', '4h']",['resistance']
False,bullish,0.011661205908926067,True,bearish,0.007790231220321539,0,0,0,False,bullish,0.04177757560107071,1,{},{},{},{},{},[],0,0.36844444444444285,0.6020771297843012,0.5924444444444412,0.00463811143055206,1.5116165499209562,1.6341055995352034,5,False,True,ascending,0,0.021655241973141025,-0.8062791098843718,0.09494030699261279,0.09494030699261279,12.035247299601936,2,2,2,0,0,0,0,1756937700000,bullish,5,1756953000000,5,neutral,1,4.442145593869716e-06,0.0,True,"[{'timeframe': '1h', 'zone_kind': 'support', 'distance_to_entry_r': 0.09494030699261279, 'distance_to_target_r': 1.9050596930073873}, {'timeframe': '15m', 'zone_kind': 'support', 'distance_to_entry_r': 0.09494030699261279, 'distance_to_target_r': 1.9050596930073873}]",4h favorable zone; 1h favorable zone; 1h opposite zone before target; 15m favorable zone; 15m opposite zone before target,nested child acceptable with parent,5,2,61,1.0,0.8876013868965937,1.0,17.85328189113064,0.2794629362764056,511065526.34887695,0.8876013868965937,0.11239861310340628,True,1.0,ascending,,,,,,,,,,,,,1.6486486486486487,0.5085937225405072,1h_only,1.3050948813295145,0.23496987565696825,0.01967305746637371,0.007690989370801038,0.009396648692316267,0.01739688119330096,0.057472475310311966,0.012731383850470568,1.3258035943498316,0,bullish,0,0,0,0,-20813448275861.445,8.389500479161493,14.0,14.0,15.0,0.0,10.0,61.38950047916149,2,short,ETH,2,2,37,20.0,26100000,144.69999999999982,ascending,26100000,0.0,0,winner,True,0.09494030699261279,1.9050596930073873,"['15m', '1h']",['support']
False,bullish,0.008611985919018338,True,bearish,0.005302669428518371,0,0,0,False,bullish,0.04172840250069388,1,{},{},{},{},{},[],0,0.6519364448857943,0.7922524588185647,0.8594836146971261,0.019955022799253302,5.393314683842371,1.2152295902974881,1,False,True,ascending,0,0.01107679682100899,2.29849873269643,0.10434322033897667,0.2103813559321987,1.4289194915254093,8,8,8,0,0,0,0,1756962000000,neutral,8,1757075400000,8,bearish,1,2.4250591016548446e-06,0.0,True,"[{'timeframe': '4h', 'zone_kind': 'support', 'distance_to_entry_r': 1.4289194915254093, 'distance_to_target_r': 0.5710805084745907}, {'timeframe': '1h', 'zone_kind': 'support', 'distance_to_entry_r': 0.2103813559321987, 'distance_to_target_r': 1.7896186440678012}, {'timeframe': '15m', 'zone_kind': 'support', 'distance_to_entry_r': 0.10434322033897667, 'distance_to_target_r': 1.8956567796610233}]",4h favorable zone; 4h opposite zone before target; 1h favorable zone; 1h opposite zone before target; 15m favorable zone; 15m opposite zone before target,nested child acceptable with parent,8,8,21,0.8615384615384616,-0.19580392568026173,0.8740682708502148,20.0,0.7479346970889094,2625325.4438476562,-0.19580392568026173,1.1958039256802617,True,1.0,ascending,,,,,,,,,,,,,0.328125,0.7115460267505903,1h_only,-1.0538421680034873,-0.20049126999932732,-0.000924315575968615,-0.009447058567310984,-0.006396763602876443,-0.0011339888000864162,0.03840368968273067,-0.004722602685756749,-1.0691466270538177,0,bullish,0,0,0,0,-17.81754177623286,14.473063555114223,8.0,14.0,15.0,0.0,10.0,61.47306355511422,8,short,ETH,2,2,64,20.0,42300000,144.69999999999982,ascending,42300000,0.0,0,loser,True,0.10434322033897667,0.5710805084745907,"['15m', '1h', '4h']",['support']
False,bearish,0.00435566960199458,False,bearish,0.009198232489401494,0,0,0,True,bullish,0.03420878609959505,1,{},{},{},{},{},[],0,0.9093750000000127,0.6263620954072335,0.9562500000000405,0.027101283707555126,6.146581645007637,0.6887830602416218,2,True,True,symmetrical,0,0.029986804267095282,-6.001378130494686,0.37748007461419725,0.35102594539595944,0.6957775139901572,1,0,0,1,1,0,0,1757102400000,bearish,1,1757170800000,0,bearish,0,9.738888888888747e-07,0.0026433132025846704,True,"[{'timeframe': '4h', 'zone_kind': 'resistance', 'distance_to_entry_r': 0.6957775139901572, 'distance_to_target_r': 1.3042224860098428}, {'timeframe': '1h', 'zone_kind': 'resistance', 'distance_to_entry_r': 0.35102594539595944, 'distance_to_target_r': 1.6489740546040406}, {'timeframe': '15m', 'zone_kind': 'resistance', 'distance_to_entry_r': 0.37748007461419725, 'distance_to_target_r': 1.6225199253858027}]",4h favorable zone; 4h opposite zone before target; 1h favorable zone; 1h opposite zone before target; 15m favorable zone; 15m opposite zone before target,nested child aligned with parent,1,0,,,,,,,,,,,,,31,0.9666666666666667,0.2841450149757947,0.9922000794491531,17.82153582860479,0.19660866295169455,1370248513.302002,0.2841450149757947,0.7158549850242053,True,1.0,ascending,1.0689655172413792,0.827253769101909,4h_only,-1.0882823904757497,0.40217531490478,-0.0057943721916488,-0.0014703080282771896,-0.014933615324878802,-0.005926444441560097,0.020075202553617277,-0.014320606634460664,-1.1052687031448,2,bullish,2,0,0,0,51081500000000.234,14.835937500000153,8.0,20.0,0.0,20.0,10.0,72.83593750000016,1,long,ETH,2,2,29,15.678343398707664,18000000,241.97999999999956,symmetrical,18000000,-1.0716666666666647e-05,3,loser,True,0.35102594539595944,1.3042224860098428,"['15m', '1h', '4h']",['resistance']
True,bearish,0.006184240443300433,True,bearish,0.011934378024769958,0,3,0,False,bullish,0.030981473991412302,1,{},{},{},{},{},[],0,0.793441514536829,3.0118703881937026,0.8404327248140545,0.004122749743493933,2.2688482515238295,3.7959576515880693,11,True,True,descending,0,0.00888869036984074,44.80402010050534,0.01979109400770348,0.05085211654756345,0.21220450797141924,3,3,3,0,0,0,0,1757171700000,bearish,5,1757232900000,5,bearish,1,0.0,0.0,True,"[{'timeframe': '4h', 'zone_kind': 'support', 'distance_to_entry_r': 0.21220450797141924, 'distance_to_target_r': 1.7877954920285808}, {'timeframe': '1h', 'zone_kind': 'support', 'distance_to_entry_r': 0.05085211654756345, 'distance_to_target_r': 1.9491478834524365}, {'timeframe': '15m', 'zone_kind': 'support', 'distance_to_entry_r': 0.01979109400770348, 'distance_to_target_r': 1.9802089059922965}]",4h favorable zone; 4h opposite zone before target; 1h favorable zone; 1h opposite zone before target; 15m favorable zone; 15m opposite zone before target,nested child aligned with parent,5,0,26,0.9830508474576272,-0.172910614218914,0.9899439612197887,20.0,0.7630795933548226,6589959.382568359,-0.172910614218914,1.172910614218914,True,1.0,symmetrical,,,,,,,,,,,,,0.4482758620689655,0.15951731548062004,1h_only,-1.1480606248259144,0.014649681528646319,-0.012977773338002319,-0.006916005745367437,-0.019416247007670084,-0.007804928213815399,0.01219489545276331,-0.018581685901280953,-1.1672701253473923,0,bullish,3,0,0,0,-1.0509645580976992,13.085747333293668,8.0,20.0,15.0,0.0,10.0,66.08574733329367,3,short,ETH,2,2,58,20.0,47700000,38.600000000000364,descending,47700000,-4.171907756813341e-07,0,loser,True,0.01979109400770348,1.7877954920285808,"['15m', '1h', '4h']",['support']
True,bearish,0.001969910085099894,True,bearish,0.01275697003017131,0,0,0,False,bullish,0.025028500861345195,1,{},{},{},{},{},[],0,0.4027517198249279,0.6961409577343594,0.6572858036272896,0.0035309417709247443,1.637660793427809,1.7284617879148094,10,False,True,descending,1,0.0033129974546479333,191.89024390246595,0.15959302325580507,0.19244186046511005,0.3630813953488251,1,0,0,1,1,0,0,1757265300000,bearish,6,1757286000000,0,bearish,0,0.0,0.0012302873231033711,True,"[{'timeframe': '4h', 'zone_kind': 'support', 'distance_to_entry_r': 0.3630813953488251, 'distance_to_target_r': 1.636918604651175}, {'timeframe': '1h', 'zone_kind': 'support', 'distance_to_entry_r': 0.19244186046511005, 'distance_to_target_r': 1.8075581395348899}, {'timeframe': '15m', 'zone_kind': 'support', 'distance_to_entry_r': 0.15959302325580507, 'distance_to_target_r': 1.8404069767441948}]",4h favorable zone; 4h opposite zone before target; 1h favorable zone; 1h opposite zone before target; 15m favorable zone; 15m opposite zone before target,nested child acceptable with parent,6,0,,,,,,,,,,,,,34,1.0,0.20723374139265469,1.0,20.0,0.05129564817760888,7637041488.628418,0.20723374139265469,0.7927662586073453,True,1.0,ascending,0.6415094339622641,0.08254675292537018,4h_only,-1.1557538087568804,-0.05783561339117771,-0.006409137344334792,-0.004460583314826683,-0.01755203523021598,-0.005082677485482412,0.011365031021960625,-0.013603572958504118,-1.1764652854192077,24,bullish,4,0,0,0,-0.8280266920877123,10.177744738938905,8.0,14.0,0.0,0.0,10.0,42.177744738938905,1,short,ETH,2,2,53,12.357186806630125,38700000,23.349999999999454,descending,38700000,-1.0594315245476627e-07,4,loser,True,0.15959302325580507,1.636918604651175,"['15m', '1h', '4h']",['support']
False,bearish,0.0018704049145953,False,bearish,0.01242722870848599,0,3,0,True,bullish,0.024368579148789777,1,{},{},{},{},{},[],0,0.6001955034212786,0.6368303687185093,0.6011730205278494,0.004486737696978618,1.9986516620857548,1.0610382201939232,10,True,True,ascending,0,0.024929634097306284,9.427419354838321,0.12303485987698048,0.4548872180451372,1.9087491455913084,3,3,3,0,0,0,0,1757286900000,neutral,5,1757294100000,15,bearish,3,8.266666666666727e-07,0.0,True,"[{'timeframe': '4h', 'zone_kind': 'resistance', 'distance_to_entry_r': 1.9087491455913084, 'distance_to_target_r': 0.09125085440869161}, {'timeframe': '1h', 'zone_kind': 'resistance', 'distance_to_entry_r': 0.4548872180451372, 'distance_to_target_r': 1.545112781954863}, {'timeframe': '15m', 'zone_kind': 'resistance', 'distance_to_entry_r': 0.12303485987698048, 'distance_to_target_r': 1.8769651401230196}]",4h favorable zone; 4h opposite zone before target; 1h favorable zone; 1h opposite zone before target; 15m favorable zone; 15m opposite zone before target,nested child aligned with parent,5,0,58,0.96,1.0244029891651694,0.9673900293255149,17.102373945239048,0.8453270176717043,17570172.41381836,1.0244029891651694,-0.024402989165169257,True,1.0,symmetrical,,,,,,,,,,,,,2.4166666666666665,0.09061759883403137,1h_only,-1.1824394636991875,-0.02573799768881191,0.003320233325461164,0.005206619241049371,-0.010654646383347566,0.0016605912701133096,0.009889521653073885,-0.014366497716295279,-1.2050468515926331,0,bullish,4,0,0,0,3.747362418020985,12.58567839297509,8.0,20.0,0.0,0.0,10.0,50.58567839297509,3,long,ETH,2,2,24,20.0,18000000,24.86999999999989,ascending,18000000,0.0,0,loser,True,0.12303485987698048,0.09125085440869161,"['15m', '1h', '4h']",['resistance']
False,bearish,0.0001873174304816457,False,bearish,0.011167109526318478,0,0,0,True,bullish,0.02262418714820071,1,{},{},{},{},{},[],0,0.800228310502288,0.6197506851737458,0.947488584474883,0.003924009081707938,1.4920405435624613,0.7744673326850184,5,True,True,descending,0,0.018352941176470586,12.0512820512821,0.001518372304894711,0.296386273914376,1.5882174309140955,1,0,1,0,1,1,0,1757325600000,neutral,5,1757359800000,10,bearish,2,0.0,0.0,True,"[{'timeframe': '4h', 'zone_kind': 'resistance', 'distance_to_entry_r': 1.5882174309140955, 'distance_to_target_r': 0.4117825690859045}, {'timeframe': '1h', 'zone_kind': 'resistance', 'distance_to_entry_r': 0.296386273914376, 'distance_to_target_r': 1.7036137260856241}, {'timeframe': '15m', 'zone_kind': 'resistance', 'distance_to_entry_r': 0.001518372304894711, 'distance_to_target_r': 1.9984816276951052}]",4h favorable zone; 4h opposite zone before target; 1h favorable zone; 1h opposite zone before target; 15m favorable zone; 15m opposite zone before target,nested child aligned with parent,5,0,69,1.0,0.6487553440443348,1.0,17.0102640483853,0.7819639278557108,33435161.455566406,0.6487553440443348,0.3512446559556652,True,1.0,symmetrical,38,1.0,0.3641182973903274,1.0,20.0,0.05129564817760888,7579441488.628418,0.3641182973903274,0.6358817026096726,True,1.0,ascending,2.76,0.15485516487520506,both,-1.1600321716166766,-0.529010620458406,0.00404589603383676,0.00423476778637788,-0.0071257322545073,0.004006222575068108,0.009169857963737371,-0.013356831300112337,-1.1836374869082416,20,bullish,4,0,0,0,2.2208510638297483,13.189095814342624,8.0,20.0,0.0,20.0,10.0,71.18909581434262,1,long,ETH,2,2,25,20.0,15300000,42.5,descending,15300000,-1.2745098039215686e-06,0,loser,True,0.001518372304894711,0.4117825690859045,"['15m', '1h', '4h']",['resistance']
False,bullish,0.00396394929822741,True,bearish,0.00550760101734353,0,2,0,False,bullish,0.01998612080402794,1,{},{},{},{},{},[],0,0.8140407288317348,1.731646146830831,0.8140407288317348,0.010739718205641709,2.6546355921835896,2.127222982216125,4,True,True,symmetrical,0,0.012697941046514121,16.895304664944433,0.17204863380833751,0.0201333507648052,0.29415609883644656,2,2,2,0,0,0,0,1757429100000,neutral,2,1757507400000,8,neutral,4,1.394850948509492e-06,0.0,True,"[{'timeframe': '4h', 'zone_kind': 'support', 'distance_to_entry_r': 0.29415609883644656, 'distance_to_target_r': 1.7058439011635536}, {'timeframe': '1h', 'zone_kind': 'support', 'distance_to_entry_r': 0.0201333507648052, 'distance_to_target_r': 1.9798666492351948}, {'timeframe': '15m', 'zone_kind': 'support', 'distance_to_entry_r': 0.17204863380833751, 'distance_to_target_r': 1.8279513661916624}]",4h favorable zone; 4h opposite zone before target; 1h favorable zone; 1h opposite zone before target; 15m favorable zone; 15m opposite zone before target,nested child aligned with parent,2,0,30,0.92,0.053800474660696346,0.9666642806772405,18.859915468041457,0.020208205756272427,4163890909.091797,0.053800474660696346,0.9461995253393036,True,1.0,descending,,,,,,,,,,,,,0.6122448979591837,1.079506021637078,1h_only,-1.0599447650645704,-1.1707934212904445,-0.006875304542582228,-0.010769603826537799,0.00039833214286044694,0.005940859934319809,0.0211053133913206,0.000683431812816826,-1.0827950540126767,0,bullish,1,0,0,0,-1.7173525920063613,14.302652733119006,8.0,20.0,15.0,0.0,10.0,67.302652733119,2,short,ETH,2,2,49,20.0,36900000,105.77000000000044,symmetrical,36900000,-3.8861788617886573e-07,0,loser,True,0.0201333507648052,1.7058439011635536,"['15m', '1h', '4h']",['support']
True,bullish,0.0015462094832597608,False,bearish,0.0051945516295633185,0,0,0,True,bullish,0.01776038224012504,1,{},{},{},{},{},[],0,0.6584615384615518,3.4675173426503183,0.6628846153846203,0.01200777708165254,5.260013165223588,5.266089422249209,10,False,True,ascending,0,0.018575123442276204,2.2537032049551726,0.05755144750610697,0.644925008719907,1.9339030345308534,2,0,2,0,2,2,0,1757508300000,bullish,2,1757530800000,2,bearish,1,9.594315245478064e-07,0.0,True,"[{'timeframe': '4h', 'zone_kind': 'resistance', 'distance_to_entry_r': 1.9339030345308534, 'distance_to_target_r': 0.06609696546914656}, {'timeframe': '1h', 'zone_kind': 'resistance', 'distance_to_entry_r': 0.644925008719907, 'distance_to_target_r': 1.355074991280093}, {'timeframe': '15m', 'zone_kind': 'resistance', 'distance_to_entry_r': 0.05755144750610697, 'distance_to_target_r': 1.942448552493893}]",4h favorable zone; 4h opposite zone before target; 1h favorable zone; 1h opposite zone before target; 15m favorable zone; 15m opposite zone before target,nested child acceptable with parent,2,0,33,0.75,1.9958181526546133,0.8736644408948487,18.683034547789756,0.522265292616058,43033164.373535156,1.9958181526546133,-0.9958181526546132,True,1.0,descending,29,0.9791666666666666,0.9470197912144073,0.9949056824252135,17.837200157294546,0.6073966114046272,65862507.498535156,0.9470197912144073,0.05298020878559277,True,1.0,symmetrical,0.7021276595744681,0.40209889382622266,both,-1.0847538147170341,0.22688094810558002,0.014538212082512825,0.012949210199382444,-0.0015497895807230488,0.0036556717325573196,0.01652653323305886,-0.001500280638096152,-1.1093401251513249,2,bullish,1,0,0,0,27.69000956023977,13.735817307692328,8.0,14.0,0.0,20.0,10.0,65.73581730769233,2,long,ETH,2,2,47,20.0,38700000,42.529999999999745,ascending,38700000,0.0,0,loser,True,0.05755144750610697,0.06609696546914656,"['15m', '1h', '4h']",['resistance']
True,bullish,0.005001972401439948,False,bearish,0.0006028104154074403,0,0,0,True,bullish,0.017581345331166152,1,{},{},{},{},{},[],0,0.7252914343639492,1.1602545911542228,0.7465788139888438,0.005225176605184328,1.8552451993892607,1.5997081120525276,8,True,True,symmetrical,0,0.018624724829104464,4.021772939346647,0.5897619047619151,0.2964285714285671,2.0561904761904684,1,0,0,1,1,0,0,1757563200000,bullish,1,1757593800000,0,neutral,0,1.944135802469129e-06,0.001651376178697682,True,"[{'timeframe': '1h', 'zone_kind': 'resistance', 'distance_to_entry_r': 0.2964285714285671, 'distance_to_target_r': 1.703571428571433}, {'timeframe': '15m', 'zone_kind': 'resistance', 'distance_to_entry_r': 0.5897619047619151, 'distance_to_target_r': 1.4102380952380849}]",4h favorable zone; 1h favorable zone; 1h opposite zone before target; 15m favorable zone; 15m opposite zone before target,nested child aligned with parent,1,0,,,,,,,,,,,,,33,0.8837209302325582,1.1620881556431686,0.9379937409989728,17.837200157294546,0.6073966114046272,8262507.498535156,1.1620881556431686,-0.16208815564316864,True,1.0,symmetrical,0.7857142857142857,0.35940972854800324,4h_only,-1.1217045355411552,-0.059702738810953004,0.015092929486238527,0.009964866389610583,0.014103714229664943,0.014724027489739777,0.032487104173337,0.014079022220460535,-1.1484023152719414,1,bullish,1,0,0,0,3.654485692188794,14.049670552458164,14.0,20.0,0.0,20.0,10.0,78.04967055245817,1,long,ETH,2,2,42,15.17431191065116,32400000,98.63999999999942,symmetrical,32400000,-4.373456790123479e-07,4,loser,True,0.2964285714285671,1.4102380952380849,"['15m', '1h']",['resistance']
False,bullish,0.008670710542436184,False,bullish,0.005781652149502396,0,0,0,False,bullish,0.01886581777111305,1,{},{},{},{},{},[],0,0.5066666666668121,0.23979491224617314,0.9116666666667091,0.003905650671022915,1.3654111615066318,0.4732794320646795,8,True,True,symmetrical,0,0.024426193711180103,-1.2952570151477403,0.335575781559138,1.770083102493027,5.828650573802826,1,0,0,1,1,0,0,1757623500000,bullish,1,1757628900000,0,bullish,0,3.5819444444444393e-06,0.0,True,"[{'timeframe': '1h', 'zone_kind': 'support', 'distance_to_entry_r': 1.770083102493027, 'distance_to_target_r': 0.22991689750697306}, {'timeframe': '15m', 'zone_kind': 'support', 'distance_to_entry_r': 0.335575781559138, 'distance_to_target_r': 1.664424218440862}]",4h favorable zone; 1h favorable zone; 1h opposite zone before target; 15m favorable zone; 15m opposite zone before target,nested child aligned with parent,1,0,,,,,,,,,,,,,48,0.9696969696969697,0.7818860392924347,0.9944028077069338,16.155335900235634,0.33462513042181913,1058762405.3452148,0.7818860392924347,0.21811396070756525,True,1.0,symmetrical,1.5,0.5759427634520781,4h_only,-1.211742815725969,0.1566703017084764,0.00838015145118609,-0.00036007270899574007,0.01588656823848078,0.009954597123883246,0.03570978596828289,0.015860369991315793,-1.2420099308743167,2,bullish,2,0,0,0,-17310000000000.4,12.317226006535309,14.0,20.0,0.0,0.0,10.0,56.31722600653531,1,short,ETH,2,2,32,20.0,21600000,154.5599999999995,symmetrical,21600000,-2.0111111111110925e-06,0,loser,True,0.335575781559138,0.22991689750697306,"['15m', '1h']",['support']
True,bullish,0.009705977877432659,True,bullish,0.0069704826902988355,0,0,0,True,bullish,0.019212614664692537,1,{},{},{},{},{},[],0,0.8105169340463451,4.1379624152523755,0.8315508021390418,0.009332884614400287,3.792796365031011,5.105337398189103,6,True,True,symmetrical,0,0.013461600672877752,16.999699609492836,,0.6085617165923068,1.648608455491813,1,0,0,1,1,0,0,1757637900000,bullish,1,1757715300000,0,bullish,0,2.229629629629623e-06,0.0,True,"[{'timeframe': '4h', 'zone_kind': 'resistance', 'distance_to_entry_r': 1.648608455491813, 'distance_to_target_r': 0.351391544508187}, {'timeframe': '1h', 'zone_kind': 'resistance', 'distance_to_entry_r': 0.6085617165923068, 'distance_to_target_r': 1.3914382834076933}]",4h favorable zone; 4h opposite zone before target; 1h favorable zone; 1h opposite zone before target; 15m favorable zone,nested child aligned with parent,1,0,,,,,,,,,,,,,49,0.8163265306122449,1.2992363512449083,0.8636756270646675,16.155335900235634,0.33462513042181913,1044362405.3452148,1.2992363512449083,-0.2992363512449083,True,1.0,symmetrical,1.0208333333333333,0.5759427634520781,4h_only,1.810245355259212,-0.7612765422791787,0.027154432699258324,0.01701526021209676,0.023039956353285262,0.01579622983097173,0.04334569446374159,0.02284241044720914,1.8577693351170046,2,bullish,2,0,0,0,2.0310291207237663,14.368315508021405,10.0,20.0,0.0,20.0,10.0,74.3683155080214,1,long,ETH,2,2,48,20.0,37800000,154.5599999999995,symmetrical,37800000,-4.124338624338422e-07,0,winner,True,0.6085617165923068,0.351391544508187,"['1h', '4h']",['resistance']
False,bullish,0.020447979693911534,False,bullish,0.03327004175778599,0,1,0,False,bullish,0.030892395441548436,1,{},{},{},{},{},[],0,0.49448934606904693,1.2094527810225302,0.8270879255449362,0.006896833927915872,1.9266650795312523,2.445862161919361,2,True,True,symmetrical,0,0.006578190932818251,33.110334280095685,1.280769622314985,1.6924564796905297,3.7036546879772168,1,1,1,0,0,0,0,1757780100000,bullish,1,1758030300000,4,bullish,4,1.655899198167244e-06,0.0027700158218430166,True,"[{'timeframe': '1h', 'zone_kind': 'support', 'distance_to_entry_r': 1.6924564796905297, 'distance_to_target_r': 0.30754352030947024}, {'timeframe': '15m', 'zone_kind': 'support', 'distance_to_entry_r': 1.280769622314985, 'distance_to_target_r': 0.7192303776850152}]",4h favorable zone; 1h favorable zone; 1h opposite zone before target; 15m favorable zone; 15m opposite zone before target,nested child aligned with parent,1,0,68,0.9439252336448598,0.5577458334445612,0.9757354189871044,11.451271293677243,0.49750525488863845,207474581.7685547,0.5577458334445612,0.44225416655543887,True,1.0,symmetrical,,,,,,,,,,,,,0.6415094339622641,0.5574640650544609,1h_only,1.819189429584675,-2.201736722879433,0.006426635468684383,-0.013867373823119089,0.04585113090905435,0.010683869417600356,0.0802399597332506,0.04535520220135125,1.8634862886082486,0,bullish,2,0,0,0,-0.514660565108953,13.568515797207791,14.0,20.0,0.0,0.0,10.0,57.568515797207795,1,short,ETH,2,2,106,16.61499208907849,87300000,262.5600000000004,symmetrical,87300000,-4.4123711340206686e-07,2,winner,True,1.280769622314985,0.30754352030947024,"['15m', '1h']",['support']
True,bearish,0.00882763260268295,False,bullish,0.00753546482250987,0,0,0,False,bullish,0.035485461424761854,1,{},{},{},{},{},[],0,0.38851634534785967,1.5198589990572564,0.07816429170160212,0.0055399875455919975,2.042054350944774,3.9119563880805184,10,False,True,descending,0,0.02021709633649883,0.4832214765106073,1.340611353711782,0.14916111238795102,4.689726499655232,3,3,3,0,0,0,0,1758031200000,bearish,6,1758061800000,18,neutral,3,0.0,0.0,True,"[{'timeframe': '1h', 'zone_kind': 'support', 'distance_to_entry_r': 0.14916111238795102, 'distance_to_target_r': 1.850838887612049}, {'timeframe': '15m', 'zone_kind': 'support', 'distance_to_entry_r': 1.340611353711782, 'distance_to_target_r': 0.659388646288218}]",4h favorable zone; 1h favorable zone; 1h opposite zone before target; 15m favorable zone; 15m opposite zone before target,nested child acceptable with parent,6,3,22,0.9130434782608695,-0.1915107873421125,0.9322937260658319,20.0,0.30036829900423295,96979291.55322266,-0.1915107873421125,1.1915107873421125,True,1.0,ascending,,,,,,,,,,,,,1.0,0.4569635793206904,1h_only,-1.122380009472229,-0.4463050235636572,-0.015978042394877545,-0.00735535095641382,-0.008321490401161369,-0.015677097759563052,0.03475727673306883,-0.0018920874395581544,-1.147571230449951,0,bullish,0,0,0,0,-34.59722222216608,7.124214165968167,14.0,14.0,15.0,0.0,10.0,60.12421416596817,3,short,ETH,2,2,22,20.0,9000000,33.5,descending,9000000,-1.6555555555555152e-06,0,loser,True,0.14916111238795102,0.659388646288218,"['15m', '1h']",['support']
True,bearish,0.0027950606577024206,False,bullish,0.002913620116030823,0,0,0,False,bullish,0.033194443237109,1,{},{},{},{},{},[],0,0.3938596491228004,0.3053798544514572,0.947368421052598,0.0036027034946454193,1.1038267848323933,0.7753519689858954,6,False,True,ascending,0,0.013186947753512052,31.14306442251859,0.22293479920599193,0.3603603603603671,3.3770041227668575,1,1,1,0,0,0,0,1758104100000,bearish,1,1758147300000,1,neutral,1,1.66473429951691e-06,0.0006794335011996897,True,"[{'timeframe': '1h', 'zone_kind': 'support', 'distance_to_entry_r': 0.3603603603603671, 'distance_to_target_r': 1.6396396396396329}, {'timeframe': '15m', 'zone_kind': 'support', 'distance_to_entry_r': 0.22293479920599193, 'distance_to_target_r': 1.777065200794008}]",4h favorable zone; 1h favorable zone; 1h opposite zone before target; 15m favorable zone; 15m opposite zone before target,nested child acceptable with parent,1,1,44,0.7666666666666667,0.3565998243986122,0.8796839245720225,14.090301809435882,0.33887349953831825,252313896.45776367,0.3565998243986122,0.6434001756013878,True,1.0,ascending,,,,,,,,,,,,,1.5172413793103448,0.7564005708049995,1h_only,-1.0749932088783245,0.3193690346916791,-0.006760137203322136,-0.003995062494480783,-0.0030990871555712785,-0.005986289987576776,0.042863193126494226,0.007970029451985106,-1.1003836269711407,0,bullish,0,0,0,0,-0.3478228459079808,11.319844715652248,14.0,14.0,15.0,0.0,10.0,64.31984471565225,1,short,ETH,2,2,29,18.660283249400155,20700000,90.10999999999967,ascending,20700000,0.0,1,loser,True,0.22293479920599193,1.6396396396396329,"['15m', '1h']",['support']
True,bullish,0.00620388730674505,True,bullish,0.008506518638133771,0,0,0,True,bullish,0.03276796283549153,1,{},{},{},{},{},[],0,0.7097435897435972,1.3401113531832558,0.9487179487179487,0.004488091973237043,1.9966109900751094,1.888162672476388,6,True,True,descending,0,0.016009852216748992,13.764705882352246,0.4257510729613732,0.38454935622317454,1.019313304721022,2,2,2,0,0,0,0,1758245400000,bullish,4,1758252600000,8,bullish,2,0.0,9.698558322420593e-05,True,"[{'timeframe': '4h', 'zone_kind': 'resistance', 'distance_to_entry_r': 1.019313304721022, 'distance_to_target_r': 0.9806866952789779}, {'timeframe': '1h', 'zone_kind': 'resistance', 'distance_to_entry_r': 0.38454935622317454, 'distance_to_target_r': 1.6154506437768255}, {'timeframe': '15m', 'zone_kind': 'resistance', 'distance_to_entry_r': 0.4257510729613732, 'distance_to_target_r': 1.5742489270386268}]",4h favorable zone; 4h opposite zone before target; 1h favorable zone; 1h opposite zone before target; 15m favorable zone; 15m opposite zone before target,nested child aligned with parent,4,2,21,1.0,0.6852981038588775,1.0,20.0,0.037644468904788765,1164010526.3156738,0.6852981038588775,0.3147018961411225,True,1.0,ascending,,,,,,,,,,,,,0.6176470588235294,0.6256466703357173,1h_only,-1.113045851683392,-0.34422880490293495,0.010831042476039832,0.00453154292565805,0.01806217344998018,0.009321284734306046,0.047996840764597426,0.013202728028063992,-1.140590127281092,0,bullish,0,0,0,0,2.2588522588523694,14.03983026754787,8.0,20.0,15.0,0.0,10.0,67.03983026754787,2,long,ETH,2,2,34,18.9515072083879,23400000,56.840000000000146,descending,23400000,-1.322222222222244e-06,1,loser,True,0.38454935622317454,0.9806866952789779,"['15m', '1h', '4h']",['resistance']
False,bullish,0.005374586252071215,False,bullish,0.008759566030880616,0,0,0,False,bullish,0.03276796283549153,1,{},{},{},{},{},[],0,0.66040772532189,1.8645864889427433,0.6834763948497784,0.005913062472695437,2.050136322326553,2.82338685246894,4,False,True,descending,0,0.006276287579987933,86.68709256844761,0.6590345632200774,1.2531719410821154,4.134315298235408,4,4,4,0,0,0,0,1758253500000,neutral,5,1758501000000,10,bullish,2,0.0,9.698558322420593e-05,True,"[{'timeframe': '1h', 'zone_kind': 'support', 'distance_to_entry_r': 1.2531719410821154, 'distance_to_target_r': 0.7468280589178845}, {'timeframe': '15m', 'zone_kind': 'support', 'distance_to_entry_r': 0.6590345632200774, 'distance_to_target_r': 1.3409654367799226}]",4h favorable zone; 1h favorable zone; 1h opposite zone before target; 15m favorable zone; 15m opposite zone before target,nested child acceptable with parent,5,4,23,0.9772727272727273,-0.04593881480424882,0.9901779835641825,20.0,0.037644468904788765,1156810526.3156738,-0.04593881480424882,1.0459388148042488,True,1.0,ascending,,,,,,,,,,,,,0.5348837209302325,0.6256466703357173,1h_only,1.7631328268366124,-0.32833715394109353,-0.0036166733814052554,-0.008924031997189386,0.013201001230856324,0.004287745554078848,0.047996840764597426,0.013202728028063992,1.8088277781627617,0,bullish,0,0,0,0,-0.712486275925333,13.813036480686668,14.0,14.0,0.0,0.0,10.0,51.81303648068667,4,short,ETH,2,2,43,18.9515072083879,31500000,56.840000000000146,descending,31500000,-4.869841269841316e-07,1,winner,True,0.6590345632200774,0.7468280589178845,"['15m', '1h']",['support']
True,bearish,0.003588776556384822,True,bearish,0.005003960218552285,0,0,0,False,bullish,0.024502427699097207,1,{},{},{},{},{},[],0,0.8138506876227907,5.412821559820302,0.8138506876227907,0.029129003090832942,10.680538995508408,6.650877909350708,1,True,True,ascending,0,0.009344959729800012,2.312192296553235,,0.016086956521740976,0.6635507246376856,4,4,4,0,0,0,0,1758501900000,bearish,4,1758520800000,8,bearish,2,7.673333333333479e-07,0.0,True,"[{'timeframe': '4h', 'zone_kind': 'support', 'distance_to_entry_r': 0.6635507246376856, 'distance_to_target_r': 1.3364492753623143}, {'timeframe': '1h', 'zone_kind': 'support', 'distance_to_entry_r': 0.016086956521740976, 'distance_to_target_r': 1.983913043478259}]",4h favorable zone; 4h opposite zone before target; 1h favorable zone; 1h opposite zone before target; 15m favorable zone,nested child aligned with parent,4,4,38,0.8356164383561644,-2.091069497410198,0.8841909998959998,18.524659739828117,0.1819200597683935,532422997.9465332,-2.091069497410198,3.091069497410198,True,1.0,descending,,,,,,,,,,,,,0.5277777777777778,0.9585356742622461,1h_only,1.8636269607614766,-0.8937728937728964,-0.026775116976025637,-0.023364033579779564,-0.013422399657684103,-0.008527704120671942,0.011458627125051635,-0.01300232562581427,1.908474307972417,0,bullish,0,0,0,0,-81.90330661326037,14.301940078585465,10.0,20.0,15.0,0.0,10.0,69.30194007858546,4,short,ETH,2,2,72,20.0,45000000,51.32000000000062,ascending,45000000,0.0,0,winner,True,0.016086956521740976,1.3364492753623143,"['1h', '4h']",['support']
True,bearish,0.014844583611934064,True,bearish,0.03665008303216351,0,0,0,False,bullish,0.006124944406308674,1,{},{},{},{},{},[],0,0.7252453166815417,1.1523742026931478,0.802854594112397,0.004016735858942273,0.7893901186140008,1.5889440113394904,2,False,True,ascending,0,0.0018265399938706822,400.72651006711135,0.3265051903114207,0.3265051903114207,16.771764705882354,1,1,1,0,0,0,0,1758649500000,bearish,2,1758775500000,2,bearish,1,1.5400516795865728e-07,0.0015729537366548302,True,"[{'timeframe': '1h', 'zone_kind': 'support', 'distance_to_entry_r': 0.3265051903114207, 'distance_to_target_r': 1.6734948096885793}, {'timeframe': '15m', 'zone_kind': 'support', 'distance_to_entry_r': 0.3265051903114207, 'distance_to_target_r': 1.6734948096885793}]",4h favorable zone; 1h favorable zone; 1h opposite zone before target; 15m favorable zone; 15m opposite zone before target,nested child acceptable with parent,2,1,34,0.9622641509433962,0.3244605129363922,0.9887000519868732,17.50977714232866,0.5149808411430699,62744885.701416016,0.3244605129363922,0.6755394870636078,True,1.0,ascending,,,,,,,,,,,,,0.6538461538461539,0.28969114999307555,1h_only,1.7953996219111332,-0.14568126520681246,-0.024294740458613795,-0.009954989608066622,-0.047657668382554697,-0.01321550940196825,-0.04454797157833623,-0.05010683241450087,1.8351028621390488,0,neutral,0,0,0,0,-0.3008043277101598,12.785808516334896,14.0,14.0,15.0,0.0,10.0,65.7858085163349,1,short,ETH,2,2,52,18.213523131672584,38700000,62.75,ascending,38700000,0.0,1,winner,True,0.3265051903114207,1.6734948096885793,"['15m', '1h']",['support']
True,bearish,0.023191757403841044,True,bearish,0.05481734281765187,0,1,0,True,bearish,0.02174925731296331,1,{},{},{},{},{},[],0,0.8161971830985962,1.1759036144578232,0.9091549295774662,0.010083879746056144,2.0254914394419674,1.4407102092580666,4,True,True,ascending,0,0.029255737704918038,2.3450633195113824,,,17.534941468606004,1,1,1,0,0,0,0,1758866400000,bearish,1,1758894300000,1,bearish,1,4.957222222222223e-06,0.0,False,[],4h favorable zone; 1h favorable zone; 15m favorable zone,nested child aligned with parent,1,0,39,1.0,0.34439606140152185,1.0,16.228112633421095,0.46721846523407845,110270772.32592773,0.34439606140152185,0.6556039385984781,True,1.0,symmetrical,,,,,,,,,,,,,1.56,0.3185461761403694,1h_only,-1.0799039484841089,0.38296214265206774,-0.027519599644067694,-0.005080656863602595,-0.07612585551044193,-0.026840867444491434,-0.08479575273973161,-0.06620862356287316,-1.101762959497039,0,bearish,1,0,0,0,-3.816248506571033,14.659330985915497,20.0,20.0,15.0,0.0,10.0,79.65933098591549,1,short,ETH,2,2,25,20.0,18000000,122.0,ascending,18000000,0.0,0,loser,False,,,[],[]
False,bearish,0.013180699345140552,False,bearish,0.054096288635038646,0,0,0,False,bearish,0.027917267133357605,1,{},{},{},{},{},[],0,0.7350037965072168,1.0085259337720742,0.8942039989876016,0.012027193227347193,1.6607338206949318,1.3721370400597268,2,True,True,ascending,0,0.00044143398272360364,1603.4439834025861,0.9693484042553213,1.1249335106382976,2.3017952127659562,1,1,1,0,0,0,0,1758907800000,neutral,1,1759308300000,1,bearish,1,7.046783625730568e-08,0.0002661022789293728,True,"[{'timeframe': '1h', 'zone_kind': 'resistance', 'distance_to_entry_r': 1.1249335106382976, 'distance_to_target_r': 0.8750664893617055}, {'timeframe': '15m', 'zone_kind': 'resistance', 'distance_to_entry_r': 0.9693484042553213, 'distance_to_target_r': 1.0306515957446816}]",4h favorable zone; 1h opposite zone before target; 15m favorable zone; 15m opposite zone before target,nested child aligned with parent,1,1,31,0.8867924528301887,1.3406804075807357,0.9271170095630754,16.888551591476034,0.543620951966965,56978794.17871094,1.3406804075807357,-0.3406804075807357,True,1.0,symmetrical,,,,,,,,,,,,,0.5961538461538461,0.456379048033035,1h_only,1.878494929451156,0.388938622503217,0.007232628324464807,0.02078459569423985,-0.052724773385162016,-0.0015606746360415924,-0.08680594927136154,-0.06291604115804927,1.9186325981448522,0,bearish,0,0,0,0,1.4702429935564028,14.603264996203507,10.0,20.0,0.0,0.0,10.0,54.60326499620351,1,long,ETH,2,2,52,18.866948860535313,34200000,104.98999999999978,ascending,34200000,0.0,1,winner,True,0.9693484042553213,0.8750664893617055,"['15m', '1h']",['resistance']
True,bullish,0.0034443765527016053,True,bullish,0.0006054250933247008,0,0,0,False,bearish,0.030037186320352124,1,{},{},{},{},{},[],0,0.31472742066721243,1.1106006661307026,0.3651749389747708,0.0345021588195454,8.216230383452068,3.528769955208426,3,False,True,descending,0,0.010769362682051434,30.05072793448619,,0.11246114721673109,0.45216162757841366,5,5,5,0,0,0,0,1759309200000,bullish,5,1759759200000,10,bullish,2,0.0,0.0,True,"[{'timeframe': '4h', 'zone_kind': 'resistance', 'distance_to_entry_r': 0.45216162757841366, 'distance_to_target_r': 1.5478383724215863}, {'timeframe': '1h', 'zone_kind': 'resistance', 'distance_to_entry_r': 0.11246114721673109, 'distance_to_target_r': 1.8875388527832688}]",4h favorable zone; 4h opposite zone before target; 1h favorable zone; 1h opposite zone before target; 15m favorable zone,nested child acceptable with parent,5,5,49,0.9583333333333334,1.75997913177472,0.9650615925589836,17.51323930891563,0.292455179282866,287763984.6743164,1.75997913177472,-0.75997913177472,True,1.0,descending,,,,,,,,,,,,,1.0425531914893618,0.5406499003984091,1h_only,1.8894863878722952,-0.6584230211434317,0.0362181347210595,0.032532895289907326,0.03607876478702665,0.03542927305197918,-0.028105658020589175,0.001120009828058377,1.9261633105660003,0,bearish,0,0,0,0,5.223991885119821,10.757770545158666,10.0,14.0,15.0,0.0,10.0,59.757770545158664,5,long,ETH,2,2,47,20.0,35100000,86.85000000000036,descending,35100000,-1.2524216524216535e-06,0,winner,True,0.11246114721673109,1.5478383724215863,"['1h', '4h']",['resistance']
True,bullish,0.008381734938436523,True,bullish,0.02939809343224008,0,0,0,True,bullish,0.014933903266522289,1,{},{},{},{},{},[],0,0.607391699485006,1.0662057963307767,0.8297485610421129,0.018308431186606584,4.455729859080047,1.7553842063281224,8,False,True,ascending,0,0.014312832660341866,-4.8340717450339525,,0.747101102060378,0.020412074748443892,3,1,1,0,0,0,2,1759761000000,bullish,3,1759849200000,1,bullish,1,2.0459064327485453e-06,0.0005587936739530656,True,"[{'timeframe': '4h', 'zone_kind': 'resistance', 'distance_to_entry_r': 0.020412074748443892, 'distance_to_target_r': 1.979587925251556}, {'timeframe': '1h', 'zone_kind': 'resistance', 'distance_to_entry_r': 0.747101102060378, 'distance_to_target_r': 1.252898897939622}]",4h favorable zone; 4h opposite zone before target; 1h favorable zone; 1h opposite zone before target; 15m favorable zone,nested child acceptable with parent,1,3,37,0.4727272727272727,2.0936160852147627,0.5615481840895834,16.58133881418151,0.43472593365052525,61945907.04638672,2.0936160852147627,-1.093616085214763,True,1.0,descending,,,,,,,,,,,,,0.6851851851851852,0.5900410610701956,1h_only,-1.0462911196799922,-0.6127127474817742,0.02935156254133009,0.020546540133820956,0.056256741624521656,0.024445720341913058,0.0577434985553571,0.041294954492832714,-1.064550235711534,0,bullish,0,0,0,0,74888947368420.31,14.25590730081796,10.0,14.0,15.0,0.0,10.0,63.25590730081796,1,long,ETH,2,2,54,15.720603163023467,34200000,90.52999999999975,ascending,34200000,0.0,4,loser,True,0.020412074748443892,1.252898897939622,"['1h', '4h']",['resistance']
True,bearish,0.0041230228886354504,False,bullish,0.013459212257580774,0,0,0,False,bullish,0.023747841365624942,1,{},{},{},{},{},[],0,0.7401021711366271,0.9458136118818536,0.934865900383117,0.004933133374419352,1.8195171891924264,1.2779500571242766,5,True,True,symmetrical,0,0.019474249827884375,4.449881439965566,0.44634525660964974,0.6915500259201748,0.6915500259201748,2,2,2,0,0,0,0,1759972500000,bearish,5,1759977000000,10,bullish,2,2.4252525252525166e-06,0.0,True,"[{'timeframe': '4h', 'zone_kind': 'support', 'distance_to_entry_r': 0.6915500259201748, 'distance_to_target_r': 1.3084499740798252}, {'timeframe': '1h', 'zone_kind': 'support', 'distance_to_entry_r': 0.6915500259201748, 'distance_to_target_r': 1.3084499740798252}, {'timeframe': '15m', 'zone_kind': 'support', 'distance_to_entry_r': 0.44634525660964974, 'distance_to_target_r': 1.5536547433903503}]",4h favorable zone; 4h opposite zone before target; 1h favorable zone; 1h opposite zone before target; 15m favorable zone; 15m opposite zone before target,nested child aligned with parent,5,2,35,1.0,0.4861568499424711,1.0,18.431340183807325,0.6462309229388095,26381393.681396484,0.4861568499424711,0.5138431500575289,True,1.0,symmetrical,,,,,,,,,,,,,0.8974358974358975,0.35376907706119054,1h_only,1.6410131134003672,0.07599309153713574,-0.005955370098653212,-0.0018645431089310271,0.010120401794281975,-0.003428412376215384,0.039099716774219084,0.014075996954514336,1.6714302090367512,0,bullish,0,0,0,0,-1.782153756721423,14.655447188065803,8.0,20.0,0.0,0.0,10.0,52.65544718806581,2,short,ETH,2,2,39,20.0,29700000,122.15999999999985,symmetrical,29700000,-6.986531986531987e-07,0,winner,True,0.44634525660964974,1.3084499740798252,"['15m', '1h', '4h']",['support']
True,bearish,0.005695667491975931,False,bullish,0.013111246672247976,0,0,0,False,bullish,0.023747841365624942,1,{},{},{},{},{},[],0,0.6718346253230005,1.7503113534619184,0.8191214470284229,0.024888018557211254,7.594515283094502,2.605271129960612,4,True,True,symmetrical,0,0.016877683184166457,-1.5501185600344343,0.3706896551724138,0.09750000000000345,0.09750000000000345,5,5,5,0,0,0,0,1759977900000,bearish,5,1760109300000,10,bullish,2,2.4252525252525166e-06,0.0,True,"[{'timeframe': '4h', 'zone_kind': 'support', 'distance_to_entry_r': 0.09750000000000345, 'distance_to_target_r': 1.9024999999999965}, {'timeframe': '1h', 'zone_kind': 'support', 'distance_to_entry_r': 0.09750000000000345, 'distance_to_target_r': 1.9024999999999965}, {'timeframe': '15m', 'zone_kind': 'support', 'distance_to_entry_r': 0.3706896551724138, 'distance_to_target_r': 1.6293103448275863}]",4h favorable zone; 4h opposite zone before target; 1h favorable zone; 1h opposite zone before target; 15m favorable zone; 15m opposite zone before target,nested child aligned with parent,5,5,36,0.9782608695652174,-0.09356029536442623,0.9876755420739238,18.431340183807325,0.6462309229388095,22781393.681396484,-0.09356029536442623,1.0935602953644261,True,1.0,symmetrical,,,,,,,,,,,,,0.8,0.35376907706119054,1h_only,1.8587404340447187,-0.7685211070729958,-0.02222427212255529,-0.016748460301039714,0.0029758747837609345,-0.010042330024830681,0.039099716774219084,0.014075996954514336,1.890034167109391,0,bullish,0,0,0,0,-112812727272726.98,14.321705426356587,8.0,20.0,0.0,0.0,10.0,52.32170542635659,5,short,ETH,2,2,45,20.0,29700000,122.15999999999985,symmetrical,29700000,-6.986531986531987e-07,0,winner,True,0.09750000000000345,1.6293103448275863,"['15m', '1h', '4h']",['support']
False,bullish,0.02291161986153188,True,bearish,0.03731370831397302,0,0,0,True,bearish,0.024878872989706674,1,{},{},{},{},{},[],0,0.36258699711424514,0.8246467454250702,0.2284841283313541,0.005298977326491283,0.8431781329627128,2.2743417496718386,1,False,True,descending,0,0.005194569313899125,70.50524475524435,0.2284180090871526,0.13919867823213547,0.3067947129285418,3,3,3,0,0,0,0,1760357700000,bullish,5,1760377500000,10,bearish,2,0.0,0.0,True,"[{'timeframe': '4h', 'zone_kind': 'support', 'distance_to_entry_r': 0.3067947129285418, 'distance_to_target_r': 1.6932052870714582}, {'timeframe': '1h', 'zone_kind': 'support', 'distance_to_entry_r': 0.13919867823213547, 'distance_to_target_r': 1.8608013217678645}, {'timeframe': '15m', 'zone_kind': 'support', 'distance_to_entry_r': 0.2284180090871526, 'distance_to_target_r': 1.7715819909128474}]",4h favorable zone; 4h opposite zone before target; 1h favorable zone; 1h opposite zone before target; 15m favorable zone; 15m opposite zone before target,nested child acceptable with parent,5,3,22,0.8913043478260869,0.3290897350877787,0.9115517631735214,17.686904761904685,0.7879767766590721,-564073.8666992188,0.3290897350877787,0.6709102649122213,True,1.0,ascending,,,,,,,,,,,,,0.4888888888888889,0.23977854535655693,1h_only,-1.0475322525823132,-0.40055607043558195,0.016133353309237597,-0.006985281644448671,-0.026280510516353273,0.010431586202144238,-0.04826833753158177,-0.02518669727979128,-1.063159086818629,0,bearish,0,0,0,0,-0.36554340548984704,7.532337463928048,8.0,14.0,15.0,0.0,10.0,54.532337463928044,3,short,ETH,2,2,45,20.0,24300000,97.88000000000011,descending,24300000,-9.415637860082349e-07,0,loser,True,0.13919867823213547,1.6932052870714582,"['15m', '1h', '4h']",['support']
False,bearish,0.012781874658558193,False,bearish,0.02150446879895581,0,0,0,False,bearish,0.03061934537564158,1,{},{},{},{},{},[],0,0.6238095238095189,0.5299471850769735,0.8835978835978938,0.01880428301477006,3.3249938195303064,0.8495336554669108,3,True,True,descending,0,0.010247269991218486,1.7151935862339087,0.04541062801932071,0.2921497584541008,4.374396135265688,2,2,2,0,0,0,0,1760580000000,bearish,2,1760629500000,2,bearish,1,0.0,0.0,True,"[{'timeframe': '1h', 'zone_kind': 'resistance', 'distance_to_entry_r': 0.2921497584541008, 'distance_to_target_r': 1.7078502415458992}, {'timeframe': '15m', 'zone_kind': 'resistance', 'distance_to_entry_r': 0.04541062801932071, 'distance_to_target_r': 1.9545893719806793}]",4h favorable zone; 1h favorable zone; 1h opposite zone before target; 15m favorable zone; 15m opposite zone before target,nested child aligned with parent,2,2,52,1.0,0.28650585195204586,1.0,17.61277737834903,0.2863656420061769,412624345.1464844,0.28650585195204586,0.7134941480479542,True,1.0,symmetrical,,,,,,,,,,,,,0.7536231884057971,0.7091974309947547,1h_only,-1.0530744838826063,0.3380644679341136,-0.010972250055912292,0.0016907525436460347,-0.031354657547524645,-0.010748344200968929,-0.06416464636897823,-0.03655752410093427,-1.0699214925496658,0,bearish,0,0,0,0,11.541640540386883,14.556349206349214,14.0,20.0,0.0,0.0,10.0,58.55634920634921,2,long,ETH,2,2,69,20.0,45000000,289.30999999999995,descending,45000000,-4.545777777777777e-06,0,loser,True,0.04541062801932071,1.7078502415458992,"['15m', '1h']",['resistance']
True,bearish,0.005957507865100982,True,bearish,0.02216723475197893,0,0,0,True,bearish,0.033946744975736465,1,{},{},{},{},{},[],0,0.7410014397696368,1.5149384310968002,0.759398496240603,0.01737491673034673,2.258326885388978,2.0444473516377584,1,True,True,symmetrical,0,0.01305972112601956,33.19419822723569,0.09168613946623948,0.6964088058049445,5.9897306604353755,4,4,4,0,0,0,0,1760630400000,bearish,4,1760939100000,4,bearish,1,1.6350877192982478e-06,0.0007981176205778181,True,"[{'timeframe': '1h', 'zone_kind': 'support', 'distance_to_entry_r': 0.6964088058049445, 'distance_to_target_r': 1.3035911941950555}, {'timeframe': '15m', 'zone_kind': 'support', 'distance_to_entry_r': 0.09168613946623948, 'distance_to_target_r': 1.9083138605337606}]",4h favorable zone; 1h favorable zone; 1h opposite zone before target; 15m favorable zone; 15m opposite zone before target,nested child aligned with parent,4,4,66,0.9615384615384616,-0.10948661599733565,0.9710168301889149,17.54838307459106,0.31651713487277544,441227509.2937012,-0.10948661599733565,1.1094866159973356,True,1.0,symmetrical,,,,,,,,,,,,,2.64,0.37270186792175347,1h_only,-1.019165120403884,-1.1178809972977128,-0.03282310078455186,-0.02721796573883739,-0.052483445516641636,-0.03215500154754869,-0.08044727435793608,-0.05081777097537432,-1.0365787073888126,0,bearish,0,0,0,0,-0.7961960479681559,14.09774436090226,14.0,20.0,15.0,0.0,10.0,73.09774436090225,4,short,ETH,2,2,25,18.60094118971109,17100000,152.03999999999996,symmetrical,17100000,-1.2678362573099584e-06,1,loser,True,0.09168613946623948,1.3035911941950555,"['15m', '1h']",['support']
True,bullish,0.01331468290715778,False,bearish,0.013297530533045243,0,0,0,False,bearish,0.04633271604655123,1,{},{},{},{},{},[],0,0.3991416309012805,0.45294046024593915,0.5888412017167365,0.010493479140950399,2.0577133812248913,1.134786314379631,3,True,True,ascending,0,0.001665099261816752,363.77562862668674,0.4918390272913492,0.49844710235908196,0.9015396814907811,1,1,1,0,0,0,0,1760940900000,bullish,1,1761019200000,1,neutral,1,3.191358024691403e-07,0.00020065176750221102,True,"[{'timeframe': '4h', 'zone_kind': 'resistance', 'distance_to_entry_r': 0.9015396814907811, 'distance_to_target_r': 1.0984603185092159}, {'timeframe': '1h', 'zone_kind': 'resistance', 'distance_to_entry_r': 0.49844710235908196, 'distance_to_target_r': 1.501552897640915}, {'timeframe': '15m', 'zone_kind': 'resistance', 'distance_to_entry_r': 0.4918390272913492, 'distance_to_target_r': 1.5081609727086478}]",4h favorable zone; 4h opposite zone before target; 1h favorable zone; 1h opposite zone before target; 15m favorable zone; 15m opposite zone before target,nested child aligned with parent,1,1,21,0.7924528301886793,1.3083123258590952,0.8290315027966229,20.0,0.4479219638481804,49393828.052490234,1.3083123258590952,-0.3083123258590952,True,1.0,ascending,,,,,,,,,,,,,0.40384615384615385,0.5520780361518196,1h_only,-1.0202968809936994,-0.355184675384256,0.03359187845214007,0.0195607364943704,0.016409169456799377,0.03033489979655113,-0.03669927487392943,0.008303676599412002,-1.038806610199585,0,bearish,0,0,0,0,1.4043664128631592,12.103004291845444,8.0,20.0,15.0,0.0,6.5,61.603004291845444,1,long,ETH,2,2,52,18.899674116248896,32400000,119.42000000000007,ascending,32400000,0.0,1,loser,True,0.4918390272913492,1.0984603185092159,"['15m', '1h', '4h']",['resistance']
True,bullish,0.0008506427087372123,False,bearish,0.015843761211782492,0,0,0,False,bearish,0.04879139796295738,1,{},{},{},{},{},[],0,0.8179154457932062,1.6396056219844803,0.9087484303055563,0.006815187191461806,2.2248961611076092,2.00461506188382,7,True,True,symmetrical,0,0.010627536084455127,28.01356022334494,0.22270861833105637,0.1214774281805762,2.2965800273597856,2,0,0,2,2,0,0,1761280200000,bullish,2,1761481800000,0,bearish,0,8.224444444444392e-07,0.0004502286204014148,True,"[{'timeframe': '1h', 'zone_kind': 'resistance', 'distance_to_entry_r': 0.1214774281805762, 'distance_to_target_r': 1.8785225718194238}, {'timeframe': '15m', 'zone_kind': 'resistance', 'distance_to_entry_r': 0.22270861833105637, 'distance_to_target_r': 1.7772913816689437}]",4h favorable zone; 1h favorable zone; 1h opposite zone before target; 15m favorable zone; 15m opposite zone before target,nested child aligned with parent,2,0,,,,,,,,,,,,,52,1.0,0.5236920606890512,1.0,18.72079677949445,0.2623642500733784,1706648692.4904785,0.5236920606890512,0.4763079393109489,True,1.0,symmetrical,0.9285714285714286,0.23185720575286156,4h_only,1.806427457341843,0.21900919076440317,0.013630434126566948,0.01275719705679057,-0.009829794692651883,0.005951594331907506,-0.05593782419877491,-0.010352572232837809,1.8411113433099455,2,bearish,1,0,0,0,1.6291631469546886,14.657806613645835,14.0,20.0,0.0,0.0,10.0,58.65780661364583,2,long,ETH,2,2,56,17.77488568979929,45000000,126.38999999999987,symmetrical,45000000,-8.491111111111119e-07,2,winner,True,0.1214774281805762,1.7772913816689437,"['15m', '1h']",['resistance']
True,bullish,0.010320626804127058,True,bullish,0.025382165202298072,0,0,0,False,bearish,0.02419409857481898,1,{},{},{},{},{},[],0,0.39635416666665335,0.4319936421434849,0.8562499999999873,0.00588420379022283,1.3734436497123537,1.0899182561307736,4,True,True,descending,0,0.02425260460601446,5.123601169472636,0.8452722063037434,0.1765483799867824,1.521049151421668,1,1,1,0,0,0,0,1761615900000,bullish,2,1761619500000,2,bullish,1,0.0,0.0,True,"[{'timeframe': '4h', 'zone_kind': 'resistance', 'distance_to_entry_r': 1.521049151421668, 'distance_to_target_r': 0.47895084857833203}, {'timeframe': '1h', 'zone_kind': 'resistance', 'distance_to_entry_r': 0.1765483799867824, 'distance_to_target_r': 1.8234516200132176}, {'timeframe': '15m', 'zone_kind': 'resistance', 'distance_to_entry_r': 0.8452722063037434, 'distance_to_target_r': 1.1547277936962566}]",4h favorable zone; 4h opposite zone before target; 1h favorable zone; 1h opposite zone before target; 15m favorable zone; 15m opposite zone before target,nested child aligned with parent,2,1,47,0.5333333333333333,0.15199399289968524,0.8067687439716231,17.27915328633164,0.6763507528786539,45429963.33154297,0.15199399289968524,0.8480060071003148,True,1.0,symmetrical,,,,,,,,,,,,,1.6206896551724137,0.41638618246235687,1h_only,-1.1106079549761738,0.29747752971874997,0.00746617268254357,-0.0029013424660401244,0.02841443997725568,0.0022522630746868444,0.004238577869574822,0.029245799895745384,-1.1298517392210459,0,neutral,0,0,0,0,2.142578855197647,13.089062499999873,8.0,20.0,15.0,0.0,10.0,66.08906249999987,1,long,ETH,2,2,29,20.0,21600000,141.0300000000002,descending,21600000,-4.592129629629653e-06,0,loser,True,0.1765483799867824,0.47895084857833203,"['15m', '1h', '4h']",['resistance']
False,bullish,0.008298221303175198,False,bullish,0.0251331168260175,0,0,0,True,bearish,0.02419409857481898,1,{},{},{},{},{},[],0,0.7736612702366125,1.5049205147615328,0.9287048567870495,0.005241272084114608,1.2984102952308838,1.9451930355790923,1,True,True,descending,0,0.01851277843619898,11.300065659881852,0.21803347868898534,0.9476719651146399,5.020818680545781,2,2,2,0,0,0,0,1761621300000,neutral,2,1761657300000,2,bullish,1,0.0,0.0,True,"[{'timeframe': '1h', 'zone_kind': 'support', 'distance_to_entry_r': 0.9476719651146399, 'distance_to_target_r': 1.05232803488536}, {'timeframe': '15m', 'zone_kind': 'support', 'distance_to_entry_r': 0.21803347868898534, 'distance_to_target_r': 1.7819665213110147}]",4h favorable zone; 1h favorable zone; 1h opposite zone before target; 15m favorable zone; 15m opposite zone before target,nested child aligned with parent,2,2,49,0.9444444444444444,-0.11668182370904123,0.9678481353300066,18.396859938396304,0.5836138175376431,91412353.9230957,-0.11668182370904123,1.1166818237090412,True,1.0,symmetrical,,,,,,,,,,,,,1.4,0.41638618246235687,1h_only,-1.0647682785918844,-0.036317671722782,-0.008845362837679671,-0.01693092950601527,0.02290622907690154,-0.0027323472520663916,0.004238577869574822,0.029245799895745384,-1.0844430470613962,0,neutral,0,0,0,0,-0.6228936664729728,14.732643212951437,14.0,20.0,0.0,0.0,10.0,58.73264321295144,2,short,ETH,2,2,35,20.0,27000000,141.0300000000002,descending,27000000,-3.3844444444444484e-06,0,loser,True,0.21803347868898534,1.05232803488536,"['15m', '1h']",['support']
False,bullish,0.0011841974797722377,False,bullish,0.021900157883483092,0,0,0,True,bearish,0.020597740041526293,1,{},{},{},{},{},[],0,0.6222578919208052,0.9261028826246163,0.6583734617442376,0.006650608101291922,1.0762064022933533,1.4882943143812817,2,True,True,descending,0,0.0039377122558651,170.74514663362208,0.5743717254240341,0.31489210549684876,2.8862445608738247,2,2,2,0,0,0,0,1761681600000,neutral,2,1761827400000,4,bullish,2,0.0,0.0019596719005300044,True,"[{'timeframe': '1h', 'zone_kind': 'support', 'distance_to_entry_r': 0.31489210549684876, 'distance_to_target_r': 1.6851078945031512}, {'timeframe': '15m', 'zone_kind': 'support', 'distance_to_entry_r': 0.5743717254240341, 'distance_to_target_r': 1.4256282745759659}]",4h favorable zone; 1h favorable zone; 1h opposite zone before target; 15m favorable zone; 15m opposite zone before target,nested child aligned with parent,2,2,38,0.9473684210526315,-0.2385043168202119,0.9661824588352602,18.847713917238618,0.4182078321233642,143669285.35229492,-0.2385043168202119,1.238504316820212,True,1.0,descending,,,,,,,,,,,,,0.6785714285714286,0.5817921678766358,1h_only,1.8588907041038216,0.047802261863119866,-0.01740535537082999,-0.018547360022290404,0.004523098582875917,-0.017099930828212484,-0.015418556415111584,0.0049622310118395685,1.895294591039343,0,bearish,0,0,0,0,-0.32694363941611976,13.70244783306572,14.0,20.0,0.0,0.0,10.0,57.70244783306572,2,short,ETH,2,2,56,18.020164049734998,45000000,109.78999999999996,descending,45000000,-5.380000000000008e-07,1,winner,True,0.31489210549684876,1.4256282745759659,"['15m', '1h']",['support']
True,bearish,0.017655063963520515,True,bearish,0.005612694327332999,0,0,0,True,bearish,0.023715111424980926,1,{},{},{},{},{},[],0,0.8981155518740924,2.629361302252257,1.0,0.006962982273201261,1.6193276546727704,2.9276425475158336,0,True,True,descending,0,0.00552971391136043,55.52138712724309,,0.13088026325630092,0.7258245456585158,2,2,2,0,0,0,0,1761828300000,bearish,2,1762234200000,5,bearish,3,0.0,0.0,True,"[{'timeframe': '4h', 'zone_kind': 'support', 'distance_to_entry_r': 0.7258245456585158, 'distance_to_target_r': 1.274175454341484}, {'timeframe': '1h', 'zone_kind': 'support', 'distance_to_entry_r': 0.13088026325630092, 'distance_to_target_r': 1.8691197367436991}]",4h favorable zone; 4h opposite zone before target; 1h favorable zone; 1h opposite zone before target; 15m favorable zone,nested child aligned with parent,2,2,22,0.9733333333333334,-0.20911243882534455,0.9907702560155186,16.98758978990285,0.4219051091089012,45190865.32519531,-0.20911243882534455,1.2091124388253445,True,1.0,descending,,,,,,,,,,,,,0.2972972972972973,0.9432321233269096,1h_only,1.8888792400474548,-0.26541683834637797,-0.04096104881652296,-0.02444302143855992,-0.02965607207927079,-0.024342402881695424,-0.050548532766403365,-0.028677907146588133,1.9222272254666177,0,bearish,0,0,0,0,-0.3440429291149526,15.0,10.0,20.0,15.0,0.0,10.0,70.0,2,short,ETH,2,2,74,20.0,47700000,181.11000000000013,descending,47700000,-1.553668763102728e-06,0,winner,True,0.13088026325630092,1.274175454341484,"['1h', '4h']",['support']
False,bearish,0.007923222701979309,False,bearish,0.06891676174589587,0,0,0,False,bearish,0.0809873306158387,1,{},{},{},{},{},[],0,0.7692990239574168,1.0718259364569274,0.9050576752440161,0.0071089907127341615,1.4847323525776037,1.3932500927185065,4,True,True,descending,0,0.02438222194043345,7.126279863481159,1.036302895322932,10.03541202672603,8.04543429844096,1,1,1,0,0,0,0,1762428600000,bearish,1,1762432200000,2,bearish,2,0.0,0.0,True,"[{'timeframe': '15m', 'zone_kind': 'resistance', 'distance_to_entry_r': 1.036302895322932, 'distance_to_target_r': 0.9636971046770679}]",4h favorable zone; 15m favorable zone; 15m opposite zone before target,nested child aligned with parent,1,1,37,0.9629629629629629,0.41549488651262995,0.9993686205473149,15.427700681286527,0.8082547169811316,1275284.5053710938,0.41549488651262995,0.5845051134873701,True,1.0,symmetrical,,,,,,,,,,,,,1.4230769230769231,0.2289150943396225,1h_only,-1.0914287354321361,0.07404761904762214,-0.006262858504183955,0.0016235251639495907,-0.0732607724621741,-0.010033739449478718,-0.14243450785802403,-0.07842965985451256,-1.1085668896999261,0,bearish,0,0,0,0,2.150383141762492,14.643966282165062,14.0,20.0,0.0,0.0,10.0,58.64396628216506,1,long,ETH,2,2,26,20.0,18900000,97.05999999999995,descending,18900000,-3.255555555555566e-06,0,loser,True,1.036302895322932,0.9636971046770679,['15m'],['resistance']
True,bearish,0.009511279853557932,True,bearish,0.06675787857931274,0,0,0,True,bearish,0.09191802102830927,1,{},{},{},{},{},[],0,0.7408301158301406,1.1041179643949184,0.7611003861003925,0.008260902977771174,1.992151221215009,1.4903794281603875,4,True,True,ascending,0,0.016531075930812118,4.27887386388818,0.15094339622640843,1.1522752497225226,8.744950055493861,1,1,1,0,0,0,0,1762506900000,bearish,1,1762514100000,2,bearish,2,2.9483660130719036e-06,0.0,True,"[{'timeframe': '1h', 'zone_kind': 'support', 'distance_to_entry_r': 1.1522752497225226, 'distance_to_target_r': 0.8477247502774774}, {'timeframe': '15m', 'zone_kind': 'support', 'distance_to_entry_r': 0.15094339622640843, 'distance_to_target_r': 1.8490566037735916}]",4h favorable zone; 1h favorable zone; 1h opposite zone before target; 15m favorable zone; 15m opposite zone before target,nested child aligned with parent,1,1,36,1.0,0.36392744244101555,1.0,17.038001052122354,0.3963247863247854,130220314.85864258,0.36392744244101555,0.6360725575589845,True,1.0,symmetrical,,,,,,,,,,,,,1.2,0.38871794871794885,1h_only,1.7587921498024628,0.10953222735925228,-0.013619395647077148,-0.004277786768621339,-0.07115031130550475,-0.009746646994609365,-0.14053113047336496,-0.06680835843851662,1.7883921270495977,0,bearish,0,0,0,0,-2.439280903533426,14.104126447876471,14.0,20.0,15.0,0.0,10.0,73.10412644787647,1,short,ETH,2,2,30,20.0,15300000,90.96000000000004,ascending,15300000,0.0,0,winner,True,0.15094339622640843,0.8477247502774774,"['15m', '1h']",['support']
True,bearish,0.01309528638644583,True,bearish,0.06812212072473474,0,0,0,True,bearish,0.09191802102830927,1,{},{},{},{},{},[],0,0.6341743119266087,1.3761781814788259,0.806766055045876,0.043161988377548394,9.066951632116456,2.1700314181727487,1,True,True,ascending,0,0.01271621225447086,-4.72112613611182,,,2.153580920910855,1,1,1,0,0,0,0,1762515000000,bearish,1,1762535700000,3,bearish,3,2.9483660130719036e-06,0.0,False,[],4h favorable zone; 1h favorable zone; 15m favorable zone,nested child aligned with parent,1,1,38,0.9,-0.33338665600213,0.9489176110974628,17.395160795869423,0.5856410256410255,62454640.98071289,-0.33338665600213,1.3333866560021301,True,1.0,symmetrical,,,,,,,,,,,,,0.9743589743589743,0.38871794871794885,1h_only,-1.0200879602525674,-0.41888638073738504,-0.03930629502301286,-0.027066244315517185,-0.0866556079994899,-0.026057949502271027,-0.14053113047336496,-0.06680835843851662,-1.035404045296182,0,bearish,0,0,0,0,-145737647058823.78,14.275372706422035,20.0,20.0,15.0,0.0,10.0,79.27537270642203,1,short,ETH,2,2,39,20.0,15300000,90.96000000000004,ascending,15300000,0.0,0,loser,False,,,[],[]
True,bullish,0.0007453221772616348,False,bearish,0.03676458885866817,0,0,0,False,bearish,0.09578316409212739,1,{},{},{},{},{},[],0,0.47222222222224697,0.44710887642623753,0.6217320261438123,0.009330147558447693,2.4462460764916933,0.9468187971378651,4,False,True,descending,0,0.006230207985710138,45.232177263969106,0.3920873929731304,0.7555358724534936,5.0639208739297095,6,6,6,0,0,0,0,1762675200000,bullish,7,1762698600000,7,bearish,1,0.0,0.0,True,"[{'timeframe': '1h', 'zone_kind': 'resistance', 'distance_to_entry_r': 0.7555358724534936, 'distance_to_target_r': 1.2444641275465065}, {'timeframe': '15m', 'zone_kind': 'resistance', 'distance_to_entry_r': 0.3920873929731304, 'distance_to_target_r': 1.6079126070268697}]",4h favorable zone; 1h favorable zone; 1h opposite zone before target; 15m favorable zone; 15m opposite zone before target,nested child acceptable with parent,7,6,27,0.963855421686747,0.9256469382526282,0.9853272141599316,20.0,0.5535884117345822,48769604.86328125,0.9256469382526282,0.07435306174737173,True,1.0,descending,,,,,,,,,,,,,0.32926829268292684,0.743214573121663,1h_only,1.820611818570285,0.1583446114395729,0.008011832541113595,0.0072550882661872595,-0.028179472785340387,0.007828822053832285,-0.11075517238770372,-0.027962157012742406,1.8498627042940972,0,bearish,0,0,0,0,1.8756150028753473,12.664828431372777,14.0,14.0,0.0,0.0,10.0,50.664828431372776,6,long,ETH,2,2,82,20.0,58500000,101.59000000000015,descending,58500000,-8.871794871794887e-07,0,winner,True,0.3920873929731304,1.2444641275465065,"['15m', '1h']",['resistance']
False,bullish,0.021364997241261525,True,bearish,0.0027027864742827958,0,0,0,True,bearish,0.0822488967419805,1,{},{},{},{},{},[],0,0.7516291193446261,2.756760447965033,0.7775088437907315,0.013256921138601151,3.247746517344988,3.667713739415467,6,True,True,descending,0,0.009410526617221707,47.95930011411201,0.48321149795564344,1.673522487919714,2.3106182629166114,4,4,4,0,0,0,0,1762786800000,bullish,4,1762823700000,4,neutral,1,0.0,0.0,True,"[{'timeframe': '1h', 'zone_kind': 'support', 'distance_to_entry_r': 1.673522487919714, 'distance_to_target_r': 0.3264775120802862}, {'timeframe': '15m', 'zone_kind': 'support', 'distance_to_entry_r': 0.48321149795564344, 'distance_to_target_r': 1.5167885020443566}]",4h favorable zone; 1h favorable zone; 1h opposite zone before target; 15m favorable zone; 15m opposite zone before target,nested child aligned with parent,4,4,28,0.9583333333333334,-0.0019830620511936885,0.9881177350372478,15.51846963335466,0.7063723899166934,12818624.59790039,-0.0019830620511936885,1.0019830620511936,True,1.0,symmetrical,,,,,,,,,,,,,0.5957446808510638,0.2143604168920627,1h_only,-1.0504516972622564,-0.2037622272385362,0.005398474710762491,-0.015743681367833884,0.0026917482732058406,0.005416488987641133,-0.05724958693367033,0.021996182418424493,-1.065358028340199,0,bearish,0,0,0,0,-1.5842645834159392,14.165658164215243,14.0,20.0,15.0,0.0,10.0,73.16565816421524,4,short,ETH,2,2,47,20.0,37800000,59.440000000000055,descending,37800000,-6.955026455026445e-07,0,loser,True,0.48321149795564344,0.3264775120802862,"['15m', '1h']",['support']
True,bullish,0.009443077612709934,False,bearish,0.00018966358851851034,0,0,0,False,bearish,0.08038439095110958,1,{},{},{},{},{},[],0,0.4796663190823762,1.4530521993208552,0.4932221063607947,0.009961788488537958,1.878964963542086,3.029297954671095,5,True,True,ascending,0,0.008201284143421358,55.655973965598264,0.01763031099430212,0.3862242663162497,1.5954883924660486,4,4,4,0,0,0,0,1762824600000,bullish,4,1762868700000,8,neutral,2,9.559999999999894e-07,0.0,True,"[{'timeframe': '4h', 'zone_kind': 'resistance', 'distance_to_entry_r': 1.5954883924660486, 'distance_to_target_r': 0.40451160753395143}, {'timeframe': '1h', 'zone_kind': 'resistance', 'distance_to_entry_r': 0.3862242663162497, 'distance_to_target_r': 1.6137757336837504}, {'timeframe': '15m', 'zone_kind': 'resistance', 'distance_to_entry_r': 0.01763031099430212, 'distance_to_target_r': 1.9823696890056979}]",4h favorable zone; 4h opposite zone before target; 1h favorable zone; 1h opposite zone before target; 15m favorable zone; 15m opposite zone before target,nested child aligned with parent,4,4,45,0.9714285714285714,0.9008917314561867,0.9913647432949698,16.738550623958133,0.5859058620460734,61740275.33862305,0.9008917314561867,0.09910826854381331,True,1.0,symmetrical,,,,,,,,,,,,,1.3235294117647058,0.25605789019451575,1h_only,-1.0414014692852964,-0.07431473189910487,0.02437438328688013,0.01456029119077673,0.014551860274931716,0.014747121514912864,-0.06633788525795681,0.009421041912603512,-1.0573057832013857,0,bearish,0,0,0,0,1.7453055564836741,12.227580813347236,8.0,20.0,15.0,0.0,10.0,65.22758081334723,4,long,ETH,2,2,34,20.0,22500000,77.13999999999987,ascending,22500000,0.0,0,loser,True,0.01763031099430212,0.40451160753395143,"['15m', '1h', '4h']",['resistance']
False,bullish,0.004829454061941916,False,bullish,0.0021659369563020933,0,0,0,True,bearish,0.07695770270230427,1,{},{},{},{},{},[],0,0.6195341234164309,1.9958529440805828,0.8571720474049903,0.005287828904692626,1.235594004264855,3.2215383602672594,4,False,True,symmetrical,0,0.012529573002324122,22.396107136915816,0.03531688437348157,2.0328979196903645,0.41025641025640236,4,4,4,0,0,0,0,1762869600000,neutral,4,1762897500000,12,neutral,3,5.175438596491174e-07,0.0,True,"[{'timeframe': '4h', 'zone_kind': 'support', 'distance_to_entry_r': 0.41025641025640236, 'distance_to_target_r': 1.5897435897435976}, {'timeframe': '15m', 'zone_kind': 'support', 'distance_to_entry_r': 0.03531688437348157, 'distance_to_target_r': 1.9646831156265185}]",4h favorable zone; 4h opposite zone before target; 1h favorable zone; 15m favorable zone; 15m opposite zone before target,nested child acceptable with parent,4,4,36,0.9782608695652174,0.026420684082948027,0.9979376230853194,17.290603736703456,0.15250901935060693,551349677.4194336,0.026420684082948027,0.9735793159170519,True,1.0,ascending,,,,,,,,,,,,,0.8,0.6993112495900282,1h_only,1.8063200854899777,-0.09350237717907883,-0.004201731062935865,-0.00896776562013013,-0.0015118938722312736,-0.0036666264868887577,-0.06297763488585573,0.009843262056259183,1.8358473110244151,0,bearish,0,0,0,0,-0.5298351693247078,14.431599918267297,12.0,14.0,15.0,0.0,10.0,65.4315999182673,4,short,ETH,2,2,45,20.0,34200000,106.60999999999967,symmetrical,34200000,-1.2400584795321595e-06,0,winner,True,0.03531688437348157,1.5897435897435976,"['15m', '4h']",['support']
False,bearish,0.01209142531785077,False,bearish,0.01095723018817751,0,0,0,False,bearish,0.07955902921866792,1,{},{},{},{},{},[],0,0.37559808612439166,0.6107591419361917,0.37593984962405735,0.0055506405803806376,1.0473461123677894,1.626097588084937,5,True,True,symmetrical,0,0.019824821331460678,0.4034235109886595,0.8245541269183069,0.007465781833276379,9.681459975114196,1,0,0,1,1,0,0,1762994700000,bearish,4,1763003700000,0,bearish,0,6.009009009009074e-07,0.0014409045832355872,True,"[{'timeframe': '1h', 'zone_kind': 'resistance', 'distance_to_entry_r': 0.007465781833276379, 'distance_to_target_r': 1.9925342181667236}, {'timeframe': '15m', 'zone_kind': 'resistance', 'distance_to_entry_r': 0.8245541269183069, 'distance_to_target_r': 1.175445873081693}]",4h favorable zone; 1h favorable zone; 1h opposite zone before target; 15m favorable zone; 15m opposite zone before target,nested child aligned with parent,4,0,,,,,,,,,,,,,25,0.5681818181818182,0.04532244690248946,0.8570105059182478,20.0,0.1631494305687749,1302590223.295166,0.04532244690248946,0.9546775530975106,True,1.0,ascending,0.5813953488372093,0.7129869703633193,4h_only,-1.1803343612970512,0.20481867611113747,-0.017458154988275854,-0.005644886772895541,-0.028227945103176943,-0.017769220424170173,-0.09719482446897332,-0.027331652708314946,-1.1974305373075074,12,bearish,3,0,0,0,10.333422567262609,11.163362952836565,14.0,20.0,0.0,0.0,10.0,55.163362952836565,1,long,ETH,2,2,43,17.279547708382207,33300000,217.23999999999978,symmetrical,33300000,-4.960360360360355e-06,2,loser,True,0.007465781833276379,1.175445873081693,"['15m', '1h']",['resistance']
False,bearish,0.009943212119957048,False,bearish,0.011825591600093908,0,0,0,False,bearish,0.0783964744765869,1,{},{},{},{},{},[],0,0.3976929414995901,0.5996852480742159,0.9277670969513961,0.010825445661475452,1.5371913060795162,1.5079102128716908,3,True,True,symmetrical,0,0.013142550724075882,5.739830404325971,0.04122257053290983,0.10078369905955828,2.8485893416927786,1,0,0,1,1,0,0,1763007300000,bearish,3,1763044200000,0,bearish,0,7.565011820330969e-07,0.0023889747747067457,True,"[{'timeframe': '1h', 'zone_kind': 'resistance', 'distance_to_entry_r': 0.10078369905955828, 'distance_to_target_r': 1.8992163009404417}, {'timeframe': '15m', 'zone_kind': 'resistance', 'distance_to_entry_r': 0.04122257053290983, 'distance_to_target_r': 1.95877742946709}]",4h favorable zone; 1h favorable zone; 1h opposite zone before target; 15m favorable zone; 15m opposite zone before target,nested child aligned with parent,3,0,,,,,,,,,,,,,26,0.7413793103448276,0.2496018471472636,0.9003854709769998,20.0,0.1631494305687749,1288190223.295166,0.2496018471472636,0.7503981528527364,True,1.0,ascending,0.45614035087719296,0.7129869703633193,4h_only,-1.0616873773217232,-0.418469551282048,-0.0011655046969897276,0.008854053688088115,-0.016535530558228206,-0.004963203692384122,-0.08638726512991046,-0.015902229222522157,-1.0783563057639753,9,bearish,3,0,0,0,2.8675730649823477,13.365284262565277,14.0,20.0,0.0,0.0,10.0,57.365284262565275,1,long,ETH,2,2,57,16.805512612646627,42300000,217.23999999999978,symmetrical,42300000,-3.0907801418439667e-06,2,loser,True,0.04122257053290983,1.8992163009404417,"['15m', '1h']",['resistance']
True,bearish,0.00031318964622643886,True,bearish,0.008549784069723981,0,0,0,True,bearish,0.07559930105128639,1,{},{},{},{},{},[],0,0.532928538066321,1.1668754634009,0.6555347968239117,0.01985323741007188,3.5277273540766374,2.189553345435006,2,True,True,descending,0,0.02189285714285717,6.257748776508947,0.1285879406665421,0.010402619919094443,0.028799845887114667,2,2,2,0,0,0,0,1763045100000,bearish,2,1763059500000,6,bearish,3,0.0,0.0,True,"[{'timeframe': '4h', 'zone_kind': 'support', 'distance_to_entry_r': 0.028799845887114667, 'distance_to_target_r': 1.9712001541128854}, {'timeframe': '1h', 'zone_kind': 'support', 'distance_to_entry_r': 0.010402619919094443, 'distance_to_target_r': 1.9895973800809055}, {'timeframe': '15m', 'zone_kind': 'support', 'distance_to_entry_r': 0.1285879406665421, 'distance_to_target_r': 1.871412059333458}]",4h favorable zone; 4h opposite zone before target; 1h favorable zone; 1h opposite zone before target; 15m favorable zone; 15m opposite zone before target,nested child aligned with parent,2,2,49,1.0,0.18400613183444176,1.0,18.529509294598835,0.12556053811659193,1052871428.5715332,0.18400613183444176,0.8159938681655582,True,1.0,descending,,,,,,,,,,,,,1.75,0.40358744394618834,1h_only,1.8733936970838512,-0.37957048123136405,-0.02096115818363331,-0.020660868490380624,-0.020604761952696893,-0.012334427933828107,-0.07225079313949345,-0.0022730251504164967,1.9048608672879515,0,bearish,0,0,0,0,-4.196472019464693,13.155826716487594,8.0,20.0,15.0,0.0,10.0,66.1558267164876,2,short,ETH,2,2,28,20.0,18900000,90.0,descending,18900000,-2.9190476190476227e-06,0,winner,True,0.010402619919094443,1.871412059333458,"['15m', '1h', '4h']",['support']
True,bearish,0.021460684771741026,True,bearish,0.0510962360675294,0,0,0,True,bearish,0.09922079514279793,1,{},{},{},{},{},[],0,0.6758946657663606,0.822886267417466,0.7846049966238983,0.003940406803805622,1.0292774188244733,1.2174770849603311,4,True,True,ascending,0,0.020427798982188303,6.153886077591778,0.28253055355859386,,8.410855499640505,2,2,2,0,0,0,0,1763194500000,bearish,3,1763214300000,6,bearish,2,2.7623655913978554e-06,0.0,True,"[{'timeframe': '15m', 'zone_kind': 'support', 'distance_to_entry_r': 0.28253055355859386, 'distance_to_target_r': 1.7174694464414062}]",4h favorable zone; 1h favorable zone; 15m favorable zone; 15m opposite zone before target,nested child aligned with parent,3,2,19,1.0,0.7112020227847367,1.0,16.400520513350934,0.44240489491885987,50060132.291015625,0.7112020227847367,0.2887979772152634,True,1.0,symmetrical,,,,,,,,,,,,,0.5277777777777778,0.5575951050811401,1h_only,-1.1453866207872367,0.16315590788976753,-0.022639273034054885,-0.001700101913781893,-0.06641068748990775,-0.019644906600941092,-0.1449951637541288,-0.06573771438533993,-1.1624113112528875,0,bearish,0,0,0,0,-0.8183773298473366,12.60287894304812,18.0,20.0,15.0,0.0,10.0,75.60287894304813,2,short,ETH,2,2,36,20.0,27900000,104.80000000000018,ascending,27900000,0.0,0,loser,True,0.28253055355859386,1.7174694464414062,['15m'],['support']
False,bearish,0.017741164964826063,False,bearish,0.0516079685696117,0,0,0,False,bearish,0.10127110272131315,1,{},{},{},{},{},[],0,0.573770491803279,1.2020450376614809,0.7686289120715349,0.00820712018901318,2.027716913561655,2.0949927799242944,5,True,True,symmetrical,0,0.017976278724981525,11.282971916103634,1.2782495101241071,4.855432179403462,9.933594600479026,4,4,4,0,0,0,0,1763215200000,bearish,4,1763253000000,4,bearish,1,6.719576719576864e-07,0.0,True,"[{'timeframe': '15m', 'zone_kind': 'resistance', 'distance_to_entry_r': 1.2782495101241071, 'distance_to_target_r': 0.7217504898758927}]",4h favorable zone; 15m favorable zone; 15m opposite zone before target,nested child aligned with parent,4,4,25,0.9666666666666667,0.902038528802066,0.9949170535748411,16.492720463544593,0.6800212822559171,12279039.198730469,0.902038528802066,0.09796147119793394,True,1.0,symmetrical,,,,,,,,,,,,,0.8620689655172413,0.28709763234902946,1h_only,-1.08241088293385,0.13921568627450387,-0.00969058732925332,0.008019552796231233,-0.05774201184375782,-0.009579839856782013,-0.15011441897175737,-0.07007701728135507,-1.0997779148086768,0,bearish,0,0,0,0,2.7188317212262714,13.824981371087931,14.0,20.0,0.0,0.0,10.0,57.82498137108793,4,long,ETH,2,2,29,20.0,18900000,53.960000000000036,symmetrical,18900000,-8.164021164021077e-07,0,loser,True,1.2782495101241071,0.7217504898758927,['15m'],['resistance']
True,bearish,0.019500297479542544,True,bearish,0.04891538514277272,0,0,0,True,bearish,0.12885634250397895,1,{},{},{},{},{},[],0,0.4583645911477741,0.33673188206116766,0.26931732933234087,0.061641244479163776,5.126645693640722,0.7346376412234845,0,True,True,ascending,0,0.007173302393746934,23.777730484379163,,,,2,2,2,0,0,0,0,1763661600000,bearish,2,1764207900000,2,bearish,1,1.8128086419753056e-06,0.0,False,[],4h favorable zone; 1h favorable zone; 15m favorable zone,nested child aligned with parent,2,2,22,0.8,-1.6216885799807752,0.8757888724367553,17.6359668267132,0.6972105263157884,10141798.143066406,-1.6216885799807752,2.621688579980775,True,1.0,symmetrical,,,,,,,,,,,,,0.24719101123595505,0.968421052631579,1h_only,-1.002562827390054,-0.15268715150076528,-0.0621286180964753,-0.04465656076277391,-0.1031626405721705,-0.06201399673042951,-0.16575956301766093,-0.06527978363464615,-1.0197702364948598,0,bearish,0,0,0,0,-4.795737459588903,8.260127531882922,20.0,20.0,15.0,0.0,10.0,73.26012753188292,2,short,ETH,2,2,89,20.0,64800000,184.0,ascending,64800000,0.0,0,loser,False,,,[],[]
True,bullish,0.006253554895688523,True,bullish,0.012002849735799511,0,0,0,False,bearish,0.11340085994650144,1,{},{},{},{},{},[],0,0.7122961956521735,4.223564954682768,0.7216372282608723,0.014410539792794932,4.382790645630513,5.929506545820732,5,True,True,descending,0,0.008536488525371222,58.58139534883742,,2.231995525101373,2.5855125157320558,3,3,3,0,0,0,0,1764320400000,bullish,3,1764397800000,6,bullish,2,0.0,0.0,False,[],1h favorable zone; 15m favorable zone,nested child aligned with parent,3,3,44,0.98,1.3519130535695318,0.9876519097222223,18.36158241991182,0.7189874801815093,23260527.716552734,1.3519130535695318,-0.3519130535695319,True,1.0,symmetrical,,,,,,,,,,,,,0.8979591836734694,0.2810125198184907,1h_only,-1.042952512135478,-0.5376948632762473,0.0220995906962278,0.015608071811868296,0.03447503768011706,0.02178785708586961,-0.09073301295236003,0.013801768540868231,-1.0619360772573976,0,bearish,0,0,0,0,2.5549424374751815,13.95613960597827,14.0,20.0,15.0,0.0,10.0,72.95613960597828,3,long,ETH,2,2,49,20.0,40500000,51.40000000000009,descending,40500000,-5.308641975308642e-07,0,loser,False,,,[],[]
False,bearish,0.0009119144899981828,True,bullish,0.007628956203352739,0,0,0,False,bearish,0.09461371796491305,1,{},{},{},{},{},[],0,0.7489878542510157,2.3610323312535737,0.8708951866846654,0.004292871442942756,1.8335224049915453,3.152297220646649,10,True,True,ascending,0,0.006291221937873155,72.06366267052624,0.07616707616707342,0.4570024570024517,5.493857493857455,4,4,4,0,0,0,0,1764506700000,neutral,5,1764547200000,10,bullish,2,3.952614379084902e-07,0.0004303030906682753,True,"[{'timeframe': '1h', 'zone_kind': 'resistance', 'distance_to_entry_r': 0.4570024570024517, 'distance_to_target_r': 1.5429975429975482}, {'timeframe': '15m', 'zone_kind': 'resistance', 'distance_to_entry_r': 0.07616707616707342, 'distance_to_target_r': 1.9238329238329266}]",1h favorable zone; 1h opposite zone before target; 15m favorable zone; 15m opposite zone before target,nested child aligned with parent,5,4,45,0.9333333333333333,1.2748100279275218,0.9765024841446582,18.218030427771858,0.7268148787682577,17665373.193359375,1.2748100279275218,-0.2748100279275218,True,1.0,symmetrical,,,,,,,,,,,,,0.6081081081081081,0.3738398445931338,1h_only,-1.0855898041524052,0.18364455891821585,0.006577635539086968,0.00750243485070734,0.00658534281693135,-0.0010855167827675816,-0.08055008942217068,0.007056333738724607,-1.1065245010654425,0,bearish,0,0,0,0,1.5043769575842523,13.455164114481608,8.0,20.0,15.0,0.0,10.0,66.4551641144816,4,long,ETH,2,2,74,18.784848454665863,61200000,51.95999999999958,ascending,61200000,0.0,1,loser,True,0.07616707616707342,1.5429975429975482,"['15m', '1h']",['resistance']
False,bullish,0.0017232503993938422,False,bullish,0.008894178667893467,0,0,0,True,bearish,0.09117491680037135,1,{},{},{},{},{},[],0,0.7573856738162689,7.172215568862366,0.8466208012950239,0.03335969480380601,9.638802395209687,9.469700598802513,4,True,True,symmetrical,0,0.012075074986767012,21.984474885844975,0.03450850269597552,0.4294483616756525,,2,2,2,0,0,0,0,1764548100000,neutral,2,1764727200000,2,bullish,1,4.3253968253968015e-07,0.0,True,"[{'timeframe': '1h', 'zone_kind': 'support', 'distance_to_entry_r': 0.4294483616756525, 'distance_to_target_r': 1.5705516383243476}, {'timeframe': '15m', 'zone_kind': 'support', 'distance_to_entry_r': 0.03450850269597552, 'distance_to_target_r': 1.9654914973040245}]",4h favorable zone; 1h favorable zone; 1h opposite zone before target; 15m favorable zone; 15m opposite zone before target,nested child aligned with parent,2,2,57,0.98,-0.7298232973509216,0.9850263051396196,18.59610834006694,0.43729764731275517,178121816.3869629,-0.7298232973509216,1.7298232973509216,True,1.0,symmetrical,,,,,,,,,,,,,1.163265306122449,0.39945319807180424,1h_only,-1.0160835480591879,-0.4608039608629042,-0.03243335023171767,-0.034043946346076215,0.0008414550182180847,-0.00798909150295668,-0.08208133087467351,0.0017568611575615733,-1.0368251470331225,0,bearish,0,0,0,0,-5.850828729281713,14.424828004856339,14.0,20.0,0.0,0.0,10.0,58.42482800485634,2,short,ETH,2,2,49,20.0,37800000,55.51999999999998,symmetrical,37800000,-4.365079365079365e-07,0,loser,True,0.03450850269597552,1.5705516383243476,"['15m', '1h']",['support']
True,bullish,0.011443164249612796,True,bullish,0.03152567465275015,0,0,0,False,bearish,0.060292274297847656,1,{},{},{},{},{},[],0,0.7196858124693143,1.1119117145132467,0.7363770250368228,0.004081930632572324,0.9753877659372876,1.5449960180514966,6,True,True,ascending,0,0.030138532181492792,-0.4974176888315469,1.2106126914660909,1.6381291028446379,2.077133479212258,2,2,2,0,0,0,0,1764898200000,bullish,2,1764926100000,6,bullish,3,4.049673202614381e-06,0.0,True,"[{'timeframe': '1h', 'zone_kind': 'resistance', 'distance_to_entry_r': 1.6381291028446379, 'distance_to_target_r': 0.3618708971553621}, {'timeframe': '15m', 'zone_kind': 'resistance', 'distance_to_entry_r': 1.2106126914660909, 'distance_to_target_r': 0.789387308533909}]",1h favorable zone; 1h opposite zone before target; 15m favorable zone; 15m opposite zone before target,nested child aligned with parent,2,2,64,1.0,0.6192880030610262,1.0,18.751553444034975,0.6449517081997953,95326982.62451172,0.6192880030610262,0.38071199693897384,True,1.0,symmetrical,,,,,,,,,,,,,2.6666666666666665,0.18675736368194965,1h_only,-1.0998302527282653,0.2740541955753347,0.016220956296692624,0.004539385450100353,0.04398447120755011,0.0107193575556086,-0.0221673644906335,0.039093155420514725,-1.1234462140024555,0,bearish,0,0,0,0,11047058823529.37,12.63430979274653,8.0,20.0,15.0,0.0,10.0,65.63430979274654,2,long,ETH,2,2,24,20.0,15300000,85.65999999999985,ascending,15300000,0.0,0,loser,True,1.2106126914660909,0.3618708971553621,"['15m', '1h']",['resistance']
False,bearish,0.01088096399170194,True,bullish,0.012577031565577624,0,0,0,False,bearish,0.05250321077019539,1,{},{},{},{},{},[],0,0.7964323189926913,1.0686378035903044,1.0,0.005377016792887694,2.299190425906358,1.3417810630059464,11,True,True,ascending,0,0.02641600000000035,2.256208358570234,0.26269137792103375,0.3896051571313532,7.491539081386069,2,2,2,0,0,0,0,1765032300000,bearish,5,1765034100000,5,bullish,1,1.0191358024691493e-06,0.0,True,"[{'timeframe': '1h', 'zone_kind': 'resistance', 'distance_to_entry_r': 0.3896051571313532, 'distance_to_target_r': 1.6103948428686468}, {'timeframe': '15m', 'zone_kind': 'resistance', 'distance_to_entry_r': 0.26269137792103375, 'distance_to_target_r': 1.7373086220789662}]",4h favorable zone; 1h favorable zone; 1h opposite zone before target; 15m favorable zone; 15m opposite zone before target,nested child aligned with parent,5,2,22,0.9230769230769231,1.0596916182041236,0.93264658235786,18.660415271265943,0.8167597765363118,-7869767.441894531,1.0596916182041236,-0.05969161820412357,True,1.0,symmetrical,,,,,,,,,,,,,0.88,0.13966480446927373,1h_only,-1.1470126880705485,-0.449982752673338,-0.004905956364448794,0.005986444817594361,0.001506858622869478,-0.010951183821827026,-0.04855152160724119,0.0014763269761941533,-1.172959524954951,0,bearish,0,0,0,0,8.891006711409746,15.0,14.0,20.0,15.0,0.0,10.0,74.0,2,long,ETH,2,2,25,20.0,16200000,25.0,ascending,16200000,0.0,0,loser,True,0.26269137792103375,1.6103948428686468,"['15m', '1h']",['resistance']
True,bearish,0.007639755068136888,False,bullish,0.011057517165284948,0,0,0,True,bearish,0.05186733574302635,1,{},{},{},{},{},[],0,0.5517993456924924,0.4348012889366243,0.552889858233361,0.004858459922205666,1.2756176154672272,0.7879699248120003,6,True,True,ascending,0,0.025916577431033552,7.723561239547507,0.23809523809524274,0.38131041890440937,2.0350877192982626,1,1,1,0,0,0,0,1765047600000,bearish,3,1765116900000,6,bullish,2,1.8824074074074007e-06,0.000235213015910332,True,"[{'timeframe': '1h', 'zone_kind': 'support', 'distance_to_entry_r': 0.38131041890440937, 'distance_to_target_r': 1.6186895810955906}, {'timeframe': '15m', 'zone_kind': 'support', 'distance_to_entry_r': 0.23809523809524274, 'distance_to_target_r': 1.7619047619047572}]",4h favorable zone; 1h favorable zone; 1h opposite zone before target; 15m favorable zone; 15m opposite zone before target,nested child aligned with parent,3,1,39,1.0,0.47461657634319154,1.0,16.40393609101494,0.7364940387481372,27080814.46826172,0.47461657634319154,0.5253834236568085,True,1.0,symmetrical,,,,,,,,,,,,,2.1666666666666665,0.20296199701937392,1h_only,1.6527841711596425,0.30985404110086,-0.008067983185288563,-0.0004936061379687828,0.003220205094552897,-0.007786542457853707,-0.04727233367473416,0.002254520186159459,1.6921570123589573,0,bearish,0,0,0,0,-1.1345051585785066,12.671822925838493,14.0,20.0,0.0,0.0,10.0,56.67182292583849,1,short,ETH,2,2,18,18.882393492044834,10800000,43.57999999999993,ascending,10800000,0.0,1,winner,True,0.23809523809524274,1.6186895810955906,"['15m', '1h']",['support']
True,bearish,0.00554444228838609,False,bullish,0.006226565235469154,0,0,0,True,bearish,0.049232580603670875,1,{},{},{},{},{},[],0,0.691645202833226,10.032105539664812,0.7237604636188005,0.03212847326406443,11.386278286926068,14.5046990835326,9,True,True,ascending,0,0.013303653948789892,33.207436399217954,0.9419506667828829,0.6509195502484117,,3,3,3,0,0,0,0,1765117800000,bearish,3,1765127700000,15,neutral,5,4.731481481481389e-07,0.0,True,"[{'timeframe': '1h', 'zone_kind': 'support', 'distance_to_entry_r': 0.6509195502484117, 'distance_to_target_r': 1.3490804497515883}, {'timeframe': '15m', 'zone_kind': 'support', 'distance_to_entry_r': 0.9419506667828829, 'distance_to_target_r': 1.0580493332171172}]",4h favorable zone; 1h favorable zone; 1h opposite zone before target; 15m favorable zone; 15m opposite zone before target,nested child aligned with parent,3,3,58,0.9333333333333333,-2.3063034277087917,0.9625074424497998,17.759013470681474,0.8438431445603566,17974568.1328125,-2.3063034277087917,3.3063034277087917,True,1.0,symmetrical,,,,,,,,,,,,,2.0,0.12336997019373978,1h_only,-1.016461926749923,-0.23176133402812993,-0.03673487923651819,-0.031562680314962455,-0.0007309718250713138,-0.006909991554036488,-0.04679140132915183,0.00014428917190789647,-1.0389182033004123,0,bearish,0,0,0,0,-6.89698862631853,13.9641017385705,14.0,20.0,15.0,0.0,10.0,72.96410173857049,3,short,ETH,2,2,29,20.0,21600000,26.48999999999978,ascending,21600000,0.0,0,loser,True,0.6509195502484117,1.0580493332171172,"['15m', '1h']",['support']
False,bullish,0.007495108558864987,False,bullish,0.01425033525546771,0,0,0,True,bearish,0.038648559005113964,1,{},{},{},{},{},[],0,0.4262078093977499,0.4909472079283443,0.99404367968232,0.003801089247361132,0.9040663929171922,1.1518963217076525,3,False,True,symmetrical,0,0.024726875128832433,8.220007249003288,0.6051401869158778,1.169976635514009,1.169976635514009,1,1,1,0,0,0,0,1765243800000,bullish,1,1765292400000,2,bullish,2,2.2969696969696977e-06,0.0,True,"[{'timeframe': '4h', 'zone_kind': 'support', 'distance_to_entry_r': 1.169976635514009, 'distance_to_target_r': 0.830023364485991}, {'timeframe': '1h', 'zone_kind': 'support', 'distance_to_entry_r': 1.169976635514009, 'distance_to_target_r': 0.830023364485991}, {'timeframe': '15m', 'zone_kind': 'support', 'distance_to_entry_r': 0.6051401869158778, 'distance_to_target_r': 1.394859813084122}]",4h favorable zone; 4h opposite zone before target; 1h favorable zone; 1h opposite zone before target; 15m favorable zone; 15m opposite zone before target,nested child acceptable with parent,1,1,26,1.0,0.3765832308140463,1.0,20.0,0.3304312018354029,120697098.0949707,0.3765832308140463,0.6234167691859537,True,1.0,ascending,,,,,,,,,,,,,1.0,0.504912053650215,1h_only,-1.1055677096866585,0.10015207473387189,0.002590469489412328,-0.00488732896667976,0.020598006519942924,0.005967354376941625,-0.01688310324237874,0.021946841467189948,-1.1311677545331782,0,bearish,0,0,0,0,-0.5752017284712868,11.986544526237005,8.0,14.0,0.0,0.0,10.0,43.986544526237005,1,short,ETH,2,2,26,20.0,19800000,85.82999999999993,symmetrical,19800000,-4.898989898989807e-07,0,loser,True,0.6051401869158778,0.830023364485991,"['15m', '1h', '4h']",['support']
True,bullish,0.0036165306044414064,True,bullish,0.013796649391781034,0,0,0,False,bearish,0.035816469996835444,1,{},{},{},{},{},[],0,0.6605984515589075,2.1592230353601125,0.7635488595940534,0.004768869715447739,1.0240065658983808,3.268586280008209,4,True,True,descending,0,0.0007971014492754974,985.4545454543681,0.3643410852713178,0.22914728682170854,1.3142635658914725,2,2,2,0,0,0,0,1765294200000,bullish,2,1765296000000,8,bullish,4,0.0,0.0,True,"[{'timeframe': '4h', 'zone_kind': 'resistance', 'distance_to_entry_r': 1.3142635658914725, 'distance_to_target_r': 0.6857364341085274}, {'timeframe': '1h', 'zone_kind': 'resistance', 'distance_to_entry_r': 0.22914728682170854, 'distance_to_target_r': 1.7708527131782914}, {'timeframe': '15m', 'zone_kind': 'resistance', 'distance_to_entry_r': 0.3643410852713178, 'distance_to_target_r': 1.6356589147286822}]",4h favorable zone; 4h opposite zone before target; 1h favorable zone; 1h opposite zone before target; 15m favorable zone; 15m opposite zone before target,nested child aligned with parent,2,2,48,0.9672131147540983,1.0169096089817136,0.9902457503734866,16.902300790389486,0.7755574862438458,27840179.23828125,1.0169096089817136,-0.016909608981713658,True,1.0,symmetrical,,,,,,,,,,,,,0.8,0.17484795829713373,1h_only,1.810801245947032,-0.7654624550784965,0.015580406749215348,0.011863954274768274,0.017244347424057782,0.0031653593793281587,-0.018346482742103043,0.01742555233926102,1.854829495022882,0,bearish,0,0,0,0,1.3288525742400341,13.766612796649378,8.0,20.0,15.0,0.0,10.0,66.76661279664938,2,long,ETH,2,2,60,20.0,45000000,48.30000000000018,descending,45000000,-5.1333333333342224e-08,0,winner,True,0.22914728682170854,0.6857364341085274,"['15m', '1h', '4h']",['resistance']
True,bullish,0.00675566272684527,True,bullish,0.014367413430586496,0,0,0,False,bearish,0.0324255991000043,1,{},{},{},{},{},[],0,0.8848197343453562,2.168232121268491,0.8965844402277071,0.04749705629634344,6.939923742211485,2.4504789361108474,1,True,True,ascending,0,0.0023799098672432624,317.1664580726008,,1.3962477512207638,1.8298123875610355,1,1,1,0,0,0,0,1765296900000,bullish,1,1765553400000,4,bullish,4,1.5575048732943043e-07,0.0,True,"[{'timeframe': '4h', 'zone_kind': 'resistance', 'distance_to_entry_r': 1.8298123875610355, 'distance_to_target_r': 0.17018761243896455}, {'timeframe': '1h', 'zone_kind': 'resistance', 'distance_to_entry_r': 1.3962477512207638, 'distance_to_target_r': 0.6037522487792361}]",4h favorable zone; 4h opposite zone before target; 1h favorable zone; 1h opposite zone before target; 15m favorable zone,nested child aligned with parent,1,1,49,0.921875,3.0271222554773543,0.9459388474684575,16.902300790389486,0.7755574862438458,24240179.23828125,3.0271222554773543,-2.0271222554773543,True,1.0,symmetrical,,,,,,,,,,,,,0.7777777777777778,0.1929119606139589,1h_only,-1.001717603280039,-2.492584081888495,0.058255305414099734,0.05074331457928816,0.058732206115832186,0.04286887392624794,0.02174291579844745,0.056753831959827306,-1.0241739336002516,0,neutral,0,0,0,0,4.357029548252651,14.612191650853902,10.0,20.0,15.0,0.0,10.0,69.6121916508539,1,long,ETH,2,2,63,20.0,51300000,53.289999999999964,ascending,51300000,0.0,0,loser,True,1.3962477512207638,0.17018761243896455,"['1h', '4h']",['resistance']
True,bearish,0.0019354126592232225,False,bullish,0.02183887609514517,0,0,0,True,bearish,0.007912092127170868,1,{},{},{},{},{},[],0,0.5384424603174621,3.009947662126099,0.7052331349206347,0.03799995666345776,8.509930331704282,5.590100863054994,6,False,True,descending,1,0.010104479748103672,40.20396600566528,0.07728185993111346,0.12751148105625693,0.28537600459242213,3,3,3,0,0,0,0,1765554300000,bearish,3,1765996200000,3,bullish,1,0.0,0.0037359009202824647,True,"[{'timeframe': '4h', 'zone_kind': 'support', 'distance_to_entry_r': 0.28537600459242213, 'distance_to_target_r': 1.714623995407578}, {'timeframe': '1h', 'zone_kind': 'support', 'distance_to_entry_r': 0.12751148105625693, 'distance_to_target_r': 1.872488518943743}, {'timeframe': '15m', 'zone_kind': 'support', 'distance_to_entry_r': 0.07728185993111346, 'distance_to_target_r': 1.9227181400688866}]",4h favorable zone; 4h opposite zone before target; 1h favorable zone; 1h opposite zone before target; 15m favorable zone; 15m opposite zone before target,nested child acceptable with parent,3,3,24,0.9615384615384616,-0.8314236076353451,0.9695921416223132,20.0,0.3120222376650446,48451670.37866211,-0.8314236076353451,1.831423607635345,True,1.0,ascending,,,,,,,,,,,,,0.47058823529411764,0.2644583429850982,1h_only,1.891024088529,-1.2085186832740211,-0.039097576851007565,-0.037307215960029505,0.020328300501166296,-0.0019119198574423235,0.015976395223182616,0.024209502115847048,1.935398921480031,0,neutral,0,0,0,0,-8.130947012401379,13.375279017857155,8.0,14.0,0.0,0.0,10.0,45.37527901785715,3,short,ETH,2,2,51,12.869262938279364,42300000,34.25,descending,42300000,-4.1725768321513216e-07,2,winner,True,0.07728185993111346,1.714623995407578,"['15m', '1h', '4h']",['support']
True,bullish,0.004305831937222218,False,bearish,0.00792347999665665,0,0,0,False,bearish,0.0394153153135804,1,{},{},{},{},{},[],0,0.5928979074191452,2.888476984862468,0.6391883322764704,0.004453617935293322,4.099474822366339,4.871794871794814,11,True,True,ascending,0,0.010909471361448684,18.99128160418536,4.549600376116599,0.8979783732957182,3.559473436765402,3,3,3,0,0,0,0,1766306700000,bullish,4,1766322000000,16,bearish,4,2.963824289405633e-07,0.0006064460074744776,True,"[{'timeframe': '1h', 'zone_kind': 'resistance', 'distance_to_entry_r': 0.8979783732957182, 'distance_to_target_r': 1.102021626704282}]",4h favorable zone; 1h favorable zone; 1h opposite zone before target; 15m favorable zone,nested child aligned with parent,4,3,38,0.9818181818181818,1.001752070756702,0.9933706116331354,18.4646536198422,0.45360307640862957,121502985.62475586,1.001752070756702,-0.001752070756702039,True,1.0,ascending,,,,,,,,,,,,,0.7037037037037037,0.32553084768433066,1h_only,-1.1710899938926949,-0.13733905579398487,0.010089570755976052,0.00571543681098996,-0.0020384450177864943,0.00591566047070069,-0.04012927892591045,-0.0023859405311976722,-1.1962555980986889,0,bearish,0,0,0,0,3.619519809025324,12.634770593491726,16.0,20.0,0.0,0.0,10.0,58.63477059349172,3,long,ETH,2,2,54,16.696776996262763,38700000,19.4699999999998,ascending,38700000,0.0,3,loser,True,0.8979783732957182,1.102021626704282,['1h'],['resistance']
True,bullish,0.015294112755971869,False,neutral,,0,0,0,False,neutral,,1,{},{},{},{},{},[],0,0.43902439024388806,0.5508798775822271,0.5487804878048688,0.004584785215632271,1.5109277801802976,1.2547819433817806,10,True,True,symmetrical,0,0.02647296206618249,-1.039634146341541,0.9318181818182004,0.9318181818182004,,1,1,1,0,0,0,0,1736024400000,bullish,1,1736064000000,1,bearish,1,7.632850241545954e-08,0.0014199546034493824,True,"[{'timeframe': '1h', 'zone_kind': 'resistance', 'distance_to_entry_r': 0.9318181818182004, 'distance_to_target_r': 1.0681818181817997}, {'timeframe': '15m', 'zone_kind': 'resistance', 'distance_to_entry_r': 0.9318181818182004, 'distance_to_target_r': 1.0681818181817997}]",1h opposite zone before target; 15m favorable zone; 15m opposite zone before target,nested child aligned with parent,1,1,51,1.0,0.7118830290736958,1.0,14.587303039312108,0.7259455872594541,40916270.56665039,0.7118830290736958,0.28811697092630423,True,1.0,symmetrical,,,,,,,,,,,,,1.7,0.2740544127405458,1h_only,-1.227899565989957,0.13285714285715144,0.018815635919539497,0.0031841398178307223,,0.01829283352078126,,,-1.227899565989957,0,neutral,0,0,0,0,839130434782.5895,11.569250994179935,4.0,20.0,0.0,0.0,10.0,45.56925099417994,1,long,SOL,2,2,30,15.290022698275308,20700000,4.130000000000024,symmetrical,20700000,-8.212560386473512e-08,4,loser,True,0.9318181818182004,1.0681818181817997,"['15m', '1h']",['resistance']
True,bullish,0.003173719074906648,False,neutral,,0,0,0,False,neutral,,1,{},{},{},{},{},[],0,0.4499999999999949,0.8056265984654754,0.6571428571428658,0.0042903373430962805,1.1847449977433675,1.7902813299232987,4,False,True,symmetrical,0,0.009727309727309773,32.6736401673636,0.08488063660477249,0.1883289124668451,,2,2,2,0,0,0,0,1736166600000,bullish,4,1736250300000,8,neutral,2,5.522875816993457e-08,0.0,True,"[{'timeframe': '1h', 'zone_kind': 'resistance', 'distance_to_entry_r': 0.1883289124668451, 'distance_to_target_r': 1.811671087533155}, {'timeframe': '15m', 'zone_kind': 'resistance', 'distance_to_entry_r': 0.08488063660477249, 'distance_to_target_r': 1.9151193633952275}]",1h favorable zone; 1h opposite zone before target; 15m favorable zone; 15m opposite zone before target,nested child acceptable with parent,4,2,67,0.9782608695652174,0.9818228696661095,0.9923855955425651,16.613227324868543,0.3349168646080757,378638297.87231445,0.9818228696661095,0.018177130333890432,True,1.0,descending,,,,,,,,,,,,,1.488888888888889,0.6484560570071278,1h_only,-1.0815738306823586,0.21052631578947012,0.012774619264479092,0.009529726099050118,,0.009586840413242426,,,-1.082903527453728,0,bearish,0,0,0,0,1.4033807145601247,11.599791728930203,8.0,14.0,15.0,0.0,10.0,58.5997917289302,2,long,SOL,2,2,45,20.0,30600000,5.460000000000008,symmetrical,30600000,-2.287581699346461e-08,0,loser,True,0.08488063660477249,1.811671087533155,"['15m', '1h']",['resistance']
True,bearish,0.031949223230908604,True,bearish,0.042845749933533475,0,0,0,False,neutral,,1,{},{},{},{},{},[],0,0.8051282051281946,1.234276729559739,0.9692307692307683,0.006348795308957795,0.9476546121593131,1.5330188679245367,2,True,True,symmetrical,0,0.016854213553388255,14.93471810089045,0.10513447432762994,0.10513447432762994,,3,3,3,0,0,0,0,1736428500000,bearish,3,1736437500000,6,bearish,2,3.101851851851794e-08,0.0,True,"[{'timeframe': '1h', 'zone_kind': 'support', 'distance_to_entry_r': 0.10513447432762994, 'distance_to_target_r': 1.89486552567237}, {'timeframe': '15m', 'zone_kind': 'support', 'distance_to_entry_r': 0.10513447432762994, 'distance_to_target_r': 1.89486552567237}]",1h favorable zone; 1h opposite zone before target; 15m favorable zone; 15m opposite zone before target,nested child aligned with parent,3,3,68,0.96875,-0.030198122902435287,0.9935897435897435,18.438902887595184,0.7141220280721858,74233935.0180664,-0.030198122902435287,1.0301981229024353,True,1.0,symmetrical,,,,,,,,,,,,,2.193548387096774,0.18476081352048093,1h_only,-1.0659763724921025,-2.220446049250313e-15,-0.05046069701733569,-0.020753245978736623,-0.08003146285240514,-0.04228131254644674,,-0.07682853141591617,-1.0684439152903018,0,neutral,0,0,0,0,-0.5748062785614794,14.88461538461538,8.0,20.0,15.0,0.0,10.0,67.88461538461539,3,short,SOL,2,2,31,20.0,21600000,6.449999999999989,symmetrical,21600000,-1.2499999999999946e-07,0,loser,True,0.10513447432762994,1.89486552567237,"['15m', '1h']",['support']
False,bearish,0.014026658096965242,False,bearish,0.05478825596019879,0,0,0,False,neutral,,1,{},{},{},{},{},[],0,0.712121212121214,0.4646564508156195,0.8333333333333549,0.004325767690253531,0.8007909045971076,0.652496292634698,7,True,True,descending,0,0.024703632887189263,2.526315789473756,0.4829931972789174,3.292517006802726,,1,1,1,0,0,0,0,1736554500000,bearish,2,1736559000000,8,bearish,4,0.0,0.0,True,"[{'timeframe': '15m', 'zone_kind': 'resistance', 'distance_to_entry_r': 0.4829931972789174, 'distance_to_target_r': 1.5170068027210826}]",15m favorable zone; 15m opposite zone before target,nested child aligned with parent,2,1,32,1.0,0.5443799253421817,1.0,16.482303539292136,0.21990950226244382,306829629.6296387,0.5443799253421817,0.45562007465781823,True,1.0,symmetrical,,,,,,,,,,,,,1.28,0.4733031674208131,1h_only,-1.1765882972303827,0.15923566878980655,-0.016033469482323315,-0.002262939938579178,-0.0686635632276622,-0.01858561952525739,,-0.0691279049935064,-1.1805732629783845,0,bearish,0,0,0,0,2.6874999999998814,13.363651535380285,8.0,20.0,0.0,0.0,10.0,51.363651535380285,1,long,SOL,2,2,25,20.0,15300000,5.22999999999999,descending,15300000,-2.1111111111111044e-07,0,loser,True,0.4829931972789174,1.5170068027210826,['15m'],['resistance']
True,bearish,0.014321053884739272,True,bearish,0.054547115869632554,0,0,0,False,neutral,,1,{},{},{},{},{},[],0,0.4647887323943572,0.35013262599467765,0.774647887323942,0.011671996224233957,2.3352785145888797,0.7533156498673514,5,True,True,symmetrical,0,0.021630496858937732,-6.805280528052776,0.5624999999999963,,,1,1,1,0,0,0,0,1736559900000,bearish,2,1736627400000,8,bearish,4,1.5722222222222292e-07,0.0016481556546412207,True,"[{'timeframe': '15m', 'zone_kind': 'support', 'distance_to_entry_r': 0.5624999999999963, 'distance_to_target_r': 1.4375000000000038}]",1h favorable zone; 15m favorable zone; 15m opposite zone before target,nested child aligned with parent,2,1,33,1.0,0.3537303991743513,1.0,16.482303539292136,0.21990950226244382,303229629.6296387,0.3537303991743513,0.6462696008256487,True,1.0,symmetrical,,,,,,,,,,,,,0.9705882352941176,0.7457013574660634,1h_only,-1.1084788222894153,0.12624254473160312,-0.023748526207027942,-0.009906072550422529,-0.06527053942082728,-0.015051153314364685,,-0.0691279049935064,-1.1135477339631632,0,bearish,0,0,0,0,-2201000000000.022,13.193661971830926,12.0,20.0,15.0,0.0,10.0,70.19366197183092,1,short,SOL,2,2,34,16.17592217267939,18000000,8.240000000000009,symmetrical,18000000,-1.7944444444444388e-07,3,loser,True,0.5624999999999963,1.4375000000000038,['15m'],['support']
False,bearish,0.008673092346194846,False,bearish,0.05378668786696811,0,0,0,False,neutral,,1,{},{},{},{},{},[],0,0.31578947368418886,0.2912621359223063,0.9605263157894717,0.012722464441426487,2.8802588996763396,0.9223300970873666,5,True,True,descending,0,0.012773109243697352,12.578947368421382,0.9139465875371022,1.181008902077165,,5,5,5,0,0,0,0,1736628300000,neutral,5,1736665200000,10,bearish,2,0.0,0.0,True,"[{'timeframe': '1h', 'zone_kind': 'resistance', 'distance_to_entry_r': 1.181008902077165, 'distance_to_target_r': 0.8189910979228349}, {'timeframe': '15m', 'zone_kind': 'resistance', 'distance_to_entry_r': 0.9139465875371022, 'distance_to_target_r': 1.0860534124628978}]",1h favorable zone; 1h opposite zone before target; 15m favorable zone; 15m opposite zone before target,nested child aligned with parent,5,5,36,0.9230769230769231,1.0957743954353272,0.9430250339341242,16.405478879130143,0.568586387434555,69407734.80664062,1.0957743954353272,-0.09577439543532727,True,1.0,symmetrical,,,,,,,,,,,,,1.44,0.2492146596858631,1h_only,-1.0747057844676615,0.16481069042315843,0.0017212267580914986,0.010500475814192223,-0.05570114912888369,-0.0051731916480103335,,-0.05626770982415008,-1.0808238058745059,0,bearish,0,0,0,0,3.979079497907862,12.996710526315653,8.0,20.0,0.0,0.0,10.0,50.99671052631565,5,long,SOL,2,2,25,20.0,10800000,2.3799999999999955,descending,10800000,-7.037037037036953e-08,0,loser,True,0.9139465875371022,0.8189910979228349,"['15m', '1h']",['resistance']
False,bearish,0.006807244055144379,False,bearish,0.04928030219854456,0,0,0,False,neutral,,1,{},{},{},{},{},[],0,0.690909090909104,0.6255144032921703,0.9636363636363439,0.004826325494987103,1.4776289291655316,0.9053497942386504,4,True,True,descending,0,0.014259126700071565,4.92971887550209,0.6702702702702772,2.6648648648648767,,1,1,1,0,0,0,0,1736682300000,bearish,2,1736696700000,8,bearish,4,0.0,0.00031843424812647085,True,"[{'timeframe': '15m', 'zone_kind': 'resistance', 'distance_to_entry_r': 0.6702702702702772, 'distance_to_target_r': 1.3297297297297228}]",1h favorable zone; 15m favorable zone; 15m opposite zone before target,nested child aligned with parent,2,1,51,0.9285714285714286,0.22037406333091314,0.9715142597854844,15.534520273856824,0.34345549738220166,211104878.04882812,0.22037406333091314,0.7796259366690869,True,1.0,symmetrical,,,,,,,,,,,,,0.9272727272727272,0.664921465968585,1h_only,1.6980892213229173,-0.06632653061225713,-0.005431360435074306,0.0013480376045569287,-0.056474435591091554,-0.010463745786586265,,-0.05595294986368382,1.709603783487569,0,bearish,0,0,0,0,2.718533604887921,14.603124606117003,12.0,20.0,0.0,0.0,10.0,56.60312460611701,1,long,SOL,2,2,55,18.840782875936764,42300000,6.349999999999994,descending,42300000,-1.1773049645390047e-07,1,winner,True,0.6702702702702772,1.3297297297297228,['15m'],['resistance']
False,bearish,0.002155326537524048,False,bearish,0.045686737415665195,0,0,0,False,neutral,,1,{},{},{},{},{},[],0,0.8190476190475962,1.100447856685844,0.019047619047628587,0.029523809523809588,6.954438409496225,1.3435700575815914,0,True,True,descending,0,0.010743177650738851,-13.07028112449791,0.40178571428570886,0.5133928571428512,,2,2,2,0,0,0,0,1736698500000,neutral,2,1736736300000,10,bearish,5,0.0,0.00031843424812647085,True,"[{'timeframe': '1h', 'zone_kind': 'resistance', 'distance_to_entry_r': 0.5133928571428512, 'distance_to_target_r': 1.4866071428571488}, {'timeframe': '15m', 'zone_kind': 'resistance', 'distance_to_entry_r': 0.40178571428570886, 'distance_to_target_r': 1.5982142857142911}]",1h favorable zone; 1h opposite zone before target; 15m favorable zone; 15m opposite zone before target,nested child aligned with parent,2,2,67,1.0,0.6586338471503923,1.0,10.869791666666488,0.3142857142857139,453927272.7272949,0.6586338471503923,0.34136615284960775,True,1.0,ascending,,,,,,,,,,,,,0.9178082191780822,0.6256157635467972,1h_only,-1.0558167090270265,-0.37537993920972723,0.008249322952651239,0.0104451278503086,-0.03208140508997759,0.012701302432441164,,-0.03276368118754536,-1.0611619232484282,0,bearish,0,0,0,0,4050000000000.011,8.321428571428607,8.0,20.0,0.0,0.0,10.0,46.321428571428605,2,long,SOL,2,2,73,18.840782875936764,42300000,6.349999999999994,descending,42300000,-1.1773049645390047e-07,1,loser,True,0.40178571428570886,1.4866071428571488,"['15m', '1h']",['resistance']
True,bullish,0.008063765749573211,False,bearish,0.03419183887659362,0,0,0,False,neutral,,1,{},{},{},{},{},[],0,0.6964285714285442,0.4670658682634586,0.9821428571428734,0.004144137734775055,0.930139720558857,0.6706586826347359,4,True,True,descending,0,0.015836148648648556,21.280000000000314,0.12156862745098074,0.7019607843137192,1.4235294117646977,2,2,2,0,0,0,0,1736894700000,bullish,6,1736947800000,6,bearish,1,0.0,0.0,True,"[{'timeframe': '4h', 'zone_kind': 'resistance', 'distance_to_entry_r': 1.4235294117646977, 'distance_to_target_r': 0.5764705882353023}, {'timeframe': '1h', 'zone_kind': 'resistance', 'distance_to_entry_r': 0.7019607843137192, 'distance_to_target_r': 1.2980392156862808}, {'timeframe': '15m', 'zone_kind': 'resistance', 'distance_to_entry_r': 0.12156862745098074, 'distance_to_target_r': 1.8784313725490192}]",4h opposite zone before target; 1h favorable zone; 1h opposite zone before target; 15m favorable zone; 15m opposite zone before target,nested child aligned with parent,6,2,31,0.9696969696969697,0.6322665553879244,0.9981409183863169,20.0,0.8001796138302653,-7224242.424316406,0.6322665553879244,0.36773344461207563,True,1.0,ascending,,,,,,,,,,,,,0.96875,0.19937135159407407,1h_only,1.7736774057053717,0.06039488966318052,0.016046279758228588,0.007789301579705921,-0.022309167481246228,0.011504463180521896,,-0.023943930587330686,1.7845505834699806,0,neutral,0,0,0,0,1.4379699248120077,13.649242316448268,2.0,20.0,0.0,0.0,10.0,45.649242316448266,2,long,SOL,2,2,32,20.0,24300000,4.440000000000026,descending,24300000,-9.259259259259259e-08,0,winner,True,0.12156862745098074,0.5764705882353023,"['15m', '1h', '4h']",['resistance']
True,bullish,0.03352736678294838,True,bullish,0.038572646286979845,0,0,0,False,neutral,,1,{},{},{},{},{},[],0,0.7983193277311083,1.1242603550296,0.8403361344537831,0.004883151009855569,1.231532735254803,1.408284023668629,5,True,True,symmetrical,0,0.016221006395931225,12.29216152019012,0.33027522935779224,0.8318042813455628,,2,2,2,0,0,0,0,1737101700000,bullish,2,1737118800000,4,bullish,2,8.888888888888852e-08,0.0011211615050733981,True,"[{'timeframe': '1h', 'zone_kind': 'resistance', 'distance_to_entry_r': 0.8318042813455628, 'distance_to_target_r': 1.1681957186544372}, {'timeframe': '15m', 'zone_kind': 'resistance', 'distance_to_entry_r': 0.33027522935779224, 'distance_to_target_r': 1.6697247706422078}]",1h favorable zone; 1h opposite zone before target; 15m favorable zone; 15m opposite zone before target,nested child aligned with parent,2,2,44,1.0,0.8517252453166828,1.0,14.089681687362994,0.7823454429572981,12858818.737304688,0.8517252453166828,0.14827475468331716,True,1.0,symmetrical,,,,,,,,,,,,,1.1578947368421053,0.2176545570427019,1h_only,1.8083255005845311,0.03259604190919341,0.045510605476409616,0.010103236967796025,0.0841494239178231,0.04063175223806037,,0.0817969781310528,1.8161700343325444,0,neutral,0,0,0,0,1.623381642512066,14.225987018985078,8.0,20.0,15.0,0.0,10.0,67.22598701898508,2,long,SOL,2,2,38,17.439419247463302,27900000,6.829999999999984,symmetrical,27900000,-6.200716845878099e-08,2,winner,True,0.33027522935779224,1.1681957186544372,"['15m', '1h']",['resistance']
True,bullish,0.015958780991949997,True,bullish,0.06413307898372059,0,0,0,False,neutral,,1,{},{},{},{},{},[],0,0.3233082706767007,0.22673345636699505,0.22556390977444735,0.016931091641013463,2.262061692591608,0.7012918534141744,1,True,True,descending,0,0.029956427015250437,2.400000000000091,0.2325581395348856,0.35957066189624143,,1,0,1,0,1,1,0,1737547200000,bullish,1,1737576000000,2,bullish,2,0.0,0.0,True,"[{'timeframe': '1h', 'zone_kind': 'resistance', 'distance_to_entry_r': 0.35957066189624143, 'distance_to_target_r': 1.6404293381037585}, {'timeframe': '15m', 'zone_kind': 'resistance', 'distance_to_entry_r': 0.2325581395348856, 'distance_to_target_r': 1.7674418604651143}]",1h favorable zone; 1h opposite zone before target; 15m favorable zone; 15m opposite zone before target,nested child aligned with parent,1,0,20,1.0,0.845450024863254,1.0,20.0,0.4489458453906579,52700552.486083984,0.845450024863254,0.15454997513674598,True,1.0,ascending,18,1.0,0.8965947845258195,1.0,20.0,0.5538971807628529,90366467.06591797,0.8965947845258195,0.1034052154741805,True,1.0,symmetrical,1.1111111111111112,0.29516329061595764,both,1.853210701243668,0.25368324125230346,0.030679423727082877,0.0140007468260821,0.1029192463968529,0.03005942751804791,,0.09950972357097587,1.8578757292052408,1,neutral,1,0,0,0,6.107142857142654,7.285714285714382,8.0,20.0,15.0,20.0,10.0,80.28571428571439,1,long,SOL,2,2,18,20.0,9900000,7.140000000000015,descending,9900000,-3.888888888888883e-07,0,winner,True,0.2325581395348856,1.6404293381037585,"['15m', '1h']",['resistance']
False,bearish,0.010675969636542236,True,bullish,0.05104802594295497,0,0,0,False,neutral,,1,{},{},{},{},{},[],0,0.9275862068965537,2.0374928990721433,0.9827586206896561,0.004810039660117888,0.46151491648789683,2.196553683014574,0,True,True,descending,0,0.007516213546364294,46.51714285714297,0.10031847133758114,0.4068471337579628,,1,0,0,1,1,0,0,1737648900000,neutral,1,1737933300000,0,bullish,0,0.0,0.0,True,"[{'timeframe': '1h', 'zone_kind': 'resistance', 'distance_to_entry_r': 0.4068471337579628, 'distance_to_target_r': 1.5931528662420371}, {'timeframe': '15m', 'zone_kind': 'resistance', 'distance_to_entry_r': 0.10031847133758114, 'distance_to_target_r': 1.899681528662419}]",1h favorable zone; 1h opposite zone before target; 15m favorable zone; 15m opposite zone before target,nested child aligned with parent,1,0,,,,,,,,,,,,,25,1.0,0.5775271712719183,1.0,20.0,0.3705713854967588,441637103.3359375,0.5775271712719183,0.4224728287280816,True,1.0,symmetrical,0.32051282051282054,0.45002261420171896,4h_only,-1.0284308540406655,-1.08109684947491,0.013911025603721816,0.025006187992127726,0.045791361424460275,-0.0072093478739845285,,0.043403057562839464,-1.0291077358158185,1,bullish,1,0,0,0,1.1092807567102747,14.650404317763066,8.0,20.0,0.0,20.0,10.0,72.65040431776306,1,long,SOL,2,2,78,20.0,65700000,29.850000000000023,descending,65700000,-2.6636225266362255e-07,0,loser,True,0.10031847133758114,1.5931528662420371,"['15m', '1h']",['resistance']
False,bearish,0.021750029488187415,False,bearish,0.01887402777894601,0,0,0,False,neutral,,1,{},{},{},{},{},[],0,0.8434343434343438,1.0072376357056791,0.9696969696969688,0.005257844704298814,0.7539203860072377,1.1942098914354755,2,True,True,ascending,0,0.017141131163633593,1.9162995594714403,0.2962356792144023,3.0229132569557984,,1,1,1,0,0,0,0,1738038600000,bearish,1,1738082700000,1,bearish,1,3.880341880341874e-07,0.0,True,"[{'timeframe': '15m', 'zone_kind': 'resistance', 'distance_to_entry_r': 0.2962356792144023, 'distance_to_target_r': 1.7037643207855977}]",1h favorable zone; 15m favorable zone; 15m opposite zone before target,nested child aligned with parent,1,1,17,0.8717948717948718,1.105192971446502,0.9659106181107913,20.0,0.1816009557945053,153260526.31567383,1.105192971446502,-0.10519297144650218,True,1.0,ascending,,,,,,,,,,,,,0.4473684210526316,0.8327359617682193,1h_only,-1.0549646455915085,0.12655367231638326,-0.0007401304848011492,0.02146021601102932,-0.028846689867796482,-0.010713489010283128,,-0.029038497139134423,-1.0567464970927514,0,bearish,0,0,0,0,2.867816091953995,14.886363636363633,12.0,20.0,0.0,0.0,10.0,56.88636363636363,1,long,SOL,2,2,38,20.0,23400000,13.939999999999998,ascending,23400000,0.0,0,loser,True,0.2962356792144023,1.7037643207855977,['15m'],['resistance']
False,bearish,0.019775394373791794,False,bearish,0.026820280830872765,0,0,0,False,neutral,,1,{},{},{},{},{},[],0,0.5789473684210565,0.4973624717407657,0.8947368421052828,0.005765352034008887,1.0001076542146854,0.8590806330067713,4,True,True,descending,0,0.010550014398282688,27.05955334987584,0.19018404907975134,0.9171779141104265,,1,1,1,0,0,0,0,1738125000000,bearish,2,1738178100000,2,bearish,1,0.0,0.0,True,"[{'timeframe': '1h', 'zone_kind': 'resistance', 'distance_to_entry_r': 0.9171779141104265, 'distance_to_target_r': 1.0828220858895736}, {'timeframe': '15m', 'zone_kind': 'resistance', 'distance_to_entry_r': 0.19018404907975134, 'distance_to_target_r': 1.8098159509202487}]",1h favorable zone; 1h opposite zone before target; 15m favorable zone; 15m opposite zone before target,nested child aligned with parent,2,1,57,1.0,0.42380795790858383,1.0,17.06253204195591,0.5919368019613191,107449976.99023438,0.42380795790858383,0.5761920420914162,True,1.0,symmetrical,,,,,,,,,,,,,1.1176470588235294,0.40806319803868085,1h_only,-1.04847041830052,0.038433111603846104,-0.016507155790875583,0.0030001529178287356,-0.043002111037172996,-0.01779182071125518,,-0.043186329256517664,-1.051352313826899,0,bearish,0,0,0,0,1.2555708390646563,14.32894736842115,8.0,20.0,0.0,0.0,10.0,52.328947368421154,1,long,SOL,2,2,51,20.0,37800000,14.97999999999999,descending,37800000,-2.1322751322751328e-07,0,loser,True,0.19018404907975134,1.0828220858895736,"['15m', '1h']",['resistance']
True,bearish,0.016729582672185446,True,bearish,0.03011849788736197,0,0,0,False,neutral,,1,{},{},{},{},{},[],0,0.9009661835748736,1.981934112646115,0.908212560386468,0.01350274482025847,1.6206163655685344,2.199787460148785,1,True,True,descending,0,0.011223118279569918,30.241516966067707,,0.8957286432160857,,2,2,2,0,0,0,0,1738179000000,bearish,2,1738179900000,4,bearish,2,0.0,0.0,True,"[{'timeframe': '1h', 'zone_kind': 'support', 'distance_to_entry_r': 0.8957286432160857, 'distance_to_target_r': 1.1042713567839142}]",1h favorable zone; 1h opposite zone before target; 15m favorable zone,nested child aligned with parent,2,2,37,0.9565217391304348,-0.2936179481594382,0.9787952844890384,17.902414687687056,0.47149706979222106,107528135.59326172,-0.2936179481594382,1.293617948159438,True,1.0,symmetrical,,,,,,,,,,,,,0.8222222222222222,0.5285029302077789,1h_only,-1.0386598571571726,-0.16073478760045812,-0.043356425115626096,-0.027797048188371143,-0.03741198497699627,-0.008671686868510275,,-0.05017131136809083,-1.0426109381449242,0,neutral,0,0,0,0,-0.7649660088442953,14.655797101449256,10.0,20.0,15.0,0.0,10.0,69.65579710144925,2,short,SOL,2,2,45,20.0,34200000,9.920000000000016,descending,34200000,-1.46491228070176e-07,0,loser,True,0.8957286432160857,1.1042713567839142,['1h'],['support']
False,bearish,0.014979433683284681,False,bearish,0.029913366348331857,0,0,0,False,neutral,,1,{},{},{},{},{},[],0,0.4418052256532023,0.7170393215111737,0.15676959619952383,0.008521558339150028,0.754270989733395,1.6229760986892854,0,True,True,descending,0,0.010745538778311624,28.241516966067707,0.028169014084506408,1.0457746478873222,,2,2,2,0,0,0,0,1738180800000,bearish,2,1738249200000,4,bearish,2,0.0,0.0,True,"[{'timeframe': '1h', 'zone_kind': 'resistance', 'distance_to_entry_r': 1.0457746478873222, 'distance_to_target_r': 0.9542253521126777}, {'timeframe': '15m', 'zone_kind': 'resistance', 'distance_to_entry_r': 0.028169014084506408, 'distance_to_target_r': 1.9718309859154937}]",1h favorable zone; 1h opposite zone before target; 15m favorable zone; 15m opposite zone before target,nested child aligned with parent,2,2,38,0.9375,0.5469859781665254,0.9745115918903746,17.902414687687056,0.47149706979222106,103928135.59326172,0.5469859781665254,0.45301402183347456,True,1.0,symmetrical,,,,,,,,,,,,,0.8085106382978723,0.5285029302077789,1h_only,1.8740663699726674,-1.028604786923518,-0.00584088761005197,0.009187878220356271,-0.03445174506296955,-0.005734577019600118,,-0.03522322212885165,1.883158754445175,0,neutral,0,0,0,0,1.5254788324263215,7.738717339667429,8.0,20.0,0.0,0.0,10.0,45.73871733966743,2,long,SOL,2,2,47,20.0,34200000,9.920000000000016,descending,34200000,-1.46491228070176e-07,0,winner,True,0.028169014084506408,0.9542253521126777,"['15m', '1h']",['resistance']
False,bullish,0.011612394689511215,True,bearish,0.01004190259643895,0,0,0,False,neutral,,1,{},{},{},{},{},[],0,0.5454545454545516,0.9460580912863173,0.8803827751196174,0.00641401861323049,1.269709543568463,1.7344398340248954,1,True,True,descending,0,0.011524334251606917,36.3107569721119,0.32544378698224263,0.25838264299802693,,1,0,0,1,1,0,0,1738282500000,neutral,1,1738403100000,0,bearish,0,0.0,0.0,True,"[{'timeframe': '1h', 'zone_kind': 'support', 'distance_to_entry_r': 0.25838264299802693, 'distance_to_target_r': 1.741617357001973}, {'timeframe': '15m', 'zone_kind': 'support', 'distance_to_entry_r': 0.32544378698224263, 'distance_to_target_r': 1.6745562130177574}]",1h favorable zone; 1h opposite zone before target; 15m favorable zone; 15m opposite zone before target,nested child aligned with parent,1,0,,,,,,,,,,,,,38,1.0,0.6751539876453581,1.0,17.909721504767653,0.5679837892603847,224337923.6533203,0.6751539876453581,0.32484601235464194,True,1.0,symmetrical,1.0555555555555556,0.12259371833839937,4h_only,1.8649182608489394,-0.02011735121542646,-0.0002949073455086326,-0.011767271550828684,-0.005887925903402591,0.0041361408851363635,,-0.00631402141917603,1.8704439187140927,1,bearish,1,0,0,0,-0.5036208031599723,14.074162679425875,8.0,20.0,0.0,20.0,10.0,72.07416267942588,1,short,SOL,2,2,36,20.0,27000000,6.050000000000011,descending,27000000,-9.296296296296263e-08,0,winner,True,0.25838264299802693,1.6745562130177574,"['15m', '1h']",['support']
True,bearish,0.013861048271001168,True,bearish,0.01644821804558511,0,0,0,False,neutral,,1,{},{},{},{},{},[],0,0.7391304347826262,0.7534626038781282,0.9021739130434733,0.02096864882940441,5.384695290858764,1.0193905817174436,2,True,True,symmetrical,0,0.011858797573083345,6.069767441860222,0.03130148270181185,1.845140032948934,,3,0,0,3,3,0,0,1738404000000,bearish,3,1738448100000,0,bearish,0,8.298611111111163e-08,0.0002484421507955027,True,"[{'timeframe': '1h', 'zone_kind': 'support', 'distance_to_entry_r': 1.845140032948934, 'distance_to_target_r': 0.15485996705106594}, {'timeframe': '15m', 'zone_kind': 'support', 'distance_to_entry_r': 0.03130148270181185, 'distance_to_target_r': 1.9686985172981881}]",1h favorable zone; 1h opposite zone before target; 15m favorable zone; 15m opposite zone before target,nested child aligned with parent,3,0,,,,,,,,,,,,,39,1.0,0.1996696449728895,1.0,17.257809578187626,0.4464999999999996,359274356.10302734,0.1996696449728895,0.8003303550271105,True,1.0,symmetrical,0.7959183673469388,0.1480000000000004,4h_only,1.8851578031644975,-0.037246049661384895,-0.031518394959651364,-0.018340429734318042,-0.046511290877354505,-0.031319287020714626,,-0.03178256521006406,1.8872135027436283,6,neutral,2,0,0,0,-7.447796934866196,14.633152173913025,8.0,20.0,0.0,20.0,10.0,72.63315217391303,3,short,SOL,2,2,49,18.875778924602248,28800000,5.920000000000016,symmetrical,28800000,-3.645833333333373e-08,1,winner,True,0.03130148270181185,0.15485996705106594,"['15m', '1h']",['support']
True,bearish,0.030540484690347428,True,bearish,0.028151093670499457,0,0,0,False,neutral,,1,{},{},{},{},{},[],0,0.619631901840487,0.600600600600595,0.7730061349693217,0.04499933235411931,6.011952546606001,0.9692861178009663,0,True,True,descending,0,0.00983636036684048,7.351005484460757,,0.08578052550231946,,3,0,0,3,3,0,0,1738449000000,bearish,3,1738547100000,0,bearish,0,0.0,0.0,True,"[{'timeframe': '1h', 'zone_kind': 'support', 'distance_to_entry_r': 0.08578052550231946, 'distance_to_target_r': 1.9142194744976806}]",1h favorable zone; 1h opposite zone before target; 15m favorable zone,nested child aligned with parent,3,0,,,,,,,,,,,,,42,0.8235294117647058,-0.3516591243066669,0.8298541607990667,17.257809578187626,0.4464999999999996,316074356.10302734,-0.3516591243066669,1.351659124306667,True,1.0,symmetrical,0.6268656716417911,0.2075000000000003,4h_only,1.9542037054150676,-0.6269624306802992,-0.06835945917416375,-0.041075414140770095,-0.08637698882284495,-0.06225876535994035,,-0.06349796506002536,1.9526496304210599,6,neutral,2,0,0,0,-12.320069634419077,14.11656441717788,10.0,20.0,0.0,20.0,10.0,74.11656441717788,3,short,SOL,2,2,67,20.0,44100000,8.300000000000011,descending,44100000,-1.2403628117913828e-07,0,winner,True,0.08578052550231946,1.9142194744976806,['1h'],['support']
True,bearish,0.006456346698612455,True,bearish,0.05755723472677753,0,0,0,False,bullish,0.006539184198205502,1,{},{},{},{},{},[],0,0.32298136645963665,0.3285939968404494,0.6459627329192557,0.006066601561674367,0.7885156947592659,1.0173775671405927,1,True,True,ascending,0,0.012981744421906737,32.09374999999977,0.4107883817427371,0.5568464730290459,,2,2,2,0,0,0,0,1738732500000,bearish,2,1738854000000,6,bearish,3,1.2367149758454117e-07,0.0,True,"[{'timeframe': '1h', 'zone_kind': 'support', 'distance_to_entry_r': 0.5568464730290459, 'distance_to_target_r': 1.4431535269709541}, {'timeframe': '15m', 'zone_kind': 'support', 'distance_to_entry_r': 0.4107883817427371, 'distance_to_target_r': 1.5892116182572629}]",4h favorable zone; 1h favorable zone; 1h opposite zone before target; 15m favorable zone; 15m opposite zone before target,nested child aligned with parent,2,2,50,1.0,0.1694245362563227,1.0,17.973900697772528,0.6597938144329895,51018750.0,0.1694245362563227,0.8305754637436773,True,1.0,symmetrical,,,,,,,,,,,,,1.7241379310344827,0.14604810996563544,1h_only,1.8825195300301434,0.1283264340626843,-0.02094767280007903,-0.01471961572108138,-0.07018321175271747,-0.01760786051857166,-0.055852588217968235,-0.06164594284855229,1.8773566419217425,0,neutral,0,0,0,0,-0.34931840311587753,11.860248447205029,14.0,20.0,15.0,0.0,10.0,70.86024844720504,2,short,SOL,2,2,29,20.0,20700000,6.799999999999983,ascending,20700000,0.0,0,winner,True,0.4107883817427371,1.4431535269709541,"['15m', '1h']",['support']
True,bearish,0.013143852765913124,True,bearish,0.06428513046508545,0,0,0,True,bearish,0.03912319556083148,1,{},{},{},{},{},[],0,0.46969696969697555,0.28375286041190184,0.6212121212121192,0.005046078527976503,0.8906178489702652,0.6041189931350093,2,True,True,ascending,0,0.024062783759242465,5.967654986522916,1.168103448275869,1.1853448275862104,,1,1,1,0,0,0,0,1738989900000,bearish,1,1739008800000,4,bearish,4,2.0611111111111155e-07,0.0,True,"[{'timeframe': '1h', 'zone_kind': 'support', 'distance_to_entry_r': 1.1853448275862104, 'distance_to_target_r': 0.8146551724137896}, {'timeframe': '15m', 'zone_kind': 'support', 'distance_to_entry_r': 1.168103448275869, 'distance_to_target_r': 0.831896551724131}]",4h favorable zone; 1h favorable zone; 1h opposite zone before target; 15m favorable zone; 15m opposite zone before target,nested child aligned with parent,1,1,45,0.8888888888888888,0.24436903074301605,0.9900047649989188,17.395556500478417,0.03498727735369023,3950181818.1816406,0.24436903074301605,0.7556309692569839,True,1.0,descending,,,,,,,,,,,,,1.7307692307692308,0.3772264631043255,1h_only,-1.1252652710575735,0.16848281642917406,-0.020235092778221442,-0.00745318840070841,-0.07397583871310409,-0.015360668922194787,-0.10596061736959739,-0.07355574903982653,-1.1200764013783517,0,bearish,0,0,0,0,-0.8789521228545744,12.647727272727298,14.0,20.0,15.0,0.0,10.0,71.6477272727273,1,short,SOL,2,2,26,20.0,18000000,5.930000000000007,ascending,18000000,0.0,0,loser,True,1.168103448275869,0.8146551724137896,"['15m', '1h']",['support']
False,bearish,0.008688095038807242,False,bearish,0.06205510559981987,0,0,0,False,bearish,0.042377615992274235,1,{},{},{},{},{},[],0,0.6081871345029165,1.1529933481152965,0.8654970760233818,0.005182676518883369,1.119733924611969,1.8957871396895973,3,True,True,ascending,0,0.02525911708253371,3.504559270516552,1.0614334470989886,1.0546075085324322,8.122866894198015,2,2,2,0,0,0,0,1739022300000,neutral,2,1739028600000,2,bearish,1,2.0308641975308768e-07,0.0,True,"[{'timeframe': '1h', 'zone_kind': 'resistance', 'distance_to_entry_r': 1.0546075085324322, 'distance_to_target_r': 0.9453924914675679}, {'timeframe': '15m', 'zone_kind': 'resistance', 'distance_to_entry_r': 1.0614334470989886, 'distance_to_target_r': 0.9385665529010114}]",1h favorable zone; 1h opposite zone before target; 15m favorable zone; 15m opposite zone before target,nested child aligned with parent,2,2,22,0.8846153846153846,1.240444396966137,0.9087256027554532,16.9185881297206,0.7060744611365122,3876410.7307128906,1.240444396966137,-0.24044439696613695,True,1.0,symmetrical,,,,,,,,,,,,,0.88,0.34030045721750535,1h_only,-1.1002359069629464,-0.05936073059359881,0.005033704256741878,0.013886789660030985,-0.06371105167222768,-0.0059555697017684706,-0.09749033428004017,-0.06160009633682306,-1.0963904948408474,0,bearish,0,0,0,0,2.57675628794456,14.39473684210518,8.0,20.0,0.0,0.0,10.0,52.39473684210518,2,long,SOL,2,2,25,20.0,16200000,5.210000000000008,ascending,16200000,0.0,0,loser,True,1.0546075085324322,0.9385665529010114,"['15m', '1h']",['resistance']
False,bullish,0.02070847780665089,True,bearish,0.03840599875827097,0,1,0,True,bearish,0.04280495593548003,1,{},{},{},{},{},[],0,0.6101694915254433,0.29605263157895867,0.677966101694921,0.005680779663247518,0.9584703947368494,0.48519736842105554,2,True,True,ascending,1,0.011736818367753655,9.300268096514628,0.042944785276069555,0.37730061349693045,4.837423312883452,2,0,0,1,1,0,1,1739089800000,bullish,2,1739108700000,0,bearish,0,2.072222222222227e-07,0.0031358183204269704,True,"[{'timeframe': '1h', 'zone_kind': 'support', 'distance_to_entry_r': 0.37730061349693045, 'distance_to_target_r': 1.6226993865030697}, {'timeframe': '15m', 'zone_kind': 'support', 'distance_to_entry_r': 0.042944785276069555, 'distance_to_target_r': 1.9570552147239304}]",4h favorable zone; 1h favorable zone; 1h opposite zone before target; 15m favorable zone; 15m opposite zone before target,nested child aligned with parent,1,0,,,,,,,,,,,,,31,0.7058823529411765,1.031951697292289,0.7105135821436238,16.019724913096148,0.5322334249923615,161483352.46850586,1.031951697292289,-0.031951697292289194,True,1.0,symmetrical,0.4626865671641791,0.4347693247784914,4h_only,1.8242860013831055,0.3433242506811969,0.03105044831159076,0.00949620490549652,-0.008904157024891113,0.030313731338929895,-0.04980821650321199,-0.009522611470360598,1.8199053033908612,1,bearish,1,0,0,0,-0.6719515710579479,13.703389830508614,14.0,20.0,0.0,20.0,10.0,77.70338983050861,1,short,SOL,2,2,67,12.386382434811527,54000000,14.230000000000018,ascending,54000000,0.0,3,winner,True,0.042944785276069555,1.6226993865030697,"['15m', '1h']",['support']
False,bullish,0.010119643467432887,True,bearish,0.023746828694162996,0,0,0,True,bearish,0.04424572738284393,1,{},{},{},{},{},[],0,0.37719298245615085,0.2905405405405452,0.552631578947371,0.006393938786554547,0.8875198728139708,0.7702702702702612,6,True,True,ascending,0,0.022540335336918654,-2.9929824561403393,0.5777777777777722,3.000000000000063,35.311111111112034,1,0,1,0,1,1,0,1739180700000,bullish,2,1739181600000,4,neutral,2,3.725490196078424e-07,0.0,True,"[{'timeframe': '15m', 'zone_kind': 'support', 'distance_to_entry_r': 0.5777777777777722, 'distance_to_target_r': 1.4222222222222278}]",4h favorable zone; 1h favorable zone; 15m favorable zone; 15m opposite zone before target,nested child aligned with parent,2,0,49,0.8,0.9177333167640119,0.9395733729314028,10.746991865547418,0.3303013075611143,266864716.00683594,0.9177333167640119,0.08226668323598808,True,1.0,symmetrical,37,1.0,0.8316583127666258,1.0,18.772402789430945,0.4115490375802017,537482405.3452148,0.8316583127666258,0.1683416872333742,True,1.0,symmetrical,1.6896551724137931,0.4957362137578168,both,-1.5520826925430113,0.037135278514590975,0.021499640395345354,0.011048220433786948,0.0024845624632399144,0.02693151877185951,-0.051759401053458,-0.010233143650033583,-1.545542900605844,2,bearish,1,0,0,0,-1313529411764.6765,11.835526315789547,18.0,20.0,15.0,20.0,10.0,94.83552631578955,1,short,SOL,2,2,29,20.0,15300000,8.719999999999999,ascending,15300000,0.0,0,loser,True,0.5777777777777722,1.4222222222222278,['15m'],['support']
False,bullish,0.012026475402982113,True,bearish,0.021184722819941472,0,0,0,True,bearish,0.04351203814119831,1,{},{},{},{},{},[],0,0.3561643835616225,0.19730601403907475,0.49315068493151326,0.003693396413946527,0.5716131612545766,0.5539745778789738,2,True,True,ascending,0,0.017766618842658986,9.79407806191125,0.1544117647058778,0.1544117647058778,5.500000000000005,1,0,1,0,1,1,0,1739191500000,bullish,4,1739195100000,8,bearish,2,2.231231231231225e-07,0.0,True,"[{'timeframe': '1h', 'zone_kind': 'support', 'distance_to_entry_r': 0.1544117647058778, 'distance_to_target_r': 1.8455882352941222}, {'timeframe': '15m', 'zone_kind': 'support', 'distance_to_entry_r': 0.1544117647058778, 'distance_to_target_r': 1.8455882352941222}]",4h favorable zone; 1h favorable zone; 1h opposite zone before target; 15m favorable zone; 15m opposite zone before target,nested child aligned with parent,4,0,52,0.7619047619047619,0.8452598267024843,0.9456062022830293,10.746991865547418,0.3303013075611143,256064716.00683594,0.8452598267024843,0.15474017329751563,True,1.0,symmetrical,38,1.0,0.7870567314062552,1.0,18.772402789430945,0.4115490375802017,523082405.34521484,0.7870567314062552,0.21294326859374477,True,1.0,symmetrical,1.2682926829268293,0.5798749289368952,both,-1.112344475674163,0.24299999999999544,0.014327235061825538,0.0021028018977999885,-0.0010125387161851185,0.020586409546068607,-0.043575164536940214,-0.0020442438570060784,-1.1093721288590057,4,bearish,1,0,0,0,-0.38298749484676053,9.526395990782678,14.0,20.0,15.0,20.0,10.0,88.52639599078267,1,short,SOL,2,2,41,20.0,33300000,10.199999999999989,ascending,33300000,0.0,0,loser,True,0.1544117647058778,1.8455882352941222,"['15m', '1h']",['support']
True,bullish,0.012429853945693578,False,bearish,0.01886636700116852,0,3,0,False,bearish,0.04351203814119831,1,{},{},{},{},{},[],0,0.884337349397593,3.0679205851619726,0.8939759036144586,0.012384051284541845,2.1316614420062754,3.469174503657261,0,True,True,ascending,0,0.0141304347826087,18.615384615384528,0.06699346405228697,1.1062091503267937,1.834967320261435,3,3,3,0,0,0,0,1739196000000,bullish,3,1739200500000,6,neutral,2,1.7539682539682527e-07,0.0,True,"[{'timeframe': '4h', 'zone_kind': 'resistance', 'distance_to_entry_r': 1.834967320261435, 'distance_to_target_r': 0.1650326797385651}, {'timeframe': '1h', 'zone_kind': 'resistance', 'distance_to_entry_r': 1.1062091503267937, 'distance_to_target_r': 0.8937908496732064}, {'timeframe': '15m', 'zone_kind': 'resistance', 'distance_to_entry_r': 0.06699346405228697, 'distance_to_target_r': 1.933006535947713}]",4h favorable zone; 4h opposite zone before target; 1h favorable zone; 1h opposite zone before target; 15m favorable zone; 15m opposite zone before target,nested child aligned with parent,3,0,54,0.7446808510638298,1.286150382538683,0.9444266759624721,10.746991865547418,0.3303013075611143,248864716.00683594,1.286150382538683,-0.2861503825386831,True,1.0,symmetrical,,,,,,,,,,,,,1.173913043478261,0.5798749289368952,1h_only,-1.0509772905692518,0.09210526315789469,0.039536421980527425,0.026275621269550076,0.018930606380969772,0.03890195766294946,-0.043575164536940214,-0.0020442438570060784,-1.0493330266445127,0,bearish,1,0,0,0,1.867768595041324,14.602409638554219,8.0,20.0,15.0,0.0,10.0,67.60240963855422,3,long,SOL,2,2,46,20.0,37800000,10.199999999999989,ascending,37800000,0.0,0,loser,True,0.06699346405228697,0.1650326797385651,"['15m', '1h', '4h']",['resistance']
True,bearish,0.00710977355222295,True,bearish,0.023689794544668318,0,0,0,True,bearish,0.05202938038739687,1,{},{},{},{},{},[],0,0.6422018348623989,0.6806028196402678,0.9082568807339505,0.02622512397713607,5.053205855344881,1.0597958191541088,0,True,True,ascending,0,0.011180537475773097,0.9974126778784012,0.2343173431734277,0.6014760147601441,0.8634686346863404,4,0,0,4,4,0,0,1739433600000,bearish,4,1739524500000,0,bearish,0,1.5905349794238661e-07,0.0,True,"[{'timeframe': '4h', 'zone_kind': 'support', 'distance_to_entry_r': 0.8634686346863404, 'distance_to_target_r': 1.1365313653136597}, {'timeframe': '1h', 'zone_kind': 'support', 'distance_to_entry_r': 0.6014760147601441, 'distance_to_target_r': 1.3985239852398559}, {'timeframe': '15m', 'zone_kind': 'support', 'distance_to_entry_r': 0.2343173431734277, 'distance_to_target_r': 1.7656826568265722}]",4h favorable zone; 4h opposite zone before target; 1h favorable zone; 1h opposite zone before target; 15m favorable zone; 15m opposite zone before target,nested child aligned with parent,4,0,,,,,,,,,,,,,61,1.0,0.2341462291660264,1.0,17.355585873679257,0.5575601374570446,579328197.2265625,0.2341462291660264,0.7658537708339735,True,1.0,symmetrical,0.8840579710144928,0.21520618556701004,4h_only,-1.053902270659322,-0.08620689655172042,-0.0189160701823623,-0.012024661038314899,-0.040977104661688246,-0.018682498014026105,-0.0862518249901546,-0.04064227872475923,-1.053358754705748,12,bearish,3,0,0,0,-36.40077821011603,14.655963302752314,8.0,20.0,0.0,20.0,10.0,72.65596330275231,4,short,SOL,2,2,69,20.0,48600000,10.019999999999982,ascending,48600000,0.0,0,loser,True,0.2343173431734277,1.1365313653136597,"['15m', '1h', '4h']",['support']
True,bearish,0.007634081685504235,True,bearish,0.01580190756839633,0,0,0,True,bearish,0.05326466531585304,1,{},{},{},{},{},[],0,0.4528301886792078,0.3664122137404279,0.4528301886792078,0.00432340073005918,1.27480916030531,0.8091603053435118,7,True,True,ascending,0,0.017291832934291262,17.553846153845598,0.34545454545456333,1.5636363636363928,2.1818181818182256,2,0,0,2,2,0,0,1739711700000,bearish,2,1739729700000,0,bearish,0,5.158730158730204e-08,0.0,True,"[{'timeframe': '1h', 'zone_kind': 'support', 'distance_to_entry_r': 1.5636363636363928, 'distance_to_target_r': 0.43636363636360725}, {'timeframe': '15m', 'zone_kind': 'support', 'distance_to_entry_r': 0.34545454545456333, 'distance_to_target_r': 1.6545454545454368}]",4h favorable zone; 1h favorable zone; 1h opposite zone before target; 15m favorable zone; 15m opposite zone before target,nested child aligned with parent,2,0,,,,,,,,,,,,,74,1.0,0.21657329409131243,1.0,18.90956830900619,0.49282004277421243,790053812.7712402,0.21657329409131243,0.7834267059086876,True,1.0,symmetrical,3.5238095238095237,0.05468988695386473,4h_only,1.6706072225412416,0.07917888563049313,-0.014548245339929822,-0.00707847767110259,-0.028670247703549645,-0.013529040122200908,-0.07149176935410506,-0.0231815728389696,1.67150635684221,4,bearish,2,0,0,0,-1.0245398773005912,10.900195434711076,14.0,20.0,0.0,20.0,10.0,74.90019543471108,2,short,SOL,2,2,21,20.0,12600000,1.789999999999992,ascending,12600000,0.0,0,winner,True,0.34545454545456333,0.43636363636360725,"['15m', '1h']",['support']
True,bearish,0.033734781182900984,True,bearish,0.05047669845479546,0,0,0,True,bearish,0.07315931147816969,1,{},{},{},{},{},[],0,0.6536312849162129,1.1226252158894756,0.765363128491626,0.010142993112226153,1.7280752254845335,1.7175206294377137,1,True,True,symmetrical,1,0.02444068433916137,3.3076923076924913,,,,1,1,1,0,0,0,0,1739854800000,bearish,1,1739858400000,1,bearish,1,9.222222222222203e-08,0.002711893272778713,False,[],4h favorable zone; 1h favorable zone; 15m favorable zone,nested child aligned with parent,1,1,16,1.0,0.07964679911699794,1.0,16.48090508122063,0.5195121951219508,21954929.577392578,0.07964679911699794,0.9203532008830021,True,1.0,symmetrical,,,,,,,,,,,,,0.5925925925925926,0.48048780487804915,1h_only,1.8451143320459178,0.2410126582278448,-0.047677192435032434,-0.016066964664501304,-0.09055094477088443,-0.04679303966057702,-0.13675395654109235,-0.07856094658012991,1.8430267565433547,0,bearish,0,0,0,0,-2.7922480620153176,14.120111731843597,20.0,20.0,15.0,0.0,10.0,79.1201117318436,1,short,SOL,2,2,27,13.218840234517822,18000000,5.909999999999997,symmetrical,18000000,-1.2444444444444337e-07,2,winner,False,,,[],[]
True,bearish,0.03888803144494006,True,bearish,0.05309464540645108,0,0,0,True,bearish,0.07315931147816969,1,{},{},{},{},{},[],0,0.918918918918916,4.122282844028735,0.9401544401544398,0.059367555175978796,9.150428682774729,4.486013683207756,1,True,True,symmetrical,1,0.020621827411167405,-1.6923076923075087,,,,1,1,1,0,0,0,0,1739859300000,bearish,1,1740129300000,1,bearish,1,9.222222222222203e-08,0.002711893272778713,False,[],4h favorable zone; 1h favorable zone; 15m favorable zone,nested child aligned with parent,1,1,17,0.8484848484848485,-1.1156511350059746,0.8614337822671159,16.48090508122063,0.5195121951219508,18354929.577392578,-1.1156511350059746,2.1156511350059746,True,1.0,symmetrical,,,,,,,,,,,,,0.53125,0.48048780487804915,1h_only,-1.0256071942396707,-0.20257510729613326,-0.08995040314016356,-0.05656210065519063,-0.10815963277746354,-0.06383016749637149,-0.13675395654109235,-0.07856094658012991,-1.0225622054473167,0,bearish,0,0,0,0,-10566000000000.002,14.77557915057915,20.0,20.0,15.0,0.0,10.0,79.77557915057915,1,short,SOL,2,2,32,13.218840234517822,18000000,5.909999999999997,symmetrical,18000000,-1.2444444444444337e-07,2,loser,False,,,[],[]
True,bullish,0.010059887468550622,False,bearish,0.04699279602149945,0,0,0,False,bearish,0.10550056714994385,1,{},{},{},{},{},[],0,0.5223214285714336,1.1309264897781797,0.18303571428571203,0.022151716181136448,3.7117587356821837,2.165192595814614,0,True,True,descending,0,0.011054813450023003,2.7500000000001137,2.215596330275236,3.8944954128440474,3.3555045871559734,4,4,4,0,0,0,0,1740131100000,bullish,4,1740151800000,12,bearish,3,0.0,0.0,False,[],1h favorable zone; 15m favorable zone,nested child aligned with parent,4,4,51,0.8,1.1304497799705227,0.8861217001470582,17.209920594767052,0.7096525096525107,41080739.93481445,1.1304497799705227,-0.13044977997052257,True,1.0,ascending,,,,,,,,,,,,,1.3076923076923077,0.25791505791505787,1h_only,-1.0608329086751171,-0.3701030927835083,0.02214545498937137,0.011742047160121283,-0.028139122586922083,0.018370318271967445,-0.1210421224200382,-0.031205247765739186,-1.058765990160936,0,bearish,0,0,0,0,18.45454545454556,8.320312500000023,14.0,20.0,0.0,0.0,10.0,52.32031250000002,4,long,SOL,2,2,39,20.0,16200000,3.3400000000000034,descending,16200000,-8.888888888888875e-08,0,loser,False,,,[],[]
True,bearish,0.004356087760532514,True,bearish,0.033039913069036975,0,0,0,True,bearish,0.10973567411586342,1,{},{},{},{},{},[],0,0.8354430379746576,1.2941176470588218,0.9493670886075704,0.00501163870409696,1.6794543904517998,1.5490196078431835,9,True,True,symmetrical,0,0.007307307307307314,62.57534246575335,0.06802721088435959,,,4,4,4,0,0,0,0,1740311100000,bearish,4,1740360600000,4,bearish,1,2.1739130434782745e-08,0.0009860269252855778,True,"[{'timeframe': '15m', 'zone_kind': 'support', 'distance_to_entry_r': 0.06802721088435959, 'distance_to_target_r': 1.9319727891156404}]",4h favorable zone; 1h favorable zone; 15m favorable zone; 15m opposite zone before target,nested child aligned with parent,4,4,45,1.0,0.056808492496591326,1.0,17.31775986786767,0.6397608370702546,53857009.345703125,0.056808492496591326,0.9431915075034086,True,1.0,symmetrical,,,,,,,,,,,,,0.8333333333333334,0.276532137518686,1h_only,1.8349351736860402,0.12154696132597664,-0.012312052243498073,-0.008044206703463286,-0.0382586957133777,-0.0066956051640961745,-0.12203870978000142,-0.028434522076181024,1.8333010371815166,0,bearish,0,0,0,0,-0.43126094570927037,14.81012658227839,18.0,20.0,15.0,0.0,10.0,77.81012658227839,4,short,SOL,2,2,54,16.50698653735721,41400000,3.700000000000017,symmetrical,41400000,-1.3526570048309233e-08,3,winner,True,0.06802721088435959,1.9319727891156404,['15m'],['support']
False,bullish,0.0822647128779955,False,bullish,0.018897746970487676,0,0,0,True,bearish,0.1536676171294946,1,{},{},{},{},{},[],0,0.5922330097087505,0.33315128345167266,0.26213592233007915,0.007549333296713795,0.7064606290358779,0.5625341343528123,2,True,True,symmetrical,0,0.012548854654117808,14.300279329608998,0.19169329073482577,0.3769968051118238,,1,1,1,0,0,0,0,1740978900000,bullish,2,1741026600000,4,bullish,2,6.117647058823526e-07,0.0026871611816316624,True,"[{'timeframe': '1h', 'zone_kind': 'support', 'distance_to_entry_r': 0.3769968051118238, 'distance_to_target_r': 1.6230031948881762}, {'timeframe': '15m', 'zone_kind': 'support', 'distance_to_entry_r': 0.19169329073482577, 'distance_to_target_r': 1.8083067092651743}]",4h favorable zone; 1h favorable zone; 1h opposite zone before target; 15m opposite zone before target,nested child aligned with parent,2,1,72,0.9827586206896551,0.763711293354542,0.9992912409684477,18.623672827369237,0.2753303964757712,626313600.0,0.763711293354542,0.23628870664545798,True,1.0,symmetrical,,,,,,,,,,,,,1.263157894736842,0.7349486049926577,1h_only,1.9534522147730002,0.3429864253393654,0.09842323345967463,0.0073936595782369,0.1169474240316506,0.09385848897681748,-0.045757903772809305,0.11821241371219338,1.9481410017387806,0,bearish,0,0,0,0,-0.1610753003222957,9.036407766990301,12.0,20.0,0.0,0.0,10.0,51.0364077669903,1,short,SOL,2,2,57,17.656419409184167,45900000,40.03999999999999,symmetrical,45900000,-1.2200435729847543e-08,1,winner,True,0.19169329073482577,1.6230031948881762,"['15m', '1h']",['support']
True,bullish,0.02416826612784781,False,bearish,0.007071124290204654,0,0,0,False,bearish,0.1763875109028172,1,{},{},{},{},{},[],0,0.3283582089552283,0.45881126173096587,0.05970149253730267,0.00823685071468065,2.2820245447982455,1.3972888425442862,5,True,True,descending,0,0.020295548073325852,5.820276497695886,0.050632911392413486,7.537974683544378,10.708860759493788,4,4,4,0,0,0,0,1742043600000,bullish,4,1742122800000,4,neutral,1,0.0,0.0,True,"[{'timeframe': '15m', 'zone_kind': 'resistance', 'distance_to_entry_r': 0.050632911392413486, 'distance_to_target_r': 1.9493670886075865}]",4h favorable zone; 1h favorable zone; 15m favorable zone; 15m opposite zone before target,nested child aligned with parent,4,4,40,1.0,0.5610128515078221,1.0,16.053392658509498,0.7897469175859844,16503204.6015625,0.5610128515078221,0.43898714849217785,True,1.0,symmetrical,,,,,,,,,,,,,1.2121212121212122,0.21025308241401566,1h_only,-1.126274686109257,-0.11699779249446118,0.030192675757449994,0.00516608009566677,0.021723964606076063,0.029159370537504614,-0.138331111441514,0.016104150746489188,-1.1210285524326522,0,bearish,0,0,0,0,3.252573238321484,6.694029850746255,18.0,20.0,15.0,0.0,10.0,69.69402985074626,4,long,SOL,2,2,33,20.0,23400000,3.2399999999999807,descending,23400000,-9.27350427350422e-08,0,loser,True,0.050632911392413486,1.9493670886075865,['15m'],['resistance']
False,bullish,0.01213527082465316,False,bullish,0.007780869385901104,0,0,0,True,bearish,0.16236474181702262,1,{},{},{},{},{},[],0,0.43975903614459017,1.1670663469224893,0.43975903614459017,0.011340744609415879,2.430055955235824,2.653876898481206,3,False,True,descending,0,0.01638288080994015,9.617977528090023,2.4602510460250877,0.06276150627614073,0.8242677824267727,2,2,2,0,0,0,0,1742123700000,neutral,2,1742132700000,10,bullish,5,0.0,0.0033449930311017467,True,"[{'timeframe': '4h', 'zone_kind': 'support', 'distance_to_entry_r': 0.8242677824267727, 'distance_to_target_r': 1.1757322175732274}, {'timeframe': '1h', 'zone_kind': 'support', 'distance_to_entry_r': 0.06276150627614073, 'distance_to_target_r': 1.9372384937238594}]",4h favorable zone; 4h opposite zone before target; 1h favorable zone; 1h opposite zone before target; 15m favorable zone,nested child acceptable with parent,2,2,62,0.7142857142857143,-0.47632761202627966,0.786515351874614,14.758506650988439,0.8676184295911751,13858788.33203125,-0.47632761202627966,1.4763276120262796,True,1.0,ascending,,,,,,,,,,,,,1.5121951219512195,0.17196625567813148,1h_only,1.8466413528214325,0.10741301059001618,-0.002633116863306917,-0.014560207293777383,0.010602915197550855,0.002718171923773438,-0.12457091565796263,0.020478723077547833,1.8401025931754056,0,bearish,0,0,0,0,-3.0186915887850865,11.787650602409755,10.0,14.0,0.0,0.0,10.0,45.787650602409755,2,short,SOL,2,2,41,14.327503484449126,30600000,2.6500000000000057,descending,30600000,-5.8169934640522916e-08,4,winner,True,0.06276150627614073,1.1757322175732274,"['1h', '4h']",['support']
False,bullish,0.0016410587694752716,False,bullish,0.005344288106232066,0,0,0,True,bearish,0.16700162269519717,1,{},{},{},{},{},[],0,0.681159420289859,1.1000585137507488,0.7246376811594255,0.04670596135193617,7.3259215915740485,1.6149795201872603,0,False,True,descending,0,0.012917271407837426,-1.382022471909977,0.1598877980364655,0.2692847124824683,,2,2,2,0,0,0,0,1742133600000,neutral,2,1742425200000,12,neutral,6,0.0,0.0033449930311017467,True,"[{'timeframe': '1h', 'zone_kind': 'support', 'distance_to_entry_r': 0.2692847124824683, 'distance_to_target_r': 1.7307152875175318}, {'timeframe': '15m', 'zone_kind': 'support', 'distance_to_entry_r': 0.1598877980364655, 'distance_to_target_r': 1.8401122019635345}]",4h favorable zone; 1h favorable zone; 1h opposite zone before target; 15m favorable zone; 15m opposite zone before target,nested child acceptable with parent,2,2,65,0.6037735849056604,-1.764607173948727,0.6782489552314072,14.758506650988439,0.8676184295911751,3058788.33203125,-1.764607173948727,2.764607173948727,True,1.0,ascending,,,,,,,,,,,,,1.25,0.17196625567813148,1h_only,-1.033182080980954,-0.38687150837988193,-0.0359178157053236,-0.03744069572245967,-0.03027770701464605,-0.03527735829280321,-0.15377309390161864,-0.014501148018312704,-1.0276327439902053,0,bearish,0,0,0,0,-6260000000000.005,13.967391304347846,14.0,14.0,15.0,0.0,10.0,66.96739130434784,2,short,SOL,2,2,52,14.327503484449126,30600000,2.6500000000000057,descending,30600000,-5.8169934640522916e-08,4,loser,True,0.1598877980364655,1.7307152875175318,"['15m', '1h']",['support']
False,bullish,0.022002117852664146,False,bullish,0.004077589367203127,0,0,0,True,bearish,0.13753026013019845,1,{},{},{},{},{},[],0,0.6557377049180274,0.5468215994531842,0.7704918032786694,0.018150323843952376,3.2946001367053834,0.8339029391661128,0,True,True,descending,0,0.011134601832276301,32.189873417721174,0.49152542372881436,1.128329297820827,,4,4,4,0,0,0,0,1742468400000,bullish,4,1742776200000,4,bullish,1,0.0,0.0,True,"[{'timeframe': '1h', 'zone_kind': 'support', 'distance_to_entry_r': 1.128329297820827, 'distance_to_target_r': 0.8716707021791729}, {'timeframe': '15m', 'zone_kind': 'support', 'distance_to_entry_r': 0.49152542372881436, 'distance_to_target_r': 1.5084745762711855}]",4h favorable zone; 1h favorable zone; 1h opposite zone before target; 15m favorable zone; 15m opposite zone before target,nested child aligned with parent,4,4,16,0.8863636363636364,-0.6316434995911682,0.9171803451919693,16.87830707353962,0.7236180904522594,-1500000.0,-0.6316434995911682,1.6316434995911682,True,1.0,symmetrical,,,,,,,,,,,,,0.37209302325581395,0.41457286432160906,1h_only,-1.0522890286535047,-0.164201183431945,0.0010335026080836585,-0.02053898625357442,0.004568601624903579,0.00047045628467334843,-0.09687372121894344,0.03120997407623216,-1.0477137310373008,0,bearish,0,0,0,0,-1.705859221392073,14.13934426229501,14.0,20.0,0.0,0.0,10.0,58.13934426229501,4,short,SOL,2,2,43,20.0,32400000,3.3000000000000114,descending,32400000,-4.876543209876582e-08,0,loser,True,0.49152542372881436,0.8716707021791729,"['15m', '1h']",['support']
True,bullish,0.016863678948111686,True,bullish,0.03622017393404055,0,0,0,False,bearish,0.08273577257858118,1,{},{},{},{},{},[],0,0.7961165048543615,1.53414405986902,0.7961165048543615,0.006425815614864262,1.6803520077607517,1.9270346117867139,5,True,True,symmetrical,0,0.021261516654854682,3.3500000000000227,,1.6818181818181928,6.616883116883168,1,1,1,0,0,0,0,1742895000000,bullish,1,1742908500000,1,bullish,1,4.2798353909464696e-08,0.001613089431980562,True,"[{'timeframe': '1h', 'zone_kind': 'resistance', 'distance_to_entry_r': 1.6818181818181928, 'distance_to_target_r': 0.3181818181818073}]",4h favorable zone; 1h favorable zone; 1h opposite zone before target; 15m favorable zone,nested child aligned with parent,1,1,35,1.0,0.4939588779763966,1.0,17.52785359523911,0.6277027027027036,48191173.3046875,0.4939588779763966,0.5060411220236034,True,1.0,symmetrical,,,,,,,,,,,,,1.0294117647058822,0.2804054054054056,1h_only,1.7589436630324884,0.11795774647887103,0.021477730334956036,0.004179856168526452,0.057108636425267756,0.01812595908610004,-0.03384836023589721,0.05009097971638243,1.7531326492036086,0,bearish,0,0,0,0,3.412935323382942,14.235436893203856,16.0,20.0,15.0,0.0,10.0,75.23543689320385,1,long,SOL,2,2,34,17.19345528400972,24300000,4.150000000000006,symmetrical,24300000,-8.06584362139921e-08,2,winner,True,1.6818181818181928,0.3181818181818073,['1h'],['resistance']
True,bearish,0.004927271941703987,False,bullish,0.022037816607846653,0,0,0,True,bearish,0.05435619599446248,1,{},{},{},{},{},[],0,0.4905660377358845,0.4788213627992996,0.9056603773585229,0.004862018343681364,1.24654696132596,0.9760589318600402,3,True,True,ascending,0,0.019380804953560343,5.450479233226929,0.5333333333333348,0.02962962962962386,0.02962962962962386,2,2,2,0,0,0,0,1743117300000,bearish,4,1743136200000,8,bullish,2,1.086805555555554e-07,0.0,True,"[{'timeframe': '4h', 'zone_kind': 'support', 'distance_to_entry_r': 0.02962962962962386, 'distance_to_target_r': 1.970370370370376}, {'timeframe': '1h', 'zone_kind': 'support', 'distance_to_entry_r': 0.02962962962962386, 'distance_to_target_r': 1.970370370370376}, {'timeframe': '15m', 'zone_kind': 'support', 'distance_to_entry_r': 0.5333333333333348, 'distance_to_target_r': 1.4666666666666652}]",4h favorable zone; 4h opposite zone before target; 1h favorable zone; 1h opposite zone before target; 15m favorable zone; 15m opposite zone before target,nested child aligned with parent,4,2,23,0.9230769230769231,0.6909716789234854,0.9889833858349473,18.96892031226982,0.08944954128440084,517292307.6923828,0.6909716789234854,0.30902832107651457,True,1.0,descending,,,,,,,,,,,,,0.6052631578947368,0.9747706422018382,1h_only,1.7370406529937437,0.23701298701298845,-0.00566981544231826,-0.0007742736493172586,0.018909783476436237,-0.0034669154558886195,-0.0332824158280326,0.02033312099722373,1.7282721097727922,0,bearish,0,0,0,0,-1.2696365767877695,13.63265015703176,8.0,20.0,0.0,0.0,10.0,51.63265015703176,2,short,SOL,2,2,38,20.0,28800000,4.25,ascending,28800000,0.0,0,winner,True,0.02962962962962386,1.4666666666666652,"['15m', '1h', '4h']",['support']
True,bearish,0.00662365354626491,True,bearish,0.0380743144127305,0,0,0,True,bearish,0.07689964796035859,1,{},{},{},{},{},[],0,0.510204081632651,0.6518904823989556,0.8469387755102133,0.004247880643722062,0.6970213619496628,1.2777053455019582,2,True,True,symmetrical,0,0.019294743845642018,7.833855799373168,0.4879518072289053,0.12650602409638095,0.12650602409638095,1,1,1,0,0,0,0,1743411600000,bearish,3,1743430500000,3,bearish,1,1.1025641025641018e-07,0.0,True,"[{'timeframe': '4h', 'zone_kind': 'support', 'distance_to_entry_r': 0.12650602409638095, 'distance_to_target_r': 1.873493975903619}, {'timeframe': '1h', 'zone_kind': 'support', 'distance_to_entry_r': 0.12650602409638095, 'distance_to_target_r': 1.873493975903619}, {'timeframe': '15m', 'zone_kind': 'support', 'distance_to_entry_r': 0.4879518072289053, 'distance_to_target_r': 1.5120481927710947}]",4h favorable zone; 4h opposite zone before target; 1h favorable zone; 1h opposite zone before target; 15m favorable zone; 15m opposite zone before target,nested child aligned with parent,3,1,56,1.0,0.5415493196701832,1.0,20.0,0.3606557377049165,293890909.0908203,0.5415493196701832,0.45845068032981684,True,1.0,descending,,,,,,,,,,,,,1.696969696969697,0.6317780580075675,1h_only,-1.118295956971468,0.010376134889747868,-0.007964520932204455,-0.0014028395305724084,-0.04357427625255772,-0.007429572294289866,-0.1058843309622185,-0.03986838876754195,-1.110731177725934,0,bearish,0,0,0,0,-0.556222488995605,12.609065863542229,8.0,20.0,15.0,0.0,10.0,65.60906586354223,1,short,SOL,2,2,33,20.0,23400000,5.010000000000005,symmetrical,23400000,-2.6068376068376043e-08,0,loser,True,0.12650602409638095,1.5120481927710947,"['15m', '1h', '4h']",['support']
False,bearish,0.005938459760169257,False,bearish,0.036833436709305806,0,0,0,False,bearish,0.07873151727449779,1,{},{},{},{},{},[],0,0.6422018348623859,0.6448641179180133,0.6605504587155933,0.006239140736060591,0.7277752187931762,1.0041455550437628,4,False,True,ascending,0,0.0012228260869565659,655.1111111110858,0.5617715617715621,0.3216783216783212,2.0186480186480216,2,2,2,0,0,0,0,1743435000000,neutral,2,1743624900000,4,bearish,2,5.882352941176694e-09,0.00084315274048329,True,"[{'timeframe': '1h', 'zone_kind': 'resistance', 'distance_to_entry_r': 0.3216783216783212, 'distance_to_target_r': 1.6783216783216788}, {'timeframe': '15m', 'zone_kind': 'resistance', 'distance_to_entry_r': 0.5617715617715621, 'distance_to_target_r': 1.438228438228438}]",4h favorable zone; 1h favorable zone; 1h opposite zone before target; 15m favorable zone; 15m opposite zone before target,nested child acceptable with parent,2,2,62,0.9512195121951219,0.9510526229427487,0.9908687996357073,18.819314388079132,0.37434554973821865,330973426.5734863,0.9510526229427487,0.048947377057251315,True,1.0,descending,,,,,,,,,,,,,1.55,0.4816753926701588,1h_only,1.9143976205946618,-0.8831341301460847,0.011247493321886237,0.017356978910354037,-0.030863520559352375,0.005012018784774197,-0.11629293019252085,-0.05021077658932227,1.9035619100490244,0,bearish,0,0,0,0,1.2277815468113953,13.727064220183475,14.0,14.0,0.0,0.0,10.0,51.72706422018348,2,long,SOL,2,2,40,18.578423629758355,30600000,3.680000000000007,ascending,30600000,0.0,1,winner,True,0.3216783216783212,1.438228438228438,"['15m', '1h']",['resistance']
False,bearish,0.014464107775601927,False,bearish,0.053307025836740275,0,0,0,False,bearish,0.09925718409105237,1,{},{},{},{},{},[],0,0.8552631578947372,0.7970570202329847,0.8947368421052652,0.044023696131955135,3.0983036991620843,0.931943592887797,2,True,True,symmetrical,0,0.02317365269461087,0.8914728682169653,0.178387650085762,1.1132075471698109,1.8096054888507696,1,1,1,0,0,0,0,1743783300000,neutral,1,1743957900000,2,bearish,2,6.074074074074128e-08,0.001369355302625564,True,"[{'timeframe': '4h', 'zone_kind': 'resistance', 'distance_to_entry_r': 1.8096054888507696, 'distance_to_target_r': 0.19039451114923053}, {'timeframe': '1h', 'zone_kind': 'resistance', 'distance_to_entry_r': 1.1132075471698109, 'distance_to_target_r': 0.8867924528301893}, {'timeframe': '15m', 'zone_kind': 'resistance', 'distance_to_entry_r': 0.178387650085762, 'distance_to_target_r': 1.821612349914238}]",4h opposite zone before target; 1h opposite zone before target; 15m favorable zone; 15m opposite zone before target,nested child aligned with parent,1,1,43,0.9230769230769231,0.8750500303888278,0.9807500032529942,17.910307102907137,0.7220141489804407,36056023.0546875,0.8750500303888278,0.1249499696111722,True,1.0,symmetrical,,,,,,,,,,,,,1.72,0.2779858510195593,1h_only,-1.0373617212600086,-0.46560846560846847,0.011861490894337967,0.026890728479068038,-0.049896069718792346,0.0007912180297715565,-0.1315004237951478,-0.049568658910742025,-1.0295303599199972,0,bearish,0,0,0,0,22.971014492756055,14.605263157894743,0.0,20.0,0.0,0.0,10.0,44.60526315789474,1,long,SOL,2,2,25,18.315322348687218,13500000,6.680000000000007,symmetrical,13500000,-2.2592592592592676e-07,1,loser,True,0.178387650085762,0.19039451114923053,"['15m', '1h', '4h']",['resistance']
False,bullish,0.0006411045191900082,True,bearish,0.06903611324981919,0,0,0,True,bearish,0.1324418820825048,1,{},{},{},{},{},[],0,0.6406249999999941,0.6887862242755087,0.9296874999999974,0.010719708472517422,0.9883802323953483,1.0751784964300724,1,True,True,ascending,0,0.018784067085953916,19.718749999999886,0.9380281690140848,,,1,1,1,0,0,0,0,1744123500000,neutral,1,1744161300000,1,bearish,1,1.18518518518519e-07,0.00041351568785187744,True,"[{'timeframe': '15m', 'zone_kind': 'support', 'distance_to_entry_r': 0.9380281690140848, 'distance_to_target_r': 1.0619718309859152}]",4h favorable zone; 1h favorable zone; 15m favorable zone; 15m opposite zone before target,nested child aligned with parent,1,1,31,1.0,0.2994779307071674,1.0,20.0,0.6998332406892717,18546147.736328125,0.2994779307071674,0.7005220692928327,True,1.0,symmetrical,,,,,,,,,,,,,1.24,0.26514730405781034,1h_only,1.932292755629308,-0.6455555555555559,-0.006318861346494731,-0.00695148634663012,-0.05804616750639635,0.007468320077300472,-0.15282473167829158,-0.04575727948709529,1.9196816563725865,0,bearish,0,0,0,0,-0.5594294770205986,14.73632812499999,18.0,20.0,15.0,0.0,10.0,77.73632812499999,1,short,SOL,2,2,25,18.79324215607406,18900000,4.77000000000001,ascending,18900000,0.0,1,winner,True,0.9380281690140848,1.0619718309859152,['15m'],['support']
True,bearish,0.02033264278944176,True,bearish,0.07420606876912537,0,0,0,True,bearish,0.1450601131372674,1,{},{},{},{},{},[],0,0.6473684210526292,1.2281577633549556,0.9684210526315776,0.03426028921023346,3.5879514062239783,1.8971542685970932,2,True,True,symmetrical,0,0.015314054726368055,16.974619289340467,,,,2,2,2,0,0,0,0,1744162200000,bearish,2,1744178400000,2,bearish,1,6.990740740740699e-08,0.0,False,[],4h favorable zone; 1h favorable zone; 15m favorable zone,nested child aligned with parent,2,2,42,0.9393939393939394,-0.13168386208229768,0.9675155547860564,18.947629383401843,0.4847137298499171,105147247.70654297,-0.13168386208229768,1.1316838620822978,True,1.0,symmetrical,,,,,,,,,,,,,1.3125,0.223457476375764,1h_only,-1.0390203545725663,-0.23798882681564137,-0.06090730698665903,-0.04262700073713721,-0.09541848392581365,-0.030328885463239308,-0.19491620610785354,-0.0884617088716223,-1.0302614193419113,0,bearish,0,0,0,0,-2.578947368421021,14.881578947368418,20.0,20.0,15.0,0.0,10.0,79.88157894736841,2,short,SOL,2,2,32,20.0,21600000,4.019999999999996,symmetrical,21600000,-2.1296296296296005e-08,0,loser,False,,,[],[]
False,bearish,0.008852710871181873,False,bearish,0.06767394655259308,0,0,0,False,bearish,0.14848529079187248,1,{},{},{},{},{},[],0,0.7615384615384702,0.8071748878923846,0.9076923076923149,0.008373512831063242,0.7325646685998671,1.0599266204647353,1,True,True,symmetrical,0,0.003751493428912767,165.8662420382176,0.006688963210701006,2.122073578595316,3.7107023411371185,1,1,1,0,0,0,0,1744218000000,neutral,1,1744222500000,1,bearish,1,2.075471698113197e-08,0.003260483291569489,True,"[{'timeframe': '15m', 'zone_kind': 'resistance', 'distance_to_entry_r': 0.006688963210701006, 'distance_to_target_r': 1.993311036789299}]",15m favorable zone; 15m opposite zone before target,nested child aligned with parent,1,1,27,0.9523809523809523,0.9398733301988553,0.9934997400502806,17.461722866287538,0.4482126489459214,83933742.33129883,0.9398733301988553,0.06012666980114463,True,1.0,symmetrical,,,,,,,,,,,,,0.43548387096774194,0.6186984417965171,1h_only,1.9636603923150937,0.33469110658519996,0.012834230351147946,0.0219977984422306,-0.052572940137388335,0.012333996152937843,-0.17964312443179697,-0.06585392273066737,1.9491148450514224,0,bearish,0,0,0,0,1.1828654813563226,14.653846153846182,8.0,20.0,0.0,0.0,10.0,52.65384615384618,1,long,SOL,2,2,62,16.369758354215257,47700000,6.75,symmetrical,47700000,-1.215932914046118e-08,2,winner,True,0.006688963210701006,1.993311036789299,['15m'],['resistance']
True,bullish,0.006198760173804705,False,bearish,0.05774027877730435,0,0,0,False,bearish,0.14848529079187248,1,{},{},{},{},{},[],0,0.3046357615894049,0.4974317383076519,0.66887417218543,0.11613794316882191,6.7337934270863595,1.6328737496620696,1,True,True,symmetrical,0,0.003420479302832229,159.8662420382176,0.010303377218088543,0.06868918145392118,0.612478534630795,1,1,1,0,0,0,0,1744223400000,bullish,1,1745567100000,1,neutral,1,2.075471698113197e-08,0.003260483291569489,True,"[{'timeframe': '4h', 'zone_kind': 'resistance', 'distance_to_entry_r': 0.612478534630795, 'distance_to_target_r': 1.387521465369205}, {'timeframe': '1h', 'zone_kind': 'resistance', 'distance_to_entry_r': 0.06868918145392118, 'distance_to_target_r': 1.9313108185460788}, {'timeframe': '15m', 'zone_kind': 'resistance', 'distance_to_entry_r': 0.010303377218088543, 'distance_to_target_r': 1.9896966227819115}]",4h opposite zone before target; 1h opposite zone before target; 15m favorable zone; 15m opposite zone before target,nested child aligned with parent,1,1,28,0.8840579710144928,2.660971856334285,0.915687615730101,17.461722866287538,0.4482126489459214,80333742.33129883,2.660971856334285,-1.6609718563342848,True,1.0,symmetrical,,,,,,,,,,,,,0.4117647058823529,0.6186984417965171,1h_only,1.9961647131902955,-0.7938066465256766,0.11467632731613753,0.10702719975096664,0.04390018043366117,0.11085719498817004,-0.17964312443179697,-0.06585392273066737,1.9775239732581784,0,bearish,0,0,0,0,3.6298657317024507,11.836092715231791,0.0,20.0,15.0,0.0,10.0,56.83609271523179,1,long,SOL,2,2,68,16.369758354215257,47700000,6.75,symmetrical,47700000,-1.215932914046118e-08,2,winner,True,0.010303377218088543,1.387521465369205,"['15m', '1h', '4h']",['resistance']
False,bearish,0.005535657436936565,True,bullish,0.03489137830365194,0,0,0,True,bullish,0.06362645416395594,1,{},{},{},{},{},[],0,0.37179487179486104,0.5466540999057292,0.8589743589743417,0.0038946208688720135,1.0961357210178542,1.4703110273326934,4,True,True,symmetrical,0,0.011766222881273915,9.109589041096342,0.32000000000000456,1.9200000000000046,0.7760000000000218,2,2,2,0,0,0,0,1745716500000,bearish,8,1745717400000,24,bullish,3,1.8148148148147957e-08,0.00042761080759709215,True,"[{'timeframe': '4h', 'zone_kind': 'resistance', 'distance_to_entry_r': 0.7760000000000218, 'distance_to_target_r': 1.2239999999999782}, {'timeframe': '1h', 'zone_kind': 'resistance', 'distance_to_entry_r': 1.9200000000000046, 'distance_to_target_r': 0.07999999999999545}, {'timeframe': '15m', 'zone_kind': 'resistance', 'distance_to_entry_r': 0.32000000000000456, 'distance_to_target_r': 1.6799999999999955}]",4h favorable zone; 4h opposite zone before target; 1h favorable zone; 1h opposite zone before target; 15m favorable zone; 15m opposite zone before target,nested child aligned with parent,8,2,23,0.8529411764705882,1.085382148583631,0.9328253200061845,16.143591546201563,0.7723132969034612,-2496226.4150390625,1.085382148583631,-0.08538214858363109,True,1.0,symmetrical,,,,,,,,,,,,,0.34328358208955223,0.8433515482695788,1h_only,-1.1833954464754655,-0.22431865828091202,-0.00109051189911602,0.004463791913846826,0.03325902824513194,-0.0026956213094198045,0.10198492723117147,0.029781399243522966,-1.1700308074893142,0,bullish,0,0,0,0,2.049323308270567,11.293854380230895,8.0,20.0,15.0,0.0,10.0,64.2938543802309,2,long,SOL,2,2,67,18.786194596201454,54000000,4.6299999999999955,symmetrical,54000000,-4.9444444444444214e-08,1,loser,True,0.32000000000000456,0.07999999999999545,"['15m', '1h', '4h']",['resistance']
True,bearish,0.0020312252570601898,False,bullish,0.024119932655086312,0,0,0,False,bullish,0.06334570765561431,1,{},{},{},{},{},[],0,0.8035714285714558,0.8474576271186827,0.8214285714285823,0.0040948545173167756,1.146085552865266,1.0546139359698805,6,False,True,symmetrical,0,0.015625000000000028,15.999999999999886,0.6121212121212045,1.5878787878787852,5.763636363636338,2,2,2,0,0,0,0,1745795700000,bearish,5,1745803800000,5,bullish,1,4.8571428571428606e-08,0.00039061597442381353,True,"[{'timeframe': '1h', 'zone_kind': 'support', 'distance_to_entry_r': 1.5878787878787852, 'distance_to_target_r': 0.41212121212121483}, {'timeframe': '15m', 'zone_kind': 'support', 'distance_to_entry_r': 0.6121212121212045, 'distance_to_target_r': 1.3878787878787955}]",4h favorable zone; 1h favorable zone; 1h opposite zone before target; 15m favorable zone; 15m opposite zone before target,nested child acceptable with parent,5,2,22,1.0,0.34086217364905685,1.0,18.590164684006325,0.2971887550200829,135243243.24316406,0.34086217364905685,0.6591378263509431,True,1.0,ascending,,,,,,,,,,,,,0.55,0.6746987951807175,1h_only,1.7462400804429383,-1.6209256159527285e-14,-0.007054578752808238,-0.005047863949981912,0.020717830260345238,-0.0038080619312541586,0.10273260417719188,0.0307324608328563,1.728541420126922,0,bullish,0,0,0,0,-0.6339285714286089,12.972638918832354,14.0,14.0,0.0,0.0,10.0,50.97263891883235,2,short,SOL,2,2,40,18.80469201278809,31500000,3.359999999999985,symmetrical,31500000,-1.8095238095237877e-08,1,winner,True,0.6121212121212045,0.41212121212121483,"['15m', '1h']",['support']
True,bearish,0.001533483875230097,False,bullish,0.013713626370728345,0,0,0,False,bullish,0.06261835818794352,1,{},{},{},{},{},[],0,0.3333333333333212,0.45256744995646997,0.34615384615382233,0.003677580282567652,0.9467860251150261,1.3577023498694594,2,False,True,ascending,0,0.016007743280470624,20.004651162790424,0.11057692307693266,0.947115384615405,0.947115384615405,1,1,1,0,0,0,0,1745933400000,bearish,2,1745944200000,4,bullish,2,8.531746031746055e-08,0.0,True,"[{'timeframe': '4h', 'zone_kind': 'support', 'distance_to_entry_r': 0.947115384615405, 'distance_to_target_r': 1.052884615384595}, {'timeframe': '1h', 'zone_kind': 'support', 'distance_to_entry_r': 0.947115384615405, 'distance_to_target_r': 1.052884615384595}, {'timeframe': '15m', 'zone_kind': 'support', 'distance_to_entry_r': 0.11057692307693266, 'distance_to_target_r': 1.8894230769230673}]",4h favorable zone; 4h opposite zone before target; 1h favorable zone; 1h opposite zone before target; 15m favorable zone; 15m opposite zone before target,nested child acceptable with parent,2,1,20,0.7941176470588235,0.5301478953356136,0.9484212834131367,18.960638369208063,0.03836317135550021,1425840000.0,0.5301478953356136,0.4698521046643864,True,1.0,ascending,,,,,,,,,,,,,0.6060606060606061,1.0409207161125311,1h_only,-1.1168266485007714,-0.09289617486337587,-0.006711373869616288,-0.005196096430986952,0.009611799318299807,-0.004175823566583747,0.0856937959948223,0.016582108885043523,-1.1035996619739175,0,bullish,0,0,0,0,-0.35410369681470566,8.81444734692834,8.0,14.0,0.0,0.0,10.0,40.81444734692834,1,short,SOL,2,2,33,20.0,25200000,4.069999999999993,ascending,25200000,0.0,0,loser,True,0.11057692307693266,1.052884615384595,"['15m', '1h', '4h']",['support']
False,bearish,0.0014054119107455882,True,bullish,0.013022427906864635,0,0,0,True,bullish,0.06269939626508914,1,{},{},{},{},{},[],0,0.3608247422680651,0.463883366467893,0.5051546391752677,0.006406365904646417,1.2591119946985077,1.285619615639504,4,True,True,symmetrical,0,0.012819143253925915,21.83333333333303,0.40080971659918263,0.08097165991902378,0.6558704453441317,1,1,1,0,0,0,0,1745945100000,neutral,1,1745961300000,2,bullish,2,3.888888888888905e-08,0.0010254134731745416,True,"[{'timeframe': '4h', 'zone_kind': 'resistance', 'distance_to_entry_r': 0.6558704453441317, 'distance_to_target_r': 1.3441295546558683}, {'timeframe': '1h', 'zone_kind': 'resistance', 'distance_to_entry_r': 0.08097165991902378, 'distance_to_target_r': 1.9190283400809762}, {'timeframe': '15m', 'zone_kind': 'resistance', 'distance_to_entry_r': 0.40080971659918263, 'distance_to_target_r': 1.5991902834008174}]",4h favorable zone; 4h opposite zone before target; 1h favorable zone; 1h opposite zone before target; 15m favorable zone; 15m opposite zone before target,nested child aligned with parent,1,1,23,0.8297872340425532,1.029206770660475,0.9497463024120475,18.960638369208063,0.03836317135550021,1415040000.0,1.029206770660475,-0.02920677066047503,True,1.0,ascending,,,,,,,,,,,,,0.5,1.0409207161125311,1h_only,-1.0988174910271546,-0.339534883720938,0.006260310173130668,0.007685389154285405,0.010528369116462155,-0.002596988561946345,0.07749112619841325,0.009304489970397567,-1.0870034101358959,0,bullish,0,0,0,0,1.725190839694684,11.559278350515644,8.0,20.0,15.0,0.0,10.0,64.55927835051564,1,long,SOL,2,2,46,15.48729326341273,36000000,4.069999999999993,symmetrical,36000000,-2.7777777777777777e-08,4,loser,True,0.08097165991902378,1.3441295546558683,"['15m', '1h', '4h']",['resistance']
False,bearish,0.005370674679068355,True,bullish,0.010045230808815328,0,0,0,True,bullish,0.06147482392768126,1,{},{},{},{},{},[],0,0.6346153846154011,1.2147239263803804,0.660256410256422,0.0145513259614444,2.606485539000885,1.9141104294478226,3,False,True,descending,0,0.016975308641975256,9.818181818181984,0.09939759036144034,0.20783132530120277,0.8283132530120428,1,1,1,0,0,0,0,1745985600000,neutral,1,1746017100000,2,bullish,2,0.0,0.0,True,"[{'timeframe': '4h', 'zone_kind': 'resistance', 'distance_to_entry_r': 0.8283132530120428, 'distance_to_target_r': 1.1716867469879573}, {'timeframe': '1h', 'zone_kind': 'resistance', 'distance_to_entry_r': 0.20783132530120277, 'distance_to_target_r': 1.7921686746987973}, {'timeframe': '15m', 'zone_kind': 'resistance', 'distance_to_entry_r': 0.09939759036144034, 'distance_to_target_r': 1.9006024096385596}]",4h favorable zone; 4h opposite zone before target; 1h favorable zone; 1h opposite zone before target; 15m favorable zone; 15m opposite zone before target,nested child acceptable with parent,1,1,50,1.0,0.5995173127124094,1.0,18.09172254414232,0.3378684807256227,306531543.6242676,0.5995173127124094,0.4004826872875906,True,1.0,descending,,,,,,,,,,,,,1.3888888888888888,0.6326530612244917,1h_only,-1.075069775876454,-0.1618037135278514,0.0012800821453513578,0.006693627040490702,0.010890497267711963,0.0007284715424300536,0.07643232176263881,0.009622106001479835,-1.064668319764779,0,bullish,0,0,0,0,2.7765830346475298,13.725961538461583,8.0,14.0,15.0,0.0,10.0,60.72596153846158,1,long,SOL,2,2,36,20.0,25200000,5.5800000000000125,descending,25200000,-1.353174603174602e-07,0,loser,True,0.09939759036144034,1.1716867469879573,"['15m', '1h', '4h']",['resistance']
False,bearish,0.0039256105360732695,False,bearish,0.006985301591267905,0,0,0,True,bullish,0.04344881505131951,1,{},{},{},{},{},[],0,0.44186046511626675,0.3991596638655422,0.9767441860464671,0.003624842384746502,1.1021908763505293,0.9033613445378312,4,True,True,symmetrical,0,0.02367900106593569,2.8327974276528494,0.652631578947381,2.157894736842143,1.8315789473684525,1,1,1,0,0,0,0,1746514800000,bearish,1,1746519300000,5,bearish,5,2.4603174603174783e-08,0.00045956104769361006,True,"[{'timeframe': '4h', 'zone_kind': 'resistance', 'distance_to_entry_r': 1.8315789473684525, 'distance_to_target_r': 0.16842105263154747}, {'timeframe': '15m', 'zone_kind': 'resistance', 'distance_to_entry_r': 0.652631578947381, 'distance_to_target_r': 1.347368421052619}]",4h favorable zone; 4h opposite zone before target; 1h favorable zone; 15m favorable zone; 15m opposite zone before target,nested child aligned with parent,1,1,63,1.0,0.3958897223725926,1.0,15.368960002272956,0.39513677811550424,307135384.6154785,0.3958897223725926,0.6041102776274074,True,1.0,symmetrical,,,,,,,,,,,,,1.9090909090909092,0.6048632218844958,1h_only,-1.2247878211067436,0.13698630136986123,-0.003632295250843298,0.00028015208200593555,-0.010409608254483671,-0.003521362643140291,0.028932095295167937,-0.015098780729572714,-1.2142305740031936,0,bullish,0,0,0,0,2.667423382519919,11.75121706549147,12.0,20.0,0.0,0.0,10.0,53.751217065491474,1,long,SOL,2,2,33,17.770219476153194,25200000,3.9799999999999898,symmetrical,25200000,-9.880952380952305e-08,2,loser,True,0.652631578947381,0.16842105263154747,"['15m', '4h']",['resistance']
True,bearish,0.005933580386788507,True,bearish,0.008000930010673058,0,0,0,False,bullish,0.04251194578881269,1,{},{},{},{},{},[],0,0.5254237288135601,0.5600722673893421,0.644067796610158,0.004662815783979313,1.210478771454353,1.0659439927732623,6,True,True,descending,0,0.009434929750794687,35.3586956521749,,3.5017793594306035,0.985765124555163,1,1,1,0,0,0,0,1746529200000,bearish,1,1746568800000,5,bearish,5,0.0,0.0,True,"[{'timeframe': '4h', 'zone_kind': 'support', 'distance_to_entry_r': 0.985765124555163, 'distance_to_target_r': 1.014234875444837}]",4h favorable zone; 4h opposite zone before target; 1h favorable zone; 15m favorable zone,nested child aligned with parent,1,1,67,0.88,-0.15143633680117946,0.9591924516703433,15.368960002272956,0.39513677811550424,292735384.6154785,-0.15143633680117946,1.1514363368011795,True,1.0,symmetrical,,,,,,,,,,,,,1.3673469387755102,0.6048632218844958,1h_only,-1.0831947916133966,-0.20517928286851883,-0.01744810216438275,-0.011686182530676215,-0.025003758214896754,-0.017338134170423625,0.03293189465439439,-0.010518176471051688,-1.075163523839659,0,bullish,0,0,0,0,-0.4016292652935603,12.562020286138287,14.0,20.0,15.0,0.0,10.0,71.56202028613828,1,short,SOL,2,2,49,20.0,35100000,3.9799999999999898,descending,35100000,-5.242165242165171e-08,0,loser,True,0.985765124555163,1.014234875444837,['4h'],['support']
False,bullish,0.006287733195881864,True,bearish,0.0039003033134299794,0,0,0,False,bullish,0.037698541568258484,1,{},{},{},{},{},[],0,0.7619047619047737,1.8916256157635667,0.7698412698412745,0.003516883814869825,1.0153940886699395,2.482758620689643,2,True,True,symmetrical,0,0.009602649006622468,25.21182266009896,0.04035874439462003,0.12107623318384736,0.27802690582959616,1,1,1,0,0,0,0,1746630000000,bullish,2,1746658800000,2,bearish,1,4.913194444444417e-08,0.0,True,"[{'timeframe': '4h', 'zone_kind': 'support', 'distance_to_entry_r': 0.27802690582959616, 'distance_to_target_r': 1.721973094170404}, {'timeframe': '1h', 'zone_kind': 'support', 'distance_to_entry_r': 0.12107623318384736, 'distance_to_target_r': 1.8789237668161527}, {'timeframe': '15m', 'zone_kind': 'support', 'distance_to_entry_r': 0.04035874439462003, 'distance_to_target_r': 1.95964125560538}]",4h favorable zone; 4h opposite zone before target; 1h favorable zone; 1h opposite zone before target; 15m favorable zone; 15m opposite zone before target,nested child aligned with parent,2,1,25,0.9154929577464789,0.2894029365712351,0.9737452772260118,16.519027512572922,0.6450428396572815,18020493.358642578,0.2894029365712351,0.7105970634287648,True,1.0,symmetrical,,,,,,,,,,,,,0.35714285714285715,0.7392900856793148,1h_only,-1.102648413556211,-0.8511235955056098,0.0007998912717421813,-0.00545852224188792,-0.002918290729764794,0.0009744198064023379,0.04730687383965004,0.007527723000699149,-1.09565091223519,0,bullish,0,0,0,0,-0.32219617037904247,11.91223048420945,8.0,20.0,15.0,0.0,10.0,64.91223048420946,1,short,SOL,2,2,70,20.0,57600000,6.039999999999992,symmetrical,57600000,-2.135416666666649e-08,0,loser,True,0.04035874439462003,1.721973094170404,"['15m', '1h', '4h']",['support']
True,bullish,0.004093793177597325,False,bearish,0.0027968260311105916,0,1,0,True,bullish,0.037126921159349964,1,{},{},{},{},{},[],0,0.6666666666667097,0.47878128400437964,0.7878787878788075,0.004203674825411923,0.674646354733409,0.7181719260065231,7,True,True,ascending,0,0.0003543586109142573,2289.9999999999204,0.042207792207790557,0.042207792207790557,0.8928571428571392,1,1,1,0,0,0,0,1746659700000,bullish,4,1746697500000,4,neutral,1,1.1904761904762356e-09,0.0009307313036581139,True,"[{'timeframe': '4h', 'zone_kind': 'resistance', 'distance_to_entry_r': 0.8928571428571392, 'distance_to_target_r': 1.1071428571428608}, {'timeframe': '1h', 'zone_kind': 'resistance', 'distance_to_entry_r': 0.042207792207790557, 'distance_to_target_r': 1.9577922077922094}, {'timeframe': '15m', 'zone_kind': 'resistance', 'distance_to_entry_r': 0.042207792207790557, 'distance_to_target_r': 1.9577922077922094}]",4h favorable zone; 4h opposite zone before target; 1h favorable zone; 1h opposite zone before target; 15m favorable zone; 15m opposite zone before target,nested child aligned with parent,4,0,33,0.9714285714285714,0.952131723716381,0.9995670995671,18.291615256940613,0.5532435740514062,66305309.73461914,0.952131723716381,0.04786827628361906,True,1.0,symmetrical,,,,,,,,,,,,,0.9705882352941176,0.3047735618115071,1h_only,1.8761266250971778,0.48599670510707804,0.014240118029573257,0.01004631555486335,0.00846297067067514,0.0113153811399056,0.03340587320308863,-0.004777987286416319,1.8662653400868496,0,bullish,1,0,0,0,1.2526928675400317,13.010057692663317,8.0,20.0,15.0,0.0,10.0,66.01005769266331,1,long,SOL,2,2,34,17.534634348170943,25200000,2.490000000000009,ascending,25200000,0.0,2,winner,True,0.042207792207790557,1.1071428571428608,"['15m', '1h', '4h']",['resistance']
False,bullish,0.03133764041541233,False,bullish,0.0665762118746852,0,0,0,False,bullish,0.06070466911874853,1,{},{},{},{},{},[],0,0.8831168831169128,0.7079646017699194,0.9220779220779542,0.004780796105066955,0.8496732026143963,0.8016657990629699,3,True,True,symmetrical,0,0.02255289467565674,11.701030927835177,0.11344537815125172,8.44117647058814,10.29411764705872,3,3,3,0,0,0,0,1746876600000,bullish,3,1746894600000,6,bullish,2,5.246913580246878e-08,0.0022093068159875556,True,"[{'timeframe': '15m', 'zone_kind': 'support', 'distance_to_entry_r': 0.11344537815125172, 'distance_to_target_r': 1.8865546218487483}]",4h favorable zone; 15m favorable zone; 15m opposite zone before target,nested child aligned with parent,3,3,64,1.0,0.10990939831186297,1.0,18.059548393452925,0.8238834336395311,23803460.20751953,0.10990939831186297,0.890090601688137,True,1.0,symmetrical,,,,,,,,,,,,,2.782608695652174,0.11846689895470415,1h_only,-1.112256671248437,-0.1954285714285693,0.023297796473692456,-0.008497447971600791,0.1003432244451945,0.025237709871651415,0.19529385780142627,0.11443084678853621,-1.1043494256464066,0,bullish,0,0,0,0,-0.6471365638766599,14.378986365392675,14.0,20.0,0.0,0.0,10.0,58.37898636539268,3,short,SOL,2,2,23,14.895346592006222,16200000,3.740000000000009,symmetrical,16200000,-6.728395061728417e-08,4,loser,True,0.11344537815125172,1.8865546218487483,['15m'],['support']
True,bullish,0.024242594844563405,True,bullish,0.06667634851901871,0,0,0,True,bullish,0.06508107246675154,1,{},{},{},{},{},[],0,0.4251968503936911,0.6874602164226502,0.44881889763778626,0.004818018227201393,1.0566518141311059,1.6168045830681217,4,True,True,ascending,2,0.019591457753017485,10.8341232227491,0.11255411255412082,,0.49350649350649944,1,1,1,0,0,0,0,1746899100000,bullish,1,1746918000000,1,bullish,1,9.76851851851845e-08,0.001117474107235233,True,"[{'timeframe': '4h', 'zone_kind': 'resistance', 'distance_to_entry_r': 0.49350649350649944, 'distance_to_target_r': 1.5064935064935006}, {'timeframe': '15m', 'zone_kind': 'resistance', 'distance_to_entry_r': 0.11255411255412082, 'distance_to_target_r': 1.8874458874458793}]",4h favorable zone; 4h opposite zone before target; 1h favorable zone; 15m favorable zone; 15m opposite zone before target,nested child aligned with parent,1,1,36,0.967741935483871,0.9323603093344898,0.9878628946447079,16.629954708268034,0.6908850726552173,28331931.166259766,0.9323603093344898,0.06763969066551023,True,1.0,symmetrical,,,,,,,,,,,,,1.2,0.23712021136063452,1h_only,1.7805244120418355,-0.06710526315789722,0.03545570818022048,0.010100042358575978,0.10345407011449437,0.02783205809837086,0.1825558895248356,0.0980479194616799,1.769820823750113,0,bullish,0,0,0,0,1.8713910761154553,11.46127930930598,12.0,20.0,15.0,0.0,10.0,68.46127930930598,1,long,SOL,2,2,30,10.164670500731352,21600000,3.5900000000000034,ascending,21600000,0.0,3,winner,True,0.11255411255412082,1.5064935064935006,"['15m', '4h']",['resistance']
True,bullish,0.02339269992061692,True,bullish,0.06695432077136486,0,0,0,True,bullish,0.06679869855503656,1,{},{},{},{},{},[],0,0.7307692307692314,2.9007633587786197,0.8520710059171596,0.03447873655725836,6.9430416911332555,3.96946564885495,4,True,True,descending,0,0.017394158188381987,4.132075471698158,,,0.41259842519685147,4,4,4,0,0,0,0,1746918900000,bullish,4,1746971100000,4,bullish,1,0.0,0.0,True,"[{'timeframe': '4h', 'zone_kind': 'resistance', 'distance_to_entry_r': 0.41259842519685147, 'distance_to_target_r': 1.5874015748031485}]",4h favorable zone; 4h opposite zone before target; 1h favorable zone; 15m favorable zone,nested child aligned with parent,4,4,42,0.6521739130434783,1.7069899406757736,0.7654233430045534,16.629954708268034,0.6908850726552173,6731931.166259766,1.7069899406757736,-0.7069899406757736,True,1.0,symmetrical,,,,,,,,,,,,,1.9090909090909092,0.18295904887714748,1h_only,-1.0484817837048859,-0.00588928150765744,0.053757606822719906,0.02840712891990682,0.11643898298752031,0.03878907015440092,0.18811896264165884,0.10075755867247627,-1.0403376443810755,0,bullish,0,0,0,0,14.497716894976607,14.445266272189347,14.0,20.0,15.0,0.0,10.0,73.44526627218934,4,long,SOL,2,2,22,20.0,9000000,2.7700000000000102,descending,9000000,-1.1777777777777803e-07,0,loser,True,0.41259842519685147,1.5874015748031485,['4h'],['resistance']
True,bullish,0.011406432037228244,True,bullish,0.06207050929069426,0,0,0,True,bullish,0.08371032038442244,1,{},{},{},{},{},[],0,0.7110091743119296,1.1413843888070765,0.9633027522935854,0.008873076428479627,1.143225331369667,1.6053019145802687,2,True,True,symmetrical,0,0.03382663847780121,-0.5,1.9016393442622765,1.9016393442622765,1.9016393442622765,1,1,1,0,0,0,0,1747053900000,bullish,1,1747057500000,2,bullish,2,7.916666666666571e-08,0.0,True,"[{'timeframe': '4h', 'zone_kind': 'resistance', 'distance_to_entry_r': 1.9016393442622765, 'distance_to_target_r': 0.0983606557377235}, {'timeframe': '1h', 'zone_kind': 'resistance', 'distance_to_entry_r': 1.9016393442622765, 'distance_to_target_r': 0.0983606557377235}, {'timeframe': '15m', 'zone_kind': 'resistance', 'distance_to_entry_r': 1.9016393442622765, 'distance_to_target_r': 0.0983606557377235}]",4h favorable zone; 4h opposite zone before target; 1h favorable zone; 1h opposite zone before target; 15m favorable zone; 15m opposite zone before target,nested child aligned with parent,1,1,48,1.0,0.6624641414971966,1.0,20.0,0.03875968992247969,3910320000.0,0.6624641414971966,0.33753585850280343,True,1.0,ascending,,,,,,,,,,,,,2.1818181818181817,0.5555555555555552,1h_only,1.7337049713716426,0.35393939393938667,0.020123304842436962,0.00838971524519927,0.07340104453106044,0.006351327957272668,0.17829552184400654,0.07250814898933355,1.7220298160833383,0,bullish,0,0,0,0,1402500000000.0034,14.862385321100945,8.0,20.0,15.0,0.0,10.0,67.86238532110094,1,long,SOL,2,2,22,20.0,14400000,6.449999999999989,symmetrical,14400000,-2.541666666666664e-07,0,winner,True,1.9016393442622765,0.0983606557377235,"['15m', '1h', '4h']",['resistance']
True,bullish,0.0124566106451841,True,bullish,0.06061895053608296,0,0,0,True,bullish,0.08371032038442244,1,{},{},{},{},{},[],0,0.5977337110481543,1.725971370143132,0.5977337110481543,0.0255210497473788,3.649122807017513,2.8875255623721805,0,True,True,descending,0,0.021016365202411732,6.483606557377016,0.1295971978984259,0.1295971978984259,0.1295971978984259,2,2,2,0,0,0,0,1747058400000,bullish,2,1747065600000,4,bullish,2,0.0,0.0,True,"[{'timeframe': '4h', 'zone_kind': 'resistance', 'distance_to_entry_r': 0.1295971978984259, 'distance_to_target_r': 1.8704028021015742}, {'timeframe': '1h', 'zone_kind': 'resistance', 'distance_to_entry_r': 0.1295971978984259, 'distance_to_target_r': 1.8704028021015742}, {'timeframe': '15m', 'zone_kind': 'resistance', 'distance_to_entry_r': 0.1295971978984259, 'distance_to_target_r': 1.8704028021015742}]",4h favorable zone; 4h opposite zone before target; 1h favorable zone; 1h opposite zone before target; 15m favorable zone; 15m opposite zone before target,nested child aligned with parent,2,2,50,0.9642857142857143,0.9078699867145469,0.9960542290570619,20.0,0.03875968992247969,3903120000.0,0.9078699867145469,0.09213001328545313,True,1.0,ascending,,,,,,,,,,,,,1.8518518518518519,0.5555555555555552,1h_only,-1.054357141173944,-0.46720484359233216,0.03468547872824046,0.021519447433663297,0.10367188339111633,0.03446277423506805,0.17829552184400654,0.07250814898933355,-1.0454565580672306,0,bullish,0,0,0,0,4.5718499789295945,13.327903682719505,8.0,20.0,15.0,0.0,10.0,66.32790368271951,2,long,SOL,2,2,27,20.0,17100000,6.449999999999989,descending,17100000,-2.1403508771929804e-07,0,loser,True,0.1295971978984259,1.8704028021015742,"['15m', '1h', '4h']",['resistance']
True,bullish,0.0004986800817598284,True,bullish,0.048008319474913776,0,0,0,True,bullish,0.09719687969641391,1,{},{},{},{},{},[],0,0.467532467532479,0.47058823529413424,0.8961038961038812,0.004834399303366135,1.1194548741482546,1.006535947712429,2,True,True,symmetrical,0,0.013729977116704793,13.83012820512829,0.6896551724137917,0.6896551724137917,0.6896551724137917,1,1,1,0,0,0,0,1747269900000,bullish,3,1747273500000,6,bullish,2,4.609929078014157e-08,0.003480941964340203,True,"[{'timeframe': '4h', 'zone_kind': 'resistance', 'distance_to_entry_r': 0.6896551724137917, 'distance_to_target_r': 1.3103448275862082}, {'timeframe': '1h', 'zone_kind': 'resistance', 'distance_to_entry_r': 0.6896551724137917, 'distance_to_target_r': 1.3103448275862082}, {'timeframe': '15m', 'zone_kind': 'resistance', 'distance_to_entry_r': 0.6896551724137917, 'distance_to_target_r': 1.3103448275862082}]",4h favorable zone; 4h opposite zone before target; 1h favorable zone; 1h opposite zone before target; 15m favorable zone; 15m opposite zone before target,nested child aligned with parent,3,1,43,1.0,0.4540589084189,1.0,17.599195435326962,0.42346666666666655,156146599.4963379,0.4540589084189,0.5459410915810999,True,1.0,symmetrical,,,,,,,,,,,,,0.8269230769230769,0.4661333333333323,1h_only,-1.096773131427413,-0.15189873417721667,0.004497721972088753,0.00399479787980539,0.04595551957065025,-0.00405540668005322,0.16347919205943873,0.045272890174321345,-1.0886526236197083,0,bullish,0,0,0,0,1.4663962920046438,13.417183370633703,8.0,20.0,15.0,0.0,10.0,66.4171833706337,1,long,SOL,2,2,52,17.259529017829898,42300000,8.73999999999998,symmetrical,42300000,-1.0141843971631187e-07,1,loser,True,0.6896551724137917,1.3103448275862082,"['15m', '1h', '4h']",['resistance']
True,bearish,0.0004043238491409686,False,bullish,0.0471958759255647,0,0,0,False,bullish,0.09719687969641391,1,{},{},{},{},{},[],0,0.5866666666666637,1.0161662817551897,0.6733333333333272,0.0047876266523517366,0.9692976497758162,1.7321016166281733,1,True,True,symmetrical,0,0.011260990003613148,22.454545454545496,0.22192513368984407,0.6283422459893141,7.780748663101651,1,1,1,0,0,0,0,1747274400000,bearish,1,1747319400000,2,bullish,2,4.2483660130718706e-08,0.0030532364373837763,True,"[{'timeframe': '1h', 'zone_kind': 'support', 'distance_to_entry_r': 0.6283422459893141, 'distance_to_target_r': 1.3716577540106858}, {'timeframe': '15m', 'zone_kind': 'support', 'distance_to_entry_r': 0.22192513368984407, 'distance_to_target_r': 1.778074866310156}]",4h favorable zone; 1h favorable zone; 1h opposite zone before target; 15m favorable zone; 15m opposite zone before target,nested child aligned with parent,1,1,45,1.0,0.1446576870029636,1.0,17.599195435326962,0.42346666666666655,148946599.4963379,0.1446576870029636,0.8553423129970364,True,1.0,symmetrical,,,,,,,,,,,,,0.7894736842105263,0.4661333333333323,1h_only,1.8695381838016611,-0.25520833333333415,-0.015032308179518061,-0.014639892528674037,0.03310503219231675,-0.014925521706114164,0.16347919205943873,0.045272890174321345,1.8577185340244544,0,bullish,0,0,0,0,-0.33984281971897096,13.22643997852754,14.0,20.0,0.0,0.0,10.0,57.22643997852754,1,short,SOL,2,2,57,17.473381781308113,45900000,8.73999999999998,symmetrical,45900000,-7.973856209150319e-08,1,winner,True,0.22192513368984407,1.3716577540106858,"['15m', '1h']",['support']
False,bearish,0.016121041711584332,True,bullish,0.02290090252251147,0,0,0,True,bullish,0.09743885380791653,1,{},{},{},{},{},[],0,0.7844311377245581,0.9714497589914769,0.8083832335329367,0.008466201477517971,1.0778259368647323,1.2384130515387415,3,False,True,descending,0,0.008173690932311673,66.3705357142851,0.09574468085106337,0.18996960486322234,0.1686930091185435,2,2,2,0,0,0,0,1747361700000,bearish,2,1747435500000,6,bullish,3,0.0,0.0,True,"[{'timeframe': '4h', 'zone_kind': 'resistance', 'distance_to_entry_r': 0.1686930091185435, 'distance_to_target_r': 1.8313069908814565}, {'timeframe': '1h', 'zone_kind': 'resistance', 'distance_to_entry_r': 0.18996960486322234, 'distance_to_target_r': 1.8100303951367775}, {'timeframe': '15m', 'zone_kind': 'resistance', 'distance_to_entry_r': 0.09574468085106337, 'distance_to_target_r': 1.9042553191489366}]",4h favorable zone; 4h opposite zone before target; 1h favorable zone; 1h opposite zone before target; 15m favorable zone; 15m opposite zone before target,nested child acceptable with parent,2,2,48,0.9722222222222222,0.8001401887355751,0.9962357217030114,18.962997470060756,0.5818080976150865,95854718.77978516,0.8001401887355751,0.19985981126442492,True,1.0,descending,,,,,,,,,,,,,1.3714285714285714,0.43427620632279446,1h_only,-1.0465126214418647,-0.21246923707956666,-0.0010953171425592823,0.015253703155912568,0.014377505459105322,-0.008651675114043078,0.10616284053384528,-0.0014627399252729045,-1.0379680757631535,0,bullish,0,0,0,0,1.2835138225600375,14.281437125748514,8.0,14.0,15.0,0.0,10.0,61.28143712574851,2,long,SOL,2,2,35,20.0,26100000,7.829999999999984,descending,26100000,-8.582375478927238e-08,0,loser,True,0.09574468085106337,1.8100303951367775,"['15m', '1h', '4h']",['resistance']
True,bearish,0.010444033164238984,False,bullish,0.013947435901078671,0,0,0,False,bullish,0.09362116932987259,1,{},{},{},{},{},[],0,0.9898989898989705,1.0160705028512096,0.01010101010102953,0.00941619585687379,1.6588906168999455,1.0264385692068543,4,False,True,descending,0,0.016825649178590252,1.5511811023624205,0.2292993630573234,0.5636942675159151,0.5636942675159151,3,3,3,0,0,0,0,1747437300000,bearish,3,1747555200000,3,neutral,1,0.0,0.0,True,"[{'timeframe': '4h', 'zone_kind': 'support', 'distance_to_entry_r': 0.5636942675159151, 'distance_to_target_r': 1.4363057324840849}, {'timeframe': '1h', 'zone_kind': 'support', 'distance_to_entry_r': 0.5636942675159151, 'distance_to_target_r': 1.4363057324840849}, {'timeframe': '15m', 'zone_kind': 'support', 'distance_to_entry_r': 0.2292993630573234, 'distance_to_target_r': 1.7707006369426765}]",4h favorable zone; 4h opposite zone before target; 1h favorable zone; 1h opposite zone before target; 15m favorable zone; 15m opposite zone before target,nested child acceptable with parent,3,3,29,0.7894736842105263,-0.11756569847855916,0.8393816412768441,17.205204905773314,0.3448275862068958,79920000.0,-0.11756569847855916,1.1175656984785591,True,1.0,ascending,,,,,,,,,,,,,0.7837837837837838,0.5210727969348685,1h_only,-1.0867897383277048,-0.25878220140514996,-0.022096397533285184,-0.012005757775202741,-0.01437788043999233,-0.027743396047076985,0.11407689603047522,0.008852398659389804,-1.0790363441146096,0,bullish,0,0,0,0,-9.746192893399721,8.287878787878862,8.0,14.0,15.0,0.0,10.0,55.28787878787886,3,short,SOL,2,2,37,20.0,21600000,4.0800000000000125,descending,21600000,-1.1759259259259222e-07,0,loser,True,0.2292993630573234,1.4363057324840849,"['15m', '1h', '4h']",['support']
True,bullish,0.004192525484752473,False,bearish,0.00043561630779562135,0,0,0,True,bullish,0.08233316924396943,1,{},{},{},{},{},[],0,0.5957446808510677,0.9225700164744738,0.7872340425532031,0.003981508475282259,1.1249705813132838,1.5485996705107137,6,False,True,descending,0,0.010000000000000184,49.99999999999875,0.2644230769230844,0.562500000000012,0.9855769230769361,1,1,1,0,0,0,0,1747575900000,bullish,4,1747583100000,4,neutral,1,0.0,0.0,True,"[{'timeframe': '4h', 'zone_kind': 'resistance', 'distance_to_entry_r': 0.9855769230769361, 'distance_to_target_r': 1.014423076923064}, {'timeframe': '1h', 'zone_kind': 'resistance', 'distance_to_entry_r': 0.562500000000012, 'distance_to_target_r': 1.437499999999988}, {'timeframe': '15m', 'zone_kind': 'resistance', 'distance_to_entry_r': 0.2644230769230844, 'distance_to_target_r': 1.7355769230769156}]",4h favorable zone; 4h opposite zone before target; 1h favorable zone; 1h opposite zone before target; 15m favorable zone; 15m opposite zone before target,nested child acceptable with parent,4,1,49,0.9523809523809523,1.0242200836199031,0.9765906788247217,20.0,0.21560975609756175,571357466.0632324,1.0242200836199031,-0.024220083619903045,True,1.0,descending,,,,,,,,,,,,,2.45,0.15121951219512028,1h_only,1.7575639494633284,0.20148148148148437,0.01812165610741645,0.013794274244342208,0.014173298833545234,0.014621548921802674,0.10053282287920884,0.009098086835103825,1.7469100857038171,0,bullish,0,0,0,0,1.6167741935484155,12.498858457604394,8.0,14.0,15.0,0.0,10.0,59.49885845760439,1,long,SOL,2,2,20,20.0,12600000,1.549999999999983,descending,12600000,-2.4603174603174783e-08,0,winner,True,0.2644230769230844,1.014423076923064,"['15m', '1h', '4h']",['resistance']
True,bullish,0.00903330507073942,True,bullish,0.0021366329587013087,0,0,0,True,bullish,0.08013981753952455,1,{},{},{},{},{},[],0,0.6344827586206736,1.2018288700195852,0.7172413793103309,0.024716487350974124,5.5519268451992465,1.8941868060091769,4,False,True,ascending,0,0.011029550159984984,1.9556313993170988,0.2183908045977041,0.6239737274220077,0.6239737274220077,4,4,4,0,0,0,0,1747584000000,bullish,4,1747591200000,4,bullish,1,1.2057613168724307e-07,0.0,True,"[{'timeframe': '4h', 'zone_kind': 'resistance', 'distance_to_entry_r': 0.6239737274220077, 'distance_to_target_r': 1.3760262725779924}, {'timeframe': '1h', 'zone_kind': 'resistance', 'distance_to_entry_r': 0.6239737274220077, 'distance_to_target_r': 1.3760262725779924}, {'timeframe': '15m', 'zone_kind': 'resistance', 'distance_to_entry_r': 0.2183908045977041, 'distance_to_target_r': 1.781609195402296}]",4h favorable zone; 4h opposite zone before target; 1h favorable zone; 1h opposite zone before target; 15m favorable zone; 15m opposite zone before target,nested child acceptable with parent,4,4,52,0.8571428571428571,1.4975400036785014,0.8695214699523786,20.0,0.21560975609756175,560557466.0632324,1.4975400036785014,-0.4975400036785013,True,1.0,descending,,,,,,,,,,,,,0.7536231884057971,0.7512195121951208,1h_only,-1.0499792529834242,-0.7836363636363775,0.039237793120193265,0.029572422524420272,0.040589580309823736,0.03828110970478016,0.1343891578958727,0.03985610923044658,-1.0417946492449108,0,bullish,0,0,0,0,21.026178010475114,13.939655172413742,8.0,14.0,15.0,0.0,10.0,60.939655172413744,4,long,SOL,2,2,69,20.0,48600000,7.699999999999989,ascending,48600000,0.0,0,loser,True,0.2183908045977041,1.3760262725779924,"['15m', '1h', '4h']",['resistance']
False,bearish,0.018998153134120472,False,bearish,0.011230606884862816,0,3,0,True,bullish,0.07709317341873874,1,{},{},{},{},{},[],0,0.798742138364781,1.0570120682480093,0.9811320754716971,0.03108019040644457,4.155589826442447,1.3233458177278208,2,True,True,symmetrical,0,0.013172690763052252,1.6219512195120842,0.19856887298748097,0.407871198568875,1.5384615384615494,3,3,3,0,0,0,0,1747674000000,bearish,3,1747885500000,3,bearish,1,2.5163398692810793e-08,0.0,True,"[{'timeframe': '4h', 'zone_kind': 'resistance', 'distance_to_entry_r': 1.5384615384615494, 'distance_to_target_r': 0.4615384615384506}, {'timeframe': '1h', 'zone_kind': 'resistance', 'distance_to_entry_r': 0.407871198568875, 'distance_to_target_r': 1.592128801431125}, {'timeframe': '15m', 'zone_kind': 'resistance', 'distance_to_entry_r': 0.19856887298748097, 'distance_to_target_r': 1.801431127012519}]",4h favorable zone; 4h opposite zone before target; 1h favorable zone; 1h opposite zone before target; 15m favorable zone; 15m opposite zone before target,nested child aligned with parent,3,0,24,0.9607843137254902,0.3880102006212599,0.9904760143050927,17.313717392800548,0.18681948424068728,295398773.0061035,0.3880102006212599,0.6119897993787401,True,1.0,symmetrical,,,,,,,,,,,,,0.48,0.42808022922636124,1h_only,1.9234359793844433,-0.10052447552448407,-0.005443898758105914,0.013709874722806603,-0.016734590518454384,-0.005755479081603565,0.05235050088497295,-0.026618967506455538,1.9104330465271278,0,bullish,1,0,0,0,22.273182957397403,14.929245283018865,8.0,20.0,0.0,0.0,10.0,52.929245283018865,3,long,SOL,2,2,50,20.0,30600000,7.469999999999999,symmetrical,30600000,-1.3562091503267994e-07,0,winner,True,0.19856887298748097,0.4615384615384506,"['15m', '1h', '4h']",['resistance']
True,bullish,0.02177812848093855,True,bullish,0.022319701478964445,0,0,0,True,bullish,0.06688337470161235,1,{},{},{},{},{},[],0,0.6857142857142865,2.0153953813855665,0.8571428571428649,0.007686471038576776,1.9328487168135542,2.9391182645206144,2,True,True,descending,0,0.00428051001821493,130.78723404255345,,,2.7686375321336607,4,4,4,0,0,0,0,1747959300000,bullish,4,1748000700000,4,bullish,1,0.0,0.0,False,[],4h favorable zone; 1h favorable zone; 15m favorable zone,nested child aligned with parent,4,4,30,0.9836065573770492,1.0466791056990448,0.9958626073380171,20.0,0.7480620155038754,-913989.6372070312,1.0466791056990448,-0.04667910569904476,True,1.0,ascending,,,,,,,,,,,,,0.5,0.23643410852713173,1h_only,-1.0763968730431657,0.047814207650272,0.03752388875255397,0.014598697827426177,0.0535717262291,0.029365771755437198,0.13079255146424518,0.051282752313498436,-1.0670815593417364,0,bullish,0,0,0,0,1.5504311046038868,14.464285714285744,20.0,20.0,15.0,0.0,10.0,79.46428571428575,4,long,SOL,2,2,60,20.0,44100000,3.6599999999999966,descending,44100000,-2.131519274376412e-08,0,loser,False,,,[],[]
False,bearish,0.0036269119637722205,True,bullish,0.02068211498532413,0,0,0,True,bullish,0.07074339116394714,1,{},{},{},{},{},[],0,0.8641975308642161,0.8860759493671079,0.9135802469135889,0.005137241572598246,1.1479013990672962,1.0253164556962027,4,False,True,descending,0,0.014584803575629326,24.10483870967721,0.020161290322573622,0.31854838709676864,1.0362903225806348,2,2,2,0,0,0,0,1748110500000,neutral,2,1748133000000,4,bullish,2,0.0,0.0,True,"[{'timeframe': '4h', 'zone_kind': 'resistance', 'distance_to_entry_r': 1.0362903225806348, 'distance_to_target_r': 0.9637096774193652}, {'timeframe': '1h', 'zone_kind': 'resistance', 'distance_to_entry_r': 0.31854838709676864, 'distance_to_target_r': 1.6814516129032313}, {'timeframe': '15m', 'zone_kind': 'resistance', 'distance_to_entry_r': 0.020161290322573622, 'distance_to_target_r': 1.9798387096774264}]",4h favorable zone; 4h opposite zone before target; 1h favorable zone; 1h opposite zone before target; 15m favorable zone; 15m opposite zone before target,nested child acceptable with parent,2,2,32,1.0,0.762271414821946,1.0,12.373593398349522,0.6571627260083444,23630476.190429688,0.762271414821946,0.23772858517805392,True,1.0,descending,,,,,,,,,,,,,1.2307692307692308,0.2273991655076503,1h_only,-1.1114862984146834,0.04455445544554271,0.003363129519361685,0.0070278142450828085,0.020871045846333702,-0.00023770760479346897,0.09686339972663549,0.017880138854486916,-1.1030443534046392,0,bullish,0,0,0,0,1.5764469722315173,14.675925925925958,8.0,14.0,15.0,0.0,10.0,61.67592592592596,2,long,SOL,2,2,26,20.0,17100000,3.2700000000000102,descending,17100000,-7.251461988304146e-08,0,loser,True,0.020161290322573622,0.9637096774193652,"['15m', '1h', '4h']",['resistance']
True,bearish,0.002553026803107755,False,bullish,0.019536179570113554,0,0,0,False,bullish,0.07056440266723034,1,{},{},{},{},{},[],0,0.8358208955223844,3.730846102598254,0.8925373134328316,0.02331868874619812,5.5163224516989,4.463690872751502,2,True,True,ascending,0,0.010256410256410284,9.999999999999773,0.022821576763488338,0.022821576763488338,1.4211618257261418,4,4,4,0,0,0,0,1748133900000,bearish,4,1748242800000,8,bullish,2,7.555555555555568e-08,0.0,True,"[{'timeframe': '4h', 'zone_kind': 'support', 'distance_to_entry_r': 1.4211618257261418, 'distance_to_target_r': 0.5788381742738581}, {'timeframe': '1h', 'zone_kind': 'support', 'distance_to_entry_r': 0.022821576763488338, 'distance_to_target_r': 1.9771784232365117}, {'timeframe': '15m', 'zone_kind': 'support', 'distance_to_entry_r': 0.022821576763488338, 'distance_to_target_r': 1.9771784232365117}]",4h favorable zone; 4h opposite zone before target; 1h favorable zone; 1h opposite zone before target; 15m favorable zone; 15m opposite zone before target,nested child aligned with parent,4,4,38,0.9545454545454546,0.019239177962398536,0.9953653864101628,12.373593398349522,0.6571627260083444,2030476.1904296875,0.019239177962398536,0.9807608220376015,True,1.0,descending,,,,,,,,,,,,,0.5846153846153846,0.3546592489568843,1h_only,-1.0609987135234187,-0.31278890600925613,-0.019037536094879015,-0.016574622505182157,0.014311270130060949,-0.005397540576148496,0.0921788830200918,0.014028751387919147,-1.0541029534145874,0,bullish,0,0,0,0,-6.088235294117863,14.597014925373118,8.0,20.0,0.0,0.0,10.0,52.59701492537312,4,short,SOL,2,2,65,20.0,45000000,5.099999999999994,ascending,45000000,0.0,0,loser,True,0.022821576763488338,0.5788381742738581,"['15m', '1h', '4h']",['support']
True,bearish,0.0008307954926384015,False,bullish,0.008178043861770378,0,0,0,False,bullish,0.06514564069919956,1,{},{},{},{},{},[],0,0.8670886075949483,1.7308907138345022,0.8734177215189932,0.0040952875353291104,0.8970309538850411,1.9962097283638516,0,False,True,descending,0,0.013666763594068132,19.765957446808102,0.018072289156627227,0.04216867469879116,1.0632530120481953,2,2,2,0,0,0,0,1748308500000,bearish,2,1748332800000,2,bullish,1,0.0,0.0,True,"[{'timeframe': '4h', 'zone_kind': 'support', 'distance_to_entry_r': 1.0632530120481953, 'distance_to_target_r': 0.9367469879518047}, {'timeframe': '1h', 'zone_kind': 'support', 'distance_to_entry_r': 0.04216867469879116, 'distance_to_target_r': 1.9578313253012087}, {'timeframe': '15m', 'zone_kind': 'support', 'distance_to_entry_r': 0.018072289156627227, 'distance_to_target_r': 1.9819277108433728}]",4h favorable zone; 4h opposite zone before target; 1h favorable zone; 1h opposite zone before target; 15m favorable zone; 15m opposite zone before target,nested child acceptable with parent,2,2,33,0.9743589743589743,-0.07800704579768696,0.9852320675105484,20.0,0.4359233097880923,100575000.0,-0.07800704579768696,1.078007045797687,True,1.0,ascending,,,,,,,,,,,,,0.868421052631579,0.5479313824419787,1h_only,-1.082909766150452,0.2737186477644411,-0.014481185967563315,-0.013673616852231563,0.0015201601000027765,-0.006616126473982464,0.0755317329916454,0.0051076551469253495,-1.0770068754348496,0,bullish,0,0,0,0,-0.382131324004315,13.168247758689796,8.0,14.0,0.0,0.0,10.0,45.168247758689795,2,short,SOL,2,2,38,20.0,27000000,5.430000000000007,descending,27000000,-1.0444444444444524e-07,0,loser,True,0.018072289156627227,0.9367469879518047,"['15m', '1h', '4h']",['support']
False,bearish,0.011757468781542537,False,bearish,0.0012707710932314546,0,0,0,True,bullish,0.05878610072602713,1,{},{},{},{},{},[],0,0.9333333333333516,1.9207317073171184,0.9407407407407523,0.007231676850131086,1.8994611457742898,2.057926829268301,5,True,True,symmetrical,2,0.013000000000000018,20.910256410256352,0.03323262839878705,0.18429003021147577,0.20845921450150975,1,0,0,1,1,0,0,1748480400000,bearish,1,1748493900000,0,bearish,0,3.7209302325581336e-08,0.002110309752943121,True,"[{'timeframe': '4h', 'zone_kind': 'resistance', 'distance_to_entry_r': 0.20845921450150975, 'distance_to_target_r': 1.7915407854984902}, {'timeframe': '1h', 'zone_kind': 'resistance', 'distance_to_entry_r': 0.18429003021147577, 'distance_to_target_r': 1.8157099697885242}, {'timeframe': '15m', 'zone_kind': 'resistance', 'distance_to_entry_r': 0.03323262839878705, 'distance_to_target_r': 1.9667673716012128}]",4h favorable zone; 4h opposite zone before target; 1h favorable zone; 1h opposite zone before target; 15m favorable zone; 15m opposite zone before target,nested child aligned with parent,1,0,,,,,,,,,,,,,20,0.32653061224489793,0.3162254271334097,0.44649413530227594,18.854492624050096,0.20282542885973678,549564179.1044922,0.3162254271334097,0.6837745728665903,True,1.0,ascending,0.4166666666666667,0.630676084762866,4h_only,-1.0801736334069045,-0.11954765751211882,-0.0008662720090992782,0.011010353349846902,-0.002025280164770993,-0.0007580440885903705,0.05031565716336828,-0.01076371070767368,-1.07544391771702,1,bullish,1,0,0,0,1.6570202329859127,14.777777777777823,8.0,20.0,0.0,20.0,10.0,72.77777777777783,1,long,SOL,2,2,48,8.09172724947125,38700000,6.25,symmetrical,38700000,-6.356589147286843e-08,4,loser,True,0.03323262839878705,1.7915407854984902,"['15m', '1h', '4h']",['resistance']
False,bearish,0.005215852538552364,False,bearish,0.0024210435874596078,0,1,0,True,bullish,0.05722765119573927,1,{},{},{},{},{},[],0,0.6857142857142544,0.8290155440414363,0.7142857142856969,0.004902671811087409,1.4594127806562587,1.2089810017271498,8,True,True,symmetrical,0,0.020164046479835933,0.06214689265539164,0.07878787878789434,0.09696969696971347,0.6303030303030513,1,1,1,0,0,0,0,1748518200000,bearish,1,1748521800000,2,bearish,2,8.030303030303047e-08,0.0009678021465235519,True,"[{'timeframe': '4h', 'zone_kind': 'resistance', 'distance_to_entry_r': 0.6303030303030513, 'distance_to_target_r': 1.3696969696969485}, {'timeframe': '1h', 'zone_kind': 'resistance', 'distance_to_entry_r': 0.09696969696971347, 'distance_to_target_r': 1.9030303030302866}, {'timeframe': '15m', 'zone_kind': 'resistance', 'distance_to_entry_r': 0.07878787878789434, 'distance_to_target_r': 1.9212121212121056}]",4h favorable zone; 4h opposite zone before target; 1h favorable zone; 1h opposite zone before target; 15m favorable zone; 15m opposite zone before target,nested child aligned with parent,1,0,45,1.0,0.5892687467276835,1.0,11.466820749483317,0.4966887417218546,117072000.0,0.5892687467276835,0.4107312532723165,True,1.0,symmetrical,,,,,,,,,,,,,1.3636363636363635,0.5033112582781454,1h_only,-1.1524637148880428,0.10784313725491046,-0.0009212872186719068,0.004312231262421751,-0.007288789097516513,-0.004897161810711537,0.04946657991993764,-0.009991832888084806,-1.1486527769779955,0,bullish,1,0,0,0,85.5000000000739,13.782579145202545,8.0,20.0,0.0,0.0,10.0,51.78257914520255,1,long,SOL,2,2,33,18.516098926738223,19800000,5.319999999999993,symmetrical,19800000,-9.848484848484791e-08,1,loser,True,0.07878787878789434,1.3696969696969485,"['15m', '1h', '4h']",['resistance']
True,bearish,0.00506104711893178,True,bearish,0.002494946686857255,0,0,0,False,bullish,0.05626069836334531,1,{},{},{},{},{},[],0,0.6554054054053966,1.6207184628237243,0.8783783783783753,0.004907625110979376,1.4137908874751348,2.472848788638293,3,True,True,ascending,0,0.01971857949650617,11.533980582524237,0.2786885245901571,0.7868852459016328,1.333333333333323,3,0,3,0,3,3,0,1748522700000,bearish,3,1748537100000,6,bearish,2,8.803418803418813e-08,0.0,True,"[{'timeframe': '4h', 'zone_kind': 'support', 'distance_to_entry_r': 1.333333333333323, 'distance_to_target_r': 0.6666666666666771}, {'timeframe': '1h', 'zone_kind': 'support', 'distance_to_entry_r': 0.7868852459016328, 'distance_to_target_r': 1.2131147540983673}, {'timeframe': '15m', 'zone_kind': 'support', 'distance_to_entry_r': 0.2786885245901571, 'distance_to_target_r': 1.7213114754098429}]",4h favorable zone; 4h opposite zone before target; 1h favorable zone; 1h opposite zone before target; 15m favorable zone; 15m opposite zone before target,nested child aligned with parent,3,0,46,1.0,0.3013652784203303,1.0,11.466820749483317,0.4966887417218546,113472000.0,0.3013652784203303,0.6986347215796697,True,1.0,symmetrical,36,1.0,0.2431948669294484,1.0,20.0,0.44575725026852814,468641927.7109375,0.2431948669294484,0.7568051330705516,True,1.0,descending,1.4838709677419355,0.3188268684957433,both,1.722782013381445,0.09090909090909416,-0.01005907869260314,-0.005074364308568113,-0.0057924441886118005,-0.0033201850430835123,0.05268284577375537,-0.006176051650947145,1.7190597640956007,3,bullish,1,0,0,0,-0.9259259259259525,14.405356585387912,8.0,20.0,15.0,0.0,10.0,67.40535658538792,3,short,SOL,2,2,31,20.0,23400000,3.3700000000000045,ascending,23400000,0.0,0,winner,True,0.2786885245901571,0.6666666666666771,"['15m', '1h', '4h']",['support']
False,bearish,0.03240904541790575,False,bearish,0.0530262711981,0,0,0,True,bullish,0.02907524800951834,1,{},{},{},{},{},[],0,0.3539823008849622,0.5131494547787124,0.7433628318584131,0.005849336573407021,1.1631387641650646,1.449647209749836,6,False,True,descending,0,0.007479307750188122,37.30985915492943,2.1246753246753296,3.1194805194805215,4.761038961038971,1,1,1,0,0,0,0,1748708100000,bearish,3,1748769300000,6,bearish,2,0.0,0.0,False,[],4h favorable zone; 1h favorable zone; 15m favorable zone,nested child acceptable with parent,3,1,52,1.0,0.2722409008432055,1.0,20.0,0.3575445173383315,292496461.33691406,0.2722409008432055,0.7277590991567945,True,1.0,descending,,,,,,,,,,,,,0.6933333333333334,0.4151827553889402,1h_only,-1.0626744502068899,0.1766081871345082,-0.026533957475087244,0.005178525557405278,-0.07604140418908045,-0.028440753644890293,-0.05004932301951737,-0.07558180130281933,-1.0585587061206159,0,neutral,0,0,0,0,1.3080407701019257,12.411504424778823,20.0,14.0,0.0,0.0,10.0,56.411504424778826,1,long,SOL,2,2,75,20.0,56700000,8.859999999999985,descending,56700000,-8.76543209876543e-08,0,loser,False,,,[],[]
False,bearish,0.008513777855155481,False,bearish,0.04829682212051369,0,0,0,True,bullish,0.0007958039467002654,1,{},{},{},{},{},[],0,0.7121212121212571,0.4883116883117174,0.8484848484848563,0.004809072384158784,0.772531578011034,0.6857142857142832,3,True,True,descending,0,0.006264161002265751,60.117021276596006,0.11197916666666094,3.2708333333333237,4.916666666666661,2,2,2,0,0,0,0,1748901600000,neutral,2,1748961900000,6,bearish,3,0.0,0.0,True,"[{'timeframe': '15m', 'zone_kind': 'resistance', 'distance_to_entry_r': 0.11197916666666094, 'distance_to_target_r': 1.888020833333339}]",4h favorable zone; 1h favorable zone; 15m favorable zone; 15m opposite zone before target,nested child aligned with parent,2,2,114,1.0,0.501637492941841,1.0,14.461615272820627,0.7048387096774198,132508009.15332031,0.501637492941841,0.49836250705815893,True,1.0,symmetrical,,,,,,,,,,,,,1.3902439024390243,0.29516129032258026,1h_only,1.891774417885738,0.20763500931098644,0.0010739188360082697,0.009679336013370232,-0.044836806203582324,0.001357147715267626,-0.0599774259357897,-0.06068010642004307,1.8864444772147313,0,neutral,0,0,0,0,1.240134489470891,14.145426758056523,18.0,20.0,0.0,0.0,10.0,62.14542675805652,2,long,SOL,2,2,82,20.0,65700000,7.319999999999993,descending,65700000,-5.7229832572298184e-08,0,winner,True,0.11197916666666094,1.888020833333339,['15m'],['resistance']
True,bullish,0.014882980129848771,False,bearish,0.028674416501636716,0,3,0,False,bearish,0.0016978569163326285,1,{},{},{},{},{},[],0,0.6907216494845386,1.7470664928292088,0.9278350515463987,0.010075738145959532,2.1209394568191486,2.5293350717079495,6,True,True,symmetrical,0,0.011304188768977473,4.569579288026148,0.3435374149659802,1.6462585034013375,3.795918367346904,3,3,3,0,0,0,0,1748962800000,bullish,3,1748973600000,6,neutral,2,1.3270735524256635e-07,0.0,True,"[{'timeframe': '1h', 'zone_kind': 'resistance', 'distance_to_entry_r': 1.6462585034013375, 'distance_to_target_r': 0.3537414965986626}, {'timeframe': '15m', 'zone_kind': 'resistance', 'distance_to_entry_r': 0.3435374149659802, 'distance_to_target_r': 1.6564625850340198}]",4h favorable zone; 1h favorable zone; 1h opposite zone before target; 15m favorable zone; 15m opposite zone before target,nested child aligned with parent,3,0,123,0.9871794871794872,1.05668285431674,0.9941340131573337,14.504625586612573,0.5353403141361257,300041075.79467773,1.05668285431674,-0.056682854316739986,True,1.0,symmetrical,,,,,,,,,,,,,1.5974025974025974,0.4646596858638743,1h_only,-1.0850804167889325,-0.7344028520498911,0.03595819839869896,0.020228172218520468,0.005405356554938567,0.03525103511464378,-0.01221951110810593,-0.010560111641369607,-1.0799859459083703,0,bearish,1,0,0,0,3.726628895184044,14.729381443298994,14.0,20.0,15.0,0.0,10.0,73.72938144329899,3,long,SOL,2,2,77,20.0,63900000,10.650000000000006,symmetrical,63900000,-1.2363067292644633e-08,0,loser,True,0.3435374149659802,0.3537414965986626,"['15m', '1h']",['resistance']
True,bearish,0.0036221638021234383,True,bearish,0.025717114208470948,0,0,0,True,bearish,0.006284471144741475,1,{},{},{},{},{},[],0,0.6138613861386238,1.0763888888889013,0.6237623762376249,0.007265701816425446,1.976351351351357,1.7534722222222137,3,True,True,ascending,0,0.013055972013992887,15.607655502392845,0.5745614035087726,1.3289473684210524,4.451754385964913,2,0,0,2,2,0,0,1749040200000,bearish,2,1749051000000,0,bearish,0,6.276276276276201e-08,0.0,True,"[{'timeframe': '1h', 'zone_kind': 'support', 'distance_to_entry_r': 1.3289473684210524, 'distance_to_target_r': 0.6710526315789476}, {'timeframe': '15m', 'zone_kind': 'support', 'distance_to_entry_r': 0.5745614035087726, 'distance_to_target_r': 1.4254385964912273}]",4h favorable zone; 1h favorable zone; 1h opposite zone before target; 15m favorable zone; 15m opposite zone before target,nested child aligned with parent,2,0,,,,,,,,,,,,,47,1.0,0.3297092805289513,1.0,16.62531651948245,0.5829006576670136,346369596.1994629,0.3297092805289513,0.6702907194710487,True,1.0,symmetrical,1.0217391304347827,0.12045690550363405,4h_only,-1.1043450013146676,-0.4050104384133695,-0.01094418047566137,-0.00738812641470743,-0.03368827749004222,-0.009062744550704438,-0.039256441827105526,-0.03342046155698675,-1.100348443739277,4,bearish,2,0,0,0,-1.2912323727774184,13.522277227722837,14.0,20.0,0.0,20.0,10.0,77.52227722772284,2,short,SOL,2,2,46,20.0,33300000,3.4799999999999898,ascending,33300000,0.0,0,loser,True,0.5745614035087726,0.6710526315789476,"['15m', '1h']",['support']
True,bearish,0.0046985783488858865,True,bearish,0.0252486735022246,0,0,0,True,bearish,0.008050885718586516,1,{},{},{},{},{},[],0,0.7613636363636583,1.0159211523881972,0.9431818181818372,0.006852248394004259,1.6173869092746977,1.3343442001516235,7,False,True,ascending,0,0.004432624113475188,129.1999999999996,0.006006006006000521,0.6276276276276263,2.765765765765758,1,1,1,0,0,0,0,1749068100000,bearish,1,1749150900000,2,bearish,2,1.8518518518518518e-08,0.002873336195792384,True,"[{'timeframe': '1h', 'zone_kind': 'support', 'distance_to_entry_r': 0.6276276276276263, 'distance_to_target_r': 1.3723723723723737}, {'timeframe': '15m', 'zone_kind': 'support', 'distance_to_entry_r': 0.006006006006000521, 'distance_to_target_r': 1.9939939939939995}]",4h favorable zone; 1h favorable zone; 1h opposite zone before target; 15m favorable zone; 15m opposite zone before target,nested child acceptable with parent,1,1,22,0.9024390243902439,0.046832341617082995,0.9725577320075729,18.825844122873836,0.1432584269662895,369529411.76464844,0.046832341617082995,0.9531676583829171,True,1.0,ascending,,,,,,,,,,,,,0.55,0.7921348314606718,1h_only,1.8790031866666779,0.2389853137516713,-0.014961202566339704,-0.010380966640602174,-0.034794202264111784,-0.01068441723682756,-0.042002964821759914,-0.03455676700143562,1.8742655332683014,0,bearish,0,0,0,0,-0.4953560371517004,14.78693181818189,14.0,14.0,15.0,0.0,10.0,67.7869318181819,1,short,SOL,2,2,40,16.56333190210381,27000000,2.819999999999993,ascending,27000000,0.0,2,winner,True,0.006006006006000521,1.3723723723723737,"['15m', '1h']",['support']
False,bullish,0.004660196196438659,True,bearish,0.0340264773465111,0,0,0,True,bearish,0.030983687543789013,1,{},{},{},{},{},[],0,0.5799999999999841,0.627705627705606,0.6599999999999682,0.005209551485170649,1.7168197656002178,1.0822510822510745,10,False,True,symmetrical,0,0.01658303974947514,-2.521459227467858,1.4179104477612459,14.970149253731625,9.059701492537515,2,2,2,0,0,0,0,1749306600000,bullish,3,1749319200000,3,bearish,1,1.0813008130081325e-07,0.0005733270173731946,True,"[{'timeframe': '15m', 'zone_kind': 'support', 'distance_to_entry_r': 1.4179104477612459, 'distance_to_target_r': 0.582089552238754}]",4h favorable zone; 1h favorable zone; 15m favorable zone; 15m opposite zone before target,nested child acceptable with parent,3,2,41,0.9230769230769231,0.8169662754419857,0.9851889710133667,20.0,0.4860736747529199,108019963.03149414,0.8169662754419857,0.18303372455801423,True,1.0,ascending,,,,,,,,,,,,,0.803921568627451,0.49505840071878,1h_only,1.3986246836220364,0.0043196544276294935,0.007199216473582792,0.0024937654145824606,-0.024392239589648868,0.009106561702318938,-0.05552421446332889,-0.027052518963053607,1.3924883469888967,0,bearish,0,0,0,0,-793170731707.3063,13.454999999999785,18.0,14.0,15.0,0.0,10.0,70.45499999999979,2,short,SOL,2,2,51,18.713336491313402,36900000,5.510000000000019,symmetrical,36900000,-1.815718157181615e-08,1,winner,True,1.4179104477612459,0.582089552238754,['15m'],['support']
False,bullish,0.0017568862492014694,True,bearish,0.03064057370426412,0,0,0,True,bearish,0.03319433854624664,1,{},{},{},{},{},[],0,0.8148148148148227,0.9766925638179729,0.8888888888888831,0.005718465323492156,1.9089900110987423,1.1986681465038644,3,True,True,descending,0,0.008550232616622655,40.32352941176475,0.4973821989528745,4.240837696335083,2.1675392670157185,4,4,4,0,0,0,0,1749341700000,neutral,4,1749399300000,12,bearish,3,0.0,0.00046026996475811543,True,"[{'timeframe': '15m', 'zone_kind': 'support', 'distance_to_entry_r': 0.4973821989528745, 'distance_to_target_r': 1.5026178010471254}]",4h favorable zone; 1h favorable zone; 15m favorable zone; 15m opposite zone before target,nested child aligned with parent,4,4,51,0.8955223880597015,-0.09384196997354746,0.9527896157567348,18.852082650049226,0.7959542656112584,20852154.696044922,-0.09384196997354746,1.0938419699735475,True,1.0,symmetrical,,,,,,,,,,,,,0.7727272727272727,0.21196130167106633,1h_only,-1.119861020662842,-0.11007025761122669,-0.006392266904670985,-0.008123741412030427,-0.032789493444656426,-0.003249922973917019,-0.06244321922667706,-0.03232773204756756,-1.1133973410335036,0,bearish,0,0,0,0,-0.9409190371990924,14.58333333333331,18.0,20.0,15.0,0.0,10.0,77.58333333333331,4,short,SOL,2,2,66,17.769865017620944,54000000,2.410000000000025,descending,54000000,-2.5185185185185436e-08,2,loser,True,0.4973821989528745,1.5026178010471254,['15m'],['support']
True,bullish,0.014222451663539292,True,bullish,0.00845682125588674,0,0,0,False,bearish,0.026111451330586517,1,{},{},{},{},{},[],0,0.8139158576051773,5.083375442142492,0.8268608414239449,0.013290474129937424,2.1728145528044216,6.245578575037898,0,True,True,ascending,0,0.001928687997626226,388.66666666666765,,0.5788712011577427,1.4934876989869792,1,1,1,0,0,0,0,1749582000000,bullish,1,1749743100000,1,bullish,1,1.3333333333333353e-08,0.002587448231921053,True,"[{'timeframe': '4h', 'zone_kind': 'resistance', 'distance_to_entry_r': 1.4934876989869792, 'distance_to_target_r': 0.5065123010130207}, {'timeframe': '1h', 'zone_kind': 'resistance', 'distance_to_entry_r': 0.5788712011577427, 'distance_to_target_r': 1.4211287988422574}]",4h favorable zone; 4h opposite zone before target; 1h favorable zone; 1h opposite zone before target; 15m favorable zone,nested child aligned with parent,1,1,36,0.9594594594594594,1.4373342129495978,0.988662952122605,20.0,0.638141809290954,41682758.62060547,1.4373342129495978,-0.4373342129495978,True,1.0,ascending,,,,,,,,,,,,,0.4931506849315068,0.451507742461289,1h_only,-1.0390722073312708,0.3243014394580891,0.048537115114673623,0.033130282447136894,0.05683110717494677,0.047469420695232856,-0.007666509859771131,0.018730077831179193,-1.0342263341714433,0,bearish,0,0,0,0,1.4609777015437329,14.350728155339795,10.0,20.0,15.0,0.0,10.0,69.3507281553398,1,long,SOL,2,2,73,15.706275884039474,58500000,5.5400000000000205,ascending,58500000,0.0,3,loser,True,0.5788712011577427,0.5065123010130207,"['1h', '4h']",['resistance']
False,bearish,0.011601551187466676,False,bearish,0.03823804060927471,0,0,0,False,bearish,0.03530017613459594,1,{},{},{},{},{},[],0,0.8513513513513348,1.563275434243159,0.9459459459459574,0.006932052161976798,2.506203473945448,1.8362282878412066,9,True,True,ascending,0,0.020182061957518857,-3.5209790209789844,0.1464646464646411,0.8737373737373605,0.1464646464646411,1,1,1,0,0,0,0,1749966300000,bearish,1,1749978000000,3,bearish,3,1.2711111111111046e-07,0.0,True,"[{'timeframe': '4h', 'zone_kind': 'resistance', 'distance_to_entry_r': 0.1464646464646411, 'distance_to_target_r': 1.853535353535359}, {'timeframe': '1h', 'zone_kind': 'resistance', 'distance_to_entry_r': 0.8737373737373605, 'distance_to_target_r': 1.1262626262626394}, {'timeframe': '15m', 'zone_kind': 'resistance', 'distance_to_entry_r': 0.1464646464646411, 'distance_to_target_r': 1.853535353535359}]",4h favorable zone; 4h opposite zone before target; 1h opposite zone before target; 15m favorable zone; 15m opposite zone before target,nested child aligned with parent,1,1,86,1.0,0.6419048340084041,1.0,17.137589648919334,0.7461008342401163,63156635.877441406,0.6419048340084041,0.35809516599159585,True,1.0,symmetrical,,,,,,,,,,,,,2.324324324324324,0.1389191149800501,1h_only,-1.1102430662041134,0.21681415929203263,-0.0013075793676274872,0.010399292032978513,-0.04152724196252433,-0.00506266915094522,-0.07644149870926098,-0.0453171402794843,-1.106209347628632,0,bearish,0,0,0,0,607200000000.0344,14.79729729729734,4.0,20.0,0.0,0.0,10.0,48.79729729729734,1,long,SOL,2,2,37,20.0,22500000,3.829999999999984,ascending,22500000,0.0,0,loser,True,0.1464646464646411,1.1262626262626394,"['15m', '1h', '4h']",['resistance']
True,bearish,0.0030987841452859823,True,bearish,0.0008523693840596239,0,0,0,True,bearish,0.028866386207151803,1,{},{},{},{},{},[],0,0.8561151079136583,1.7060931899641454,0.8633093525179887,0.008440285104133539,1.8256840632922464,1.9928315412186486,7,True,True,ascending,0,0.00872503840245778,43.9823943661969,0.9594882729211092,0.4285714285714268,0.8976545842217505,1,0,0,1,1,0,0,1750165200000,bearish,1,1750439700000,0,bearish,0,7.696476964769656e-08,0.00040384615384619134,True,"[{'timeframe': '4h', 'zone_kind': 'support', 'distance_to_entry_r': 0.8976545842217505, 'distance_to_target_r': 1.1023454157782495}, {'timeframe': '1h', 'zone_kind': 'support', 'distance_to_entry_r': 0.4285714285714268, 'distance_to_target_r': 1.5714285714285732}, {'timeframe': '15m', 'zone_kind': 'support', 'distance_to_entry_r': 0.9594882729211092, 'distance_to_target_r': 1.0405117270788908}]",4h favorable zone; 4h opposite zone before target; 1h favorable zone; 1h opposite zone before target; 15m favorable zone; 15m opposite zone before target,nested child aligned with parent,1,0,,,,,,,,,,,,,35,1.0,0.4575012926895329,1.0,18.82686278410841,0.3902792890823363,625396282.527832,0.4575012926895329,0.5424987073104671,True,1.0,symmetrical,0.7,0.23612622415669154,4h_only,1.9065156592948382,-0.09459459459458008,-0.01956207742033811,-0.01657426729733469,-0.020420248502670768,-0.019601651382366803,-0.0419667199980287,-0.014718809403770683,1.901692605127559,1,bearish,1,0,0,0,-0.4179809462813268,14.487410071942458,8.0,20.0,0.0,20.0,10.0,72.48741007194246,1,short,SOL,2,2,50,18.798076923076906,36900000,6.509999999999991,ascending,36900000,0.0,1,winner,True,0.4285714285714268,1.0405117270788908,"['15m', '1h', '4h']",['support']
True,bullish,0.02810382535857665,False,bearish,0.01833516011976284,0,0,0,False,bearish,0.06478575357723965,1,{},{},{},{},{},[],0,0.4636363636363836,0.5769230769231013,0.5727272727272715,0.005848416962391795,0.9534583063995018,1.244343891402714,8,True,True,descending,0,0.017871485943775148,9.16853932584263,0.23152709359605841,0.7339901477832413,1.0049261083743797,2,2,2,0,0,0,0,1750775400000,bullish,2,1750794300000,2,neutral,1,0.0,0.0008603320775778342,True,"[{'timeframe': '4h', 'zone_kind': 'resistance', 'distance_to_entry_r': 1.0049261083743797, 'distance_to_target_r': 0.9950738916256202}, {'timeframe': '1h', 'zone_kind': 'resistance', 'distance_to_entry_r': 0.7339901477832413, 'distance_to_target_r': 1.2660098522167587}, {'timeframe': '15m', 'zone_kind': 'resistance', 'distance_to_entry_r': 0.23152709359605841, 'distance_to_target_r': 1.7684729064039415}]",4h favorable zone; 4h opposite zone before target; 1h favorable zone; 1h opposite zone before target; 15m favorable zone; 15m opposite zone before target,nested child aligned with parent,2,2,41,1.0,0.8836867157074868,1.0,20.0,0.2266033254156768,388950943.39624023,0.8836867157074868,0.11631328429251324,True,1.0,ascending,,,,,,,,,,,,,1.3666666666666667,0.15771971496437023,1h_only,-1.106868303092597,0.0886486486486513,0.03813044387293352,0.008701147403665788,0.01224010477006976,0.03138212843197863,-0.04651260444556993,0.016264491678602777,-1.1019725631187867,0,bearish,0,0,0,0,2.08455882352944,12.42954545454557,8.0,20.0,15.0,0.0,10.0,65.42954545454558,2,long,SOL,2,2,30,18.56983396121108,18900000,3.319999999999993,descending,18900000,-9.417989417989425e-08,1,loser,True,0.23152709359605841,0.9950738916256202,"['15m', '1h', '4h']",['resistance']
False,bullish,0.023786286211542815,True,bearish,0.011968257988316805,0,0,0,True,bearish,0.06324650347068178,1,{},{},{},{},{},[],0,0.5208333333333136,0.25947067981317984,0.7083333333333136,0.0035917203008227865,0.536004855180176,0.4981837052413241,6,False,True,ascending,0,0.0041462256686184695,129.41984732824335,1.0058997050147522,0.10029498525073888,0.12979351032448364,1,1,1,0,0,0,0,1750796100000,bullish,2,1750816800000,2,neutral,1,2.4670433145009457e-08,0.0,True,"[{'timeframe': '4h', 'zone_kind': 'support', 'distance_to_entry_r': 0.12979351032448364, 'distance_to_target_r': 1.8702064896755164}, {'timeframe': '1h', 'zone_kind': 'support', 'distance_to_entry_r': 0.10029498525073888, 'distance_to_target_r': 1.8997050147492611}, {'timeframe': '15m', 'zone_kind': 'support', 'distance_to_entry_r': 1.0058997050147522, 'distance_to_target_r': 0.9941002949852477}]",4h favorable zone; 4h opposite zone before target; 1h favorable zone; 1h opposite zone before target; 15m favorable zone; 15m opposite zone before target,nested child acceptable with parent,2,1,27,0.9861111111111112,0.3151297513381716,0.9986370199121318,20.0,0.757371007371008,-10487591.240966797,0.3151297513381716,0.6848702486618284,True,1.0,ascending,,,,,,,,,,,,,0.38028169014084506,0.2733415233415226,1h_only,-1.0664240793480897,0.31260945709281374,0.019041654222409,-0.005074558894971881,0.008240150579949201,0.020555064274003332,-0.0518970280434381,0.008581768742222051,-1.0628784893551442,0,bearish,0,0,0,0,-0.179721599622509,11.168830451233886,8.0,14.0,15.0,0.0,10.0,58.16883045123389,1,short,SOL,2,2,71,20.0,53100000,4.449999999999989,ascending,53100000,0.0,0,loser,True,0.10029498525073888,0.9941002949852477,"['15m', '1h', '4h']",['support']
False,bullish,0.021614374129624473,True,bearish,0.004262550702818581,0,0,0,True,bearish,0.05986534470710767,1,{},{},{},{},{},[],0,0.6818181818181681,0.6405693950177755,0.7575757575757615,0.0037934587642633735,0.7860814551205446,0.939501779359423,3,True,True,ascending,0,0.012648221343873427,15.875000000000455,0.30526315789474706,0.42631578947369053,0.22631578947369052,1,1,1,0,0,0,0,1750826700000,bullish,1,1750835700000,2,neutral,2,6.913580246913521e-08,0.0027731587307737266,True,"[{'timeframe': '4h', 'zone_kind': 'support', 'distance_to_entry_r': 0.22631578947369052, 'distance_to_target_r': 1.7736842105263095}, {'timeframe': '1h', 'zone_kind': 'support', 'distance_to_entry_r': 0.42631578947369053, 'distance_to_target_r': 1.5736842105263096}, {'timeframe': '15m', 'zone_kind': 'support', 'distance_to_entry_r': 0.30526315789474706, 'distance_to_target_r': 1.6947368421052529}]",4h favorable zone; 4h opposite zone before target; 1h favorable zone; 1h opposite zone before target; 15m favorable zone; 15m opposite zone before target,nested child aligned with parent,1,1,21,0.9361702127659575,0.574319260554587,0.9837573243653377,20.0,0.02680965147452938,1666440000.0,0.574319260554587,0.42568073944541296,True,1.0,descending,,,,,,,,,,,,,0.45652173913043476,1.0321715817694384,1h_only,-1.1143365632005926,0.17057291666667673,0.021425878759331107,-0.0006375273322323238,0.01997370654082742,0.024427599803085398,-0.038488684922027394,0.020237411196077915,-1.111813398878473,0,bearish,0,0,0,0,-0.5590551181101807,12.281097237304051,8.0,20.0,15.0,0.0,10.0,65.28109723730405,1,short,SOL,2,2,46,14.613420634613137,32400000,3.8499999999999943,ascending,32400000,0.0,4,loser,True,0.22631578947369052,1.5736842105263096,"['15m', '1h', '4h']",['support']
True,bullish,0.020496246767931058,False,bearish,0.002013002103450775,0,0,0,False,bearish,0.05986534470710767,1,{},{},{},{},{},[],0,0.7891156462585057,2.0751341681574673,0.7891156462585057,0.014497744412686314,3.7656529516994426,2.629695885509886,5,True,True,descending,0,0.02162060537695014,3.834782608696287,0.2103174603174599,0.06349206349206188,0.04365079365078761,2,2,2,0,0,0,0,1750836600000,bullish,2,1750860900000,2,neutral,1,0.0,0.0006159550510679967,True,"[{'timeframe': '4h', 'zone_kind': 'resistance', 'distance_to_entry_r': 0.04365079365078761, 'distance_to_target_r': 1.9563492063492125}, {'timeframe': '1h', 'zone_kind': 'resistance', 'distance_to_entry_r': 0.06349206349206188, 'distance_to_target_r': 1.936507936507938}, {'timeframe': '15m', 'zone_kind': 'resistance', 'distance_to_entry_r': 0.2103174603174599, 'distance_to_target_r': 1.78968253968254}]",4h favorable zone; 4h opposite zone before target; 1h favorable zone; 1h opposite zone before target; 15m favorable zone; 15m opposite zone before target,nested child aligned with parent,2,2,38,0.9285714285714286,1.0876639015252916,0.9812215814375803,20.0,0.7438574938574947,24147646.572998047,1.0876639015252916,-0.08766390152529151,True,1.0,ascending,,,,,,,,,,,,,1.4074074074074074,0.12100737100737093,1h_only,-1.0854698203083473,0.024734982332152988,0.03452811280862167,0.013047510641819526,0.02493265842723358,0.027051662787900277,-0.038488684922027394,0.020237411196077915,-1.0842174657336128,0,bearish,0,0,0,0,9.591836734692679,14.209183673469397,8.0,20.0,15.0,0.0,10.0,67.2091836734694,2,long,SOL,2,2,27,17.692022474466,16200000,1.9699999999999989,descending,16200000,-7.098765432098625e-08,2,loser,True,0.04365079365078761,1.78968253968254,"['15m', '1h', '4h']",['resistance']
False,bullish,0.01857374433955028,False,bullish,0.022157906178050926,0,0,0,True,bearish,0.033558592528136824,1,{},{},{},{},{},[],0,0.5625000000000333,0.7725321888412306,0.8250000000000133,0.005866896500521254,1.52203496283888,1.3733905579398844,5,False,True,ascending,0,0.010479867622724712,30.84210526315826,0.3274336283185727,0.32300884955751485,2.1415929203539656,3,3,3,0,0,0,0,1751214600000,bullish,3,1751235300000,6,bullish,2,4.119241192411875e-08,0.0,True,"[{'timeframe': '1h', 'zone_kind': 'support', 'distance_to_entry_r': 0.32300884955751485, 'distance_to_target_r': 1.6769911504424853}, {'timeframe': '15m', 'zone_kind': 'support', 'distance_to_entry_r': 0.3274336283185727, 'distance_to_target_r': 1.6725663716814272}]",4h favorable zone; 1h favorable zone; 1h opposite zone before target; 15m favorable zone; 15m opposite zone before target,nested child acceptable with parent,3,3,45,1.0,0.34356525031306684,1.0,17.769787817703424,0.7325949367088614,26047516.19873047,0.34356525031306684,0.6564347496869332,True,1.0,ascending,,,,,,,,,,,,,0.9183673469387755,0.23417721518987153,1h_only,-1.0975472079768414,-0.3023715415019763,0.014768377947661282,-0.004004199129145736,0.04122789124825865,0.01774701237171117,0.005356100365479399,0.04045947130932137,-1.0974708162124776,0,neutral,0,0,0,0,-0.7753839590443514,13.96875000000025,14.0,14.0,0.0,0.0,10.0,51.96875000000025,3,short,SOL,2,2,49,20.0,36900000,2.9599999999999795,ascending,36900000,0.0,0,loser,True,0.32300884955751485,1.6725663716814272,"['15m', '1h']",['support']
True,bullish,0.01594461790292482,True,bullish,0.023957439490970265,0,0,0,False,bearish,0.03190135029100012,1,{},{},{},{},{},[],0,0.8502202643171672,3.644948064211488,0.9074889867841379,0.011804052724768725,3.3994334277620153,4.287063267233268,1,True,True,ascending,0,0.0064692982456140205,98.42372881355959,,0.0,1.081280788177343,4,4,4,0,0,0,0,1751236200000,bullish,4,1751265900000,16,bullish,4,2.4279835390946644e-08,0.0,True,"[{'timeframe': '4h', 'zone_kind': 'resistance', 'distance_to_entry_r': 1.081280788177343, 'distance_to_target_r': 0.918719211822657}, {'timeframe': '1h', 'zone_kind': 'resistance', 'distance_to_entry_r': 0.0, 'distance_to_target_r': 2.0}]",4h favorable zone; 4h opposite zone before target; 1h favorable zone; 1h opposite zone before target; 15m favorable zone,nested child aligned with parent,4,4,51,0.9696969696969697,1.4992843511450327,0.9757041783473503,18.477502058675338,0.7594936708860746,30840000.0,1.4992843511450327,-0.4992843511450327,True,1.0,ascending,,,,,,,,,,,,,1.59375,0.22547468354430533,1h_only,-1.053743959496885,-0.009487666034157849,0.03729057229189503,0.020413743439552157,0.044733827501045376,0.019223531441436403,0.008277368610419833,0.04178686992078262,-1.0548282597687524,0,neutral,0,0,0,0,1.8369209574651135,14.653083700440517,10.0,20.0,15.0,0.0,10.0,69.65308370044052,4,long,SOL,2,2,32,20.0,24300000,2.8500000000000227,ascending,24300000,0.0,0,loser,True,0.0,0.918719211822657,"['1h', '4h']",['resistance']
True,bearish,0.005654106638264797,False,bullish,0.012115821881654897,0,0,0,True,bearish,0.016073707553600183,1,{},{},{},{},{},[],0,0.6739130434782958,0.6378600823045315,0.2173913043478234,0.008464328899637372,2.5925925925926325,0.9465020576131268,2,True,True,ascending,0,0.014130434782608732,13.999999999999886,0.799107142857136,0.004464285714281636,0.9866071428571423,4,4,4,0,0,0,0,1751461200000,bearish,4,1751463900000,4,bullish,1,7.77777777777783e-08,0.0,True,"[{'timeframe': '4h', 'zone_kind': 'support', 'distance_to_entry_r': 0.9866071428571423, 'distance_to_target_r': 1.0133928571428577}, {'timeframe': '1h', 'zone_kind': 'support', 'distance_to_entry_r': 0.004464285714281636, 'distance_to_target_r': 1.9955357142857184}, {'timeframe': '15m', 'zone_kind': 'support', 'distance_to_entry_r': 0.799107142857136, 'distance_to_target_r': 1.2008928571428639}]",4h favorable zone; 4h opposite zone before target; 1h favorable zone; 1h opposite zone before target; 15m favorable zone; 15m opposite zone before target,nested child aligned with parent,4,4,45,1.0,0.42143314724993486,1.0,17.639942278005243,0.7214611872146114,38984810.126464844,0.42143314724993486,0.5785668527500651,True,1.0,symmetrical,,,,,,,,,,,,,0.9782608695652174,0.2739726027397269,1h_only,-1.0947928335736785,-0.059322033898317805,-0.011515880176697024,-0.005960197062322314,0.0006135602990535727,-0.011371831746214589,-0.009785271230584258,0.006230315058369795,-1.097076600450122,0,bearish,0,0,0,0,-1.285714285714319,9.065217391304339,8.0,20.0,0.0,0.0,10.0,47.06521739130434,4,short,SOL,2,2,46,20.0,35100000,4.200000000000017,ascending,35100000,0.0,0,loser,True,0.004464285714281636,1.0133928571428577,"['15m', '1h', '4h']",['support']
False,bearish,0.0035093063195067624,True,bullish,0.011824956000961237,0,0,0,False,bearish,0.016073707553600183,1,{},{},{},{},{},[],0,0.5138888888888763,0.9866666666666409,0.7013888888888837,0.007207688200747357,1.4399999999999789,1.919999999999997,3,True,True,ascending,0,0.0060173160173160566,80.97122302158186,0.10025706940874451,0.34447300771208433,0.45244215938304,1,1,1,0,0,0,0,1751469300000,neutral,1,1751642100000,1,bullish,1,3.432098765432135e-08,0.0,True,"[{'timeframe': '4h', 'zone_kind': 'resistance', 'distance_to_entry_r': 0.45244215938304, 'distance_to_target_r': 1.5475578406169601}, {'timeframe': '1h', 'zone_kind': 'resistance', 'distance_to_entry_r': 0.34447300771208433, 'distance_to_target_r': 1.6555269922879157}, {'timeframe': '15m', 'zone_kind': 'resistance', 'distance_to_entry_r': 0.10025706940874451, 'distance_to_target_r': 1.8997429305912554}]",4h favorable zone; 4h opposite zone before target; 1h favorable zone; 1h opposite zone before target; 15m favorable zone; 15m opposite zone before target,nested child aligned with parent,1,1,47,0.9285714285714286,1.0999742057521156,0.9689423343505644,17.639942278005243,0.7214611872146114,31784810.126464844,1.0999742057521156,-0.09997420575211555,True,1.0,symmetrical,,,,,,,,,,,,,0.8545454545454545,0.2739726027397269,1h_only,-1.0527525288331057,-1.1914893617020965,0.01061705103719679,0.014214026808201385,0.017807547584519634,0.005703374979258546,-0.009785271230584258,0.006230315058369795,-1.056107229047825,0,bearish,0,0,0,0,1.4318080852954198,13.213541666666572,8.0,20.0,15.0,0.0,10.0,66.21354166666657,1,long,SOL,2,2,55,20.0,40500000,4.200000000000017,ascending,40500000,0.0,0,loser,True,0.10025706940874451,1.5475578406169601,"['15m', '1h', '4h']",['resistance']
True,bearish,0.008132720087106547,False,bullish,0.0006555617175025419,0,1,0,True,bearish,0.00791290621645126,1,{},{},{},{},{},[],0,0.5384615384615777,0.5447470817120803,0.9487179487179935,0.003714652040743746,1.4239879855280553,1.0116731517509325,7,True,True,ascending,0,0.018636363636363923,15.780487804877453,0.37857142857142784,0.14285714285713416,1.3142857142857114,1,1,1,0,0,0,0,1751730300000,bearish,5,1751805900000,10,neutral,2,4.795321637427027e-08,0.0,True,"[{'timeframe': '4h', 'zone_kind': 'support', 'distance_to_entry_r': 1.3142857142857114, 'distance_to_target_r': 0.6857142857142886}, {'timeframe': '1h', 'zone_kind': 'support', 'distance_to_entry_r': 0.14285714285713416, 'distance_to_target_r': 1.8571428571428659}, {'timeframe': '15m', 'zone_kind': 'support', 'distance_to_entry_r': 0.37857142857142784, 'distance_to_target_r': 1.621428571428572}]",4h favorable zone; 4h opposite zone before target; 1h favorable zone; 1h opposite zone before target; 15m favorable zone; 15m opposite zone before target,nested child aligned with parent,5,0,33,1.0,0.31712962962962105,1.0,17.79395078082534,0.7903780068728505,-3975652.173828125,0.31712962962962105,0.6828703703703789,True,1.0,symmetrical,,,,,,,,,,,,,1.32,0.20160366552119374,1h_only,-1.145949360928211,-0.301492537313389,-0.011690279125785241,-0.0036822292630314113,-0.006498910884256359,-0.007145558253338735,-0.013214331748285235,-0.005448533313626713,-1.1508164276286446,0,bearish,1,0,0,0,-0.8060278207109928,12.360439599577532,8.0,20.0,15.0,0.0,10.0,65.36043959957753,1,short,SOL,2,2,25,20.0,17100000,1.7600000000000193,ascending,17100000,0.0,0,loser,True,0.14285714285713416,0.6857142857142886,"['15m', '1h', '4h']",['support']
True,bullish,0.010259778397347395,True,bullish,0.005706192924960255,0,4,0,False,bearish,0.00557696465996557,1,{},{},{},{},{},[],0,0.5624999999999408,0.6026785714285341,0.8333333333333136,0.004618821567903596,1.5654370300751919,1.0714285714286178,4,True,True,symmetrical,0,0.015463606161280617,14.148437499999886,0.32758620689656776,0.3678160919540356,0.08045977011495192,4,4,4,0,0,0,0,1751877000000,bullish,4,1751904900000,8,bullish,2,1.900584795321654e-08,0.0,True,"[{'timeframe': '4h', 'zone_kind': 'resistance', 'distance_to_entry_r': 0.08045977011495192, 'distance_to_target_r': 1.9195402298850481}, {'timeframe': '1h', 'zone_kind': 'resistance', 'distance_to_entry_r': 0.3678160919540356, 'distance_to_target_r': 1.6321839080459644}, {'timeframe': '15m', 'zone_kind': 'resistance', 'distance_to_entry_r': 0.32758620689656776, 'distance_to_target_r': 1.6724137931034322}]",4h favorable zone; 4h opposite zone before target; 1h favorable zone; 1h opposite zone before target; 15m favorable zone; 15m opposite zone before target,nested child aligned with parent,4,0,21,0.9318181818181818,0.7943051423714406,0.9767184660315312,17.389033942558697,0.5336391437308889,35484240.68774414,0.7943051423714406,0.20569485762855946,True,1.0,ascending,,,,,,,,,,,,,0.4883720930232558,0.5886850152905198,1h_only,-1.1182945130305286,-0.12826603325416985,0.01669142801855017,0.006195771003135286,0.021097367140492373,0.015182327544077223,0.015263312379367289,0.021044556113573254,-1.1243380309646709,0,neutral,1,0,0,0,1.735781336278315,13.428232351854863,8.0,20.0,15.0,0.0,10.0,66.42823235185486,4,long,SOL,2,2,43,20.0,34200000,3.8499999999999943,symmetrical,34200000,-5.584795321637417e-08,0,loser,True,0.08045977011495192,1.6321839080459644,"['15m', '1h', '4h']",['resistance']
False,bullish,0.008362641224758995,False,bullish,0.007971184167230265,0,0,0,True,bearish,0.004503789885579518,1,{},{},{},{},{},[],0,0.34343434343434864,0.7636159460977043,0.5707070707070714,0.006110182903672021,1.0379716176195468,2.2234699606962227,4,False,True,ascending,0,0.004532304725168738,123.4680851063838,0.15624999999999917,0.03750000000000122,0.23749999999999588,3,0,3,0,3,3,0,1751905800000,neutral,3,1752039000000,12,bullish,4,2.047930283224396e-08,0.0,True,"[{'timeframe': '4h', 'zone_kind': 'support', 'distance_to_entry_r': 0.23749999999999588, 'distance_to_target_r': 1.7625000000000042}, {'timeframe': '1h', 'zone_kind': 'support', 'distance_to_entry_r': 0.03750000000000122, 'distance_to_target_r': 1.9624999999999988}, {'timeframe': '15m', 'zone_kind': 'support', 'distance_to_entry_r': 0.15624999999999917, 'distance_to_target_r': 1.8437500000000009}]",4h favorable zone; 4h opposite zone before target; 1h favorable zone; 1h opposite zone before target; 15m favorable zone; 15m opposite zone before target,nested child acceptable with parent,3,0,23,0.8709677419354839,-0.17920868890613809,0.9575416799295161,15.389033942558697,0.0697674418604682,894000000.0,-0.17920868890613809,1.1792086889061382,True,1.0,ascending,34,1.0,0.5538720793319865,1.0,17.7543034485417,0.2958833619210986,956034782.6086426,0.5538720793319865,0.44612792066801354,True,1.0,symmetrical,0.3770491803278688,1.3178294573643514,both,-1.0626766488165318,-0.257287705956899,-0.0015551289406574575,-0.009822748800671244,0.010654232358938698,0.002577357862349139,0.0061559253346799014,0.010736090970502321,-1.0696222120925245,9,neutral,3,0,0,0,-0.4061692228157893,11.70075757575761,8.0,14.0,0.0,20.0,10.0,63.700757575757606,3,short,SOL,2,2,61,20.0,45900000,3.4000000000000057,ascending,45900000,0.0,0,loser,True,0.03750000000000122,1.7625000000000042,"['15m', '1h', '4h']",['support']
True,bullish,0.004316378416659711,True,bullish,0.0062022031231561406,0,7,0,False,bearish,0.0028179095109235673,1,{},{},{},{},{},[],0,0.8212765957446736,4.137191854233641,0.8680851063829774,0.008610457028774549,2.8070369959715187,5.0375133976420425,1,True,True,symmetrical,0,0.00807413524176537,51.02272727272634,0.050847457627120764,0.20677966101695458,0.16610169491525795,7,7,7,0,0,0,0,1752039900000,bullish,7,1752113700000,7,bullish,1,2.049808429118761e-08,0.0,True,"[{'timeframe': '4h', 'zone_kind': 'resistance', 'distance_to_entry_r': 0.16610169491525795, 'distance_to_target_r': 1.833898305084742}, {'timeframe': '1h', 'zone_kind': 'resistance', 'distance_to_entry_r': 0.20677966101695458, 'distance_to_target_r': 1.7932203389830454}, {'timeframe': '15m', 'zone_kind': 'resistance', 'distance_to_entry_r': 0.050847457627120764, 'distance_to_target_r': 1.9491525423728793}]",4h favorable zone; 4h opposite zone before target; 1h favorable zone; 1h opposite zone before target; 15m favorable zone; 15m opposite zone before target,nested child aligned with parent,7,0,30,0.984375,1.1598710717163505,0.994215425531915,20.0,0.33843212237093767,101145762.71191406,1.1598710717163505,-0.15987107171635043,True,1.0,ascending,,,,,,,,,,,,,0.47619047619047616,0.6615678776290623,1h_only,1.8320652844502294,0.027484143763212843,0.01812327903079458,0.013668605556620639,0.00957098705055004,0.0032888295041104687,0.007622650085183258,0.010491829925472373,1.8460140433707382,0,neutral,1,0,0,0,1.845768374164829,14.505319148936167,8.0,20.0,15.0,0.0,10.0,67.50531914893617,7,long,SOL,2,2,63,20.0,52200000,3.460000000000008,symmetrical,52200000,-1.3218390804598203e-08,0,winner,True,0.050847457627120764,1.7932203389830454,"['15m', '1h', '4h']",['resistance']
False,bullish,0.01574077934227269,False,bullish,0.021708177792370147,0,3,0,False,bullish,0.005614916564300452,1,{},{},{},{},{},[],0,0.5225806451612975,1.3477537437604084,0.8193548387096747,0.005946428878236602,1.5564149840356447,2.579034941763709,6,False,True,ascending,0,0.007399952640303093,39.95200000000011,0.5506756756756727,0.047297297297302164,2.2905405405405346,3,3,3,0,0,0,0,1752157800000,bullish,3,1752166800000,3,bullish,1,5.6306306306306304e-08,0.0,True,"[{'timeframe': '1h', 'zone_kind': 'support', 'distance_to_entry_r': 0.047297297297302164, 'distance_to_target_r': 1.9527027027026977}, {'timeframe': '15m', 'zone_kind': 'support', 'distance_to_entry_r': 0.5506756756756727, 'distance_to_target_r': 1.4493243243243275}]",4h favorable zone; 1h favorable zone; 1h opposite zone before target; 15m favorable zone; 15m opposite zone before target,nested child acceptable with parent,3,0,33,0.9759036144578314,0.03458199434026147,0.9925965429371842,20.0,0.6906636670416203,23546579.80444336,0.03458199434026147,0.9654180056597386,True,1.0,ascending,,,,,,,,,,,,,0.4024390243902439,0.6951631046119231,1h_only,-1.072005276711918,-0.5041666666666806,0.009722723876865569,-0.00607455088249742,0.036580824997235695,0.013768716623689725,0.0467716673841585,0.04065517954586495,-1.078176852298322,0,bullish,1,0,0,0,-0.462021091977047,13.708064516129067,14.0,14.0,0.0,0.0,10.0,51.70806451612907,3,short,SOL,2,2,82,20.0,66600000,6.180000000000007,ascending,66600000,0.0,0,loser,True,0.047297297297302164,1.4493243243243275,"['15m', '1h']",['support']
True,bullish,0.01387793112564166,True,bullish,0.022124541340306985,0,1,0,True,bullish,0.006533654054902443,1,{},{},{},{},{},[],0,0.6836158192090511,1.4193548387096906,0.9548022598870142,0.008504924878976023,1.5783193447264867,2.076246334310835,3,True,True,descending,0,0.004619565217391328,132.17647058823422,,0.5481481481481463,4.7925925925925785,1,1,1,0,0,0,0,1752167700000,bullish,1,1752243300000,1,bullish,1,0.0,0.00043777264562485865,True,"[{'timeframe': '1h', 'zone_kind': 'resistance', 'distance_to_entry_r': 0.5481481481481463, 'distance_to_target_r': 1.4518518518518537}]",4h favorable zone; 1h favorable zone; 1h opposite zone before target; 15m favorable zone,nested child aligned with parent,1,0,36,0.8769230769230769,1.073359769286229,0.9524727718318573,20.0,0.6906636670416203,12746579.80444336,1.073359769286229,-0.07335976928622892,True,1.0,ascending,,,,,,,,,,,,,0.5625,0.3880764904386964,1h_only,1.8762987586592728,-0.015366430260046915,0.028611380604521175,0.01413461116481507,0.04445744214049063,0.0208671003682126,0.03859521727850135,0.03159499740191918,1.8891375070695882,0,bullish,1,0,0,0,1.5788458685655016,14.830508474576302,16.0,20.0,15.0,0.0,10.0,75.8305084745763,1,long,SOL,2,2,64,17.78111367718757,52200000,3.450000000000017,descending,52200000,-1.9540229885057668e-08,2,winner,True,0.5481481481481463,1.4518518518518537,['1h'],['resistance']
True,bearish,0.0005098992055944054,False,bullish,0.02764455655441306,0,0,0,False,bullish,0.034561753651632374,1,{},{},{},{},{},[],0,0.6774193548386999,0.9285187914517236,0.7096774193548299,0.0066765578635013855,1.591746499631514,1.370670596904945,8,True,True,descending,0,0.014534883720930168,13.8545454545457,0.028089887640447824,0.31741573033707715,0.31741573033707715,2,2,2,0,0,0,0,1752542100000,bearish,2,1752621300000,2,bullish,1,0.0,0.0,True,"[{'timeframe': '4h', 'zone_kind': 'support', 'distance_to_entry_r': 0.31741573033707715, 'distance_to_target_r': 1.6825842696629227}, {'timeframe': '1h', 'zone_kind': 'support', 'distance_to_entry_r': 0.31741573033707715, 'distance_to_target_r': 1.6825842696629227}, {'timeframe': '15m', 'zone_kind': 'support', 'distance_to_entry_r': 0.028089887640447824, 'distance_to_target_r': 1.9719101123595522}]",4h favorable zone; 4h opposite zone before target; 1h favorable zone; 1h opposite zone before target; 15m favorable zone; 15m opposite zone before target,nested child aligned with parent,2,2,57,1.0,0.1292941148853263,1.0,17.1766793716095,0.2487603305785141,471372757.47509766,0.1292941148853263,0.8707058851146737,True,1.0,symmetrical,,,,,,,,,,,,,1.2954545454545454,0.568595041322314,1h_only,-1.0619359429225037,0.1760752688172078,-0.017156712629904813,-0.016663912755183086,0.014349286288635632,-0.013318483189026842,0.05693466812580206,0.019686031311758834,-1.0671862765565867,0,bullish,0,0,0,0,-0.6555118110236028,13.911290322580612,8.0,20.0,0.0,0.0,10.0,51.91129032258061,2,short,SOL,2,2,44,20.0,33300000,6.8799999999999955,descending,33300000,-1.3213213213213146e-07,0,loser,True,0.028089887640447824,1.6825842696629227,"['15m', '1h', '4h']",['support']
False,bullish,0.006369396299684346,False,bullish,0.04673929216421047,0,0,0,False,bullish,0.05737102008860181,1,{},{},{},{},{},[],0,0.752688172042993,1.1419249592169534,0.96774193548387,0.004980785332445998,1.441777363473959,1.5171288743882738,4,True,True,ascending,0,0.030574762316335467,0.41696113074192453,1.4568965517241403,14.60344827586211,6.405172413793128,1,1,1,0,0,0,0,1752906600000,bullish,1,1752922800000,1,bullish,1,1.497354497354504e-07,0.001858855869687988,True,"[{'timeframe': '15m', 'zone_kind': 'support', 'distance_to_entry_r': 1.4568965517241403, 'distance_to_target_r': 0.5431034482758598}]",4h favorable zone; 15m favorable zone; 15m opposite zone before target,nested child aligned with parent,1,1,24,1.0,0.32070580041017055,1.0,18.26463833681553,0.31557653405259595,138153846.1538086,0.32070580041017055,0.6792941995898294,True,1.0,symmetrical,,,,,,,,,,,,,0.9230769230769231,0.30006743088334464,1h_only,-1.2058370545974895,0.23850574712644101,0.0029345833552849587,-0.003431583213818201,0.058077565267736775,0.008217387789170472,0.12803342102942206,0.05946840989988966,-1.2130934485852405,0,bullish,0,0,0,0,-15.72881355932512,14.850210256733531,14.0,20.0,0.0,0.0,10.0,58.85021025673353,1,short,SOL,2,2,26,18.070572065156007,18900000,3.5600000000000023,ascending,18900000,0.0,1,loser,True,1.4568965517241403,0.5431034482758598,['15m'],['support']
False,bullish,0.0032507360872676013,False,bullish,0.04401694347460404,0,0,0,False,bullish,0.05951416691670284,1,{},{},{},{},{},[],0,0.6644736842105159,1.2400245549416757,0.8223684210526261,0.0044079967635358526,0.9512766296069006,1.8661755678330463,4,True,True,ascending,0,0.0034337616304829705,175.51612903225623,0.04659498207885155,5.512544802867398,2.103942652329757,2,2,2,0,0,0,0,1752937200000,neutral,2,1752941700000,2,bullish,1,1.2757201646090629e-08,0.0,True,"[{'timeframe': '15m', 'zone_kind': 'support', 'distance_to_entry_r': 0.04659498207885155, 'distance_to_target_r': 1.9534050179211484}]",4h favorable zone; 1h favorable zone; 15m favorable zone; 15m opposite zone before target,nested child aligned with parent,2,2,25,0.9736842105263158,-0.03705503808246503,0.9896344955252503,16.655428821433155,0.7265800089645903,539666.8723144531,-0.03705503808246503,1.037055038082465,True,1.0,symmetrical,,,,,,,,,,,,,0.6756756756756757,0.27341999103540965,1h_only,-1.0840260801737998,-0.2438016528925646,-0.006907574931948823,-0.010103240213807707,0.0383498991573783,-0.007033618218658444,0.11982046349768916,0.04985283055192968,-1.0918739945869973,0,bullish,0,0,0,0,-0.38448814556148103,13.44587672425112,18.0,20.0,0.0,0.0,10.0,61.44587672425112,2,short,SOL,2,2,37,20.0,24300000,2.4399999999999977,ascending,24300000,0.0,0,loser,True,0.04659498207885155,1.9534050179211484,['15m'],['support']
False,bullish,0.0028174008930794145,False,bullish,0.04162843617885398,0,0,0,False,bullish,0.06108779171861425,1,{},{},{},{},{},[],0,0.9673913043478254,1.0722891566265242,0.9673913043478254,0.007993905483520745,1.7009857612267538,1.1084337349397786,1,True,True,ascending,0,0.014649681528662604,20.057971014492068,0.11379310344827015,0.11379310344827015,2.0931034482758557,3,3,3,0,0,0,0,1752961500000,neutral,3,1752973200000,12,bullish,4,6.969696969697091e-08,0.0,True,"[{'timeframe': '1h', 'zone_kind': 'support', 'distance_to_entry_r': 0.11379310344827015, 'distance_to_target_r': 1.8862068965517298}, {'timeframe': '15m', 'zone_kind': 'support', 'distance_to_entry_r': 0.11379310344827015, 'distance_to_target_r': 1.8862068965517298}]",4h favorable zone; 1h favorable zone; 1h opposite zone before target; 15m favorable zone; 15m opposite zone before target,nested child aligned with parent,3,3,39,0.967741935483871,0.15279840791428123,0.9810366263440858,17.916302825775738,0.7353337828725545,17559284.731689453,0.15279840791428123,0.8472015920857188,True,1.0,symmetrical,,,,,,,,,,,,,1.3,0.26466621712744554,1h_only,-1.0796315458560608,-0.6100628930817427,-0.00677678120062819,-0.009548369904565646,0.04961643036401542,0.005674594662059773,0.11999186406744689,0.048271409287816924,-1.0886362992665743,0,bullish,0,0,0,0,-1.1221098265896206,14.877717391304344,14.0,20.0,0.0,0.0,10.0,58.877717391304344,3,short,SOL,2,2,30,20.0,19800000,3.140000000000015,ascending,19800000,0.0,0,loser,True,0.11379310344827015,1.8862068965517298,"['15m', '1h']",['support']
True,bullish,0.0024290653984914297,True,bullish,0.040149660596295655,0,0,0,True,bullish,0.061847676911648865,1,{},{},{},{},{},[],0,0.7605633802816939,2.050632911392417,0.7934272300469489,0.00656934306569352,1.4810126582278726,2.6962025316455716,1,True,True,ascending,0,0.0023159875515670635,253.87499999998045,,,1.3270142180094777,1,1,1,0,0,0,0,1752974100000,bullish,1,1753076700000,2,bullish,2,1.2698412698413555e-08,0.0009197080291971311,True,"[{'timeframe': '4h', 'zone_kind': 'resistance', 'distance_to_entry_r': 1.3270142180094777, 'distance_to_target_r': 0.6729857819905223}]",4h favorable zone; 4h opposite zone before target; 1h favorable zone; 15m favorable zone,nested child aligned with parent,1,1,43,0.9761904761904762,1.0399085629619123,0.9878157835904314,18.235740488715333,0.6721173297370184,50492099.322753906,1.0399085629619123,-0.03990856296191217,True,1.0,symmetrical,,,,,,,,,,,,,1.048780487804878,0.28405259608900907,1h_only,1.8557324436059646,0.322717622080677,0.016012866567122197,0.0135115588587702,0.049112038968583294,0.006707995879762452,0.11796873414877451,0.04566735222562768,1.8732496162668175,0,bullish,0,0,0,0,1.4032496307237914,14.225352112676058,14.0,20.0,15.0,0.0,10.0,73.22535211267606,1,long,SOL,2,2,41,18.540145985401434,25200000,3.3700000000000045,ascending,25200000,0.0,1,winner,True,1.3270142180094777,0.6729857819905223,['4h'],['resistance']
False,bullish,0.032583404769182686,False,bullish,0.07112408134059096,0,0,0,False,bullish,0.08581436436964902,1,{},{},{},{},{},[],0,0.666666666666655,0.5150214592274596,0.6728395061728397,0.01627227110755591,1.5691884765351136,0.7725321888412029,1,False,True,symmetrical,0,0.026517538332283187,4.873267326732616,0.9415204678362605,4.596491228070182,5.8089668615984476,5,5,5,0,0,0,0,1753214400000,bullish,5,1753226100000,5,bullish,1,2.5751633986928276e-07,0.0,True,"[{'timeframe': '15m', 'zone_kind': 'support', 'distance_to_entry_r': 0.9415204678362605, 'distance_to_target_r': 1.0584795321637395}]",1h favorable zone; 15m favorable zone; 15m opposite zone before target,nested child acceptable with parent,5,5,45,0.9166666666666666,0.3223670911663653,0.9857987948265722,16.65185937042306,0.7101289134438301,42249585.06225586,0.3223670911663653,0.6776329088336347,True,1.0,ascending,,,,,,,,,,,,,1.9565217391304348,0.30497237569060803,1h_only,-1.050222279782028,0.15729349736379294,0.023589223450448227,-0.009447698680510541,0.10388126202491543,0.023521953058169398,0.2178831442373268,0.10264378286285081,-1.0581536592795788,0,bullish,0,0,0,0,-2.273059731816363,13.773148148148149,12.0,14.0,0.0,0.0,10.0,49.77314814814815,5,short,SOL,2,2,23,20.0,15300000,8.280000000000001,symmetrical,15300000,-7.254901960784217e-08,0,loser,True,0.9415204678362605,1.0584795321637395,['15m'],['support']
True,bullish,0.0290790117702936,True,bullish,0.07089776973607002,0,0,0,True,bullish,0.08581436436964902,1,{},{},{},{},{},[],0,0.782805429864246,1.3170917396269384,0.9185520361990922,0.010090104238236308,1.565283593452589,1.6825275980205556,2,True,True,symmetrical,0,0.012967200610221243,22.88235294117635,,,,4,4,4,0,0,0,0,1753227900000,bullish,4,1753252200000,4,bullish,1,1.1000000000000101e-07,0.0022957654592355653,False,[],4h favorable zone; 1h favorable zone; 15m favorable zone,nested child aligned with parent,4,4,48,0.9230769230769231,1.125292485828006,0.9768739769996679,16.65185937042306,0.7101289134438301,31449585.06225586,1.125292485828006,-0.1252924858280059,True,1.0,ascending,,,,,,,,,,,,,1.263157894736842,0.30497237569060803,1h_only,-1.0410468612462225,0.3214057507987226,0.05338705510538988,0.022079280066907403,0.11681897338689806,0.034877406797087396,0.2178831442373268,0.10264378286285081,-1.0500200296386613,0,bullish,0,0,0,0,1.6606683804627207,14.694570135746597,20.0,20.0,15.0,0.0,10.0,79.6945701357466,4,long,SOL,2,2,38,16.852117270382216,27000000,8.280000000000001,symmetrical,27000000,-4.111111111111056e-08,2,loser,False,,,[],[]
False,bearish,0.019550263388852105,True,bullish,0.002833512646646766,0,0,0,True,bullish,0.08962289425713445,1,{},{},{},{},{},[],0,0.9465648854961886,1.150812064965208,0.9618320610686937,0.010361474744844272,1.7456232862265333,1.2157772621809793,5,True,True,symmetrical,0,0.0035392535392535012,136.00000000000227,0.41815680880329953,1.1403026134800522,0.20082530949105995,4,4,4,0,0,0,0,1753475400000,bearish,4,1753901100000,8,neutral,2,1.2929292929292654e-08,0.0,True,"[{'timeframe': '4h', 'zone_kind': 'resistance', 'distance_to_entry_r': 0.20082530949105995, 'distance_to_target_r': 1.79917469050894}, {'timeframe': '1h', 'zone_kind': 'resistance', 'distance_to_entry_r': 1.1403026134800522, 'distance_to_target_r': 0.8596973865199476}, {'timeframe': '15m', 'zone_kind': 'resistance', 'distance_to_entry_r': 0.41815680880329953, 'distance_to_target_r': 1.5818431911967004}]",4h favorable zone; 4h opposite zone before target; 1h favorable zone; 1h opposite zone before target; 15m favorable zone; 15m opposite zone before target,nested child aligned with parent,4,4,68,0.8666666666666667,0.971828137189749,0.9380552018497819,17.522895125553934,0.809631544925662,36173892.21557617,0.971828137189749,0.02817186281025096,True,1.0,symmetrical,,,,,,,,,,,,,0.918918918918919,0.2579185520361988,1h_only,-1.0264482408262265,0.3989598811292763,-0.004256625228443722,0.015512400620780076,-0.008605623682302332,-0.01138277650349262,0.08794986045617725,-0.008706432289647625,-1.0363838020540064,0,bullish,0,0,0,0,1.3639529974669278,14.856870229007601,8.0,20.0,15.0,0.0,10.0,67.8568702290076,4,long,SOL,2,2,74,20.0,49500000,7.97999999999999,symmetrical,49500000,-2.9292929292929064e-08,0,loser,True,0.20082530949105995,0.8596973865199476,"['15m', '1h', '4h']",['resistance']
True,bearish,0.025866883743592337,True,bearish,0.057013759621282446,0,0,0,False,bullish,0.03235372982243194,1,{},{},{},{},{},[],0,0.43518518518517907,0.5048335123523064,0.5370370370370424,0.017384376193031795,3.068059759789061,1.1600429645542525,2,False,True,ascending,0,0.022867513611615035,6.317460317460586,,0.5111731843575357,0.5307262569832321,4,4,4,0,0,0,0,1754150400000,bearish,4,1754314200000,4,bearish,1,1.2727272727272636e-07,0.0,True,"[{'timeframe': '4h', 'zone_kind': 'support', 'distance_to_entry_r': 0.5307262569832321, 'distance_to_target_r': 1.469273743016768}, {'timeframe': '1h', 'zone_kind': 'support', 'distance_to_entry_r': 0.5111731843575357, 'distance_to_target_r': 1.4888268156424644}]",4h favorable zone; 4h opposite zone before target; 1h favorable zone; 1h opposite zone before target; 15m favorable zone,nested child acceptable with parent,4,4,17,0.95,0.01546561368871424,0.9656314300411528,20.0,0.4392220421393817,41752029.52026367,0.01546561368871424,0.9845343863112858,True,1.0,ascending,,,,,,,,,,,,,0.8947368421052632,0.4700162074554314,1h_only,-1.0558074167320777,0.09025641025642073,-0.038098411629279294,-0.01355426409000815,-0.08806050442094215,-0.038045509162466074,-0.05973626817287592,-0.0874955998805762,-1.0671331211713526,0,neutral,0,0,0,0,-3.947236180904376,12.124999999999986,10.0,14.0,15.0,0.0,10.0,61.124999999999986,4,short,SOL,2,2,19,20.0,9900000,2.9000000000000057,ascending,9900000,0.0,0,loser,True,0.5111731843575357,1.469273743016768,"['1h', '4h']",['support']
False,bearish,0.0006667202128784451,False,bearish,0.05194780814270111,0,0,0,True,bullish,0.004717853197438813,1,{},{},{},{},{},[],0,0.8864864864864819,2.488619119878582,0.9243243243243161,0.006961553584947639,1.730769230769205,2.8072837632776833,2,True,True,symmetrical,0,0.006597361055577755,68.21212121212147,1.3517441860465143,0.9302325581395404,0.9302325581395404,6,6,6,0,0,0,0,1754315100000,neutral,6,1754430300000,24,bearish,4,1.666666666666669e-08,0.0,True,"[{'timeframe': '4h', 'zone_kind': 'resistance', 'distance_to_entry_r': 0.9302325581395404, 'distance_to_target_r': 1.0697674418604595}, {'timeframe': '1h', 'zone_kind': 'resistance', 'distance_to_entry_r': 0.9302325581395404, 'distance_to_target_r': 1.0697674418604595}, {'timeframe': '15m', 'zone_kind': 'resistance', 'distance_to_entry_r': 1.3517441860465143, 'distance_to_target_r': 0.6482558139534859}]",4h favorable zone; 4h opposite zone before target; 1h favorable zone; 1h opposite zone before target; 15m favorable zone; 15m opposite zone before target,nested child aligned with parent,6,6,42,0.8870967741935484,1.3092498069425285,0.9689659393184127,15.83814893606789,0.6903719912472639,43354041.2043457,1.3092498069425285,-0.3092498069425284,True,1.0,symmetrical,,,,,,,,,,,,,0.6885245901639344,0.4485776805251659,1h_only,-1.0566079981383736,0.11174785100286921,0.01315711155771293,0.013841954016512448,-0.04552186227778887,0.004273056036021794,-0.0488733082854238,-0.053122210363958255,-1.069083144491358,0,neutral,0,0,0,0,1.5269657929808842,14.716216216216184,8.0,20.0,0.0,0.0,10.0,52.71621621621618,6,long,SOL,2,2,61,20.0,46800000,4.100000000000023,symmetrical,46800000,-1.8589743589743686e-08,0,loser,True,0.9302325581395404,0.6482558139534859,"['15m', '1h', '4h']",['resistance']
False,bearish,0.003702442069753797,False,bearish,0.02805381861832114,0,0,0,False,bearish,0.005927308163978047,1,{},{},{},{},{},[],0,0.7964601769911361,1.8720748829953031,0.8982300884955681,0.012524319066147874,2.1424856994279806,2.350494019760812,6,False,True,ascending,0,0.009400705052879129,64.87499999999852,0.7549857549857586,0.46723646723647266,0.46723646723647266,4,4,4,0,0,0,0,1754491500000,neutral,4,1754601300000,4,bearish,1,2.3391812865497407e-08,0.0006069512238457361,True,"[{'timeframe': '4h', 'zone_kind': 'resistance', 'distance_to_entry_r': 0.46723646723647266, 'distance_to_target_r': 1.5327635327635274}, {'timeframe': '1h', 'zone_kind': 'resistance', 'distance_to_entry_r': 0.46723646723647266, 'distance_to_target_r': 1.5327635327635274}, {'timeframe': '15m', 'zone_kind': 'resistance', 'distance_to_entry_r': 0.7549857549857586, 'distance_to_target_r': 1.2450142450142414}]",4h favorable zone; 4h opposite zone before target; 1h favorable zone; 1h opposite zone before target; 15m favorable zone; 15m opposite zone before target,nested child acceptable with parent,4,4,27,0.875,1.4655684974901304,0.9077159728807321,20.0,0.6625357483317429,2439712.2302246094,1.4655684974901304,-0.46556849749013035,True,1.0,descending,,,,,,,,,,,,,1.173913043478261,0.17635843660629102,1h_only,1.835346592157499,-0.9767801857585219,0.012410570126399012,0.016219759621981744,-0.02884280306884779,-0.0016428953545143399,-0.03479710078703657,-0.029243348568896654,1.859003569172369,0,bearish,0,0,0,0,2.508285163776504,14.618362831858379,8.0,14.0,0.0,0.0,10.0,46.61836283185838,4,long,SOL,2,2,23,18.696524388077133,17100000,1.8499999999999943,ascending,17100000,0.0,1,winner,True,0.46723646723647266,1.2450142450142414,"['15m', '1h', '4h']",['resistance']
True,bullish,0.016614755777216078,True,bullish,0.028167194237508922,0,0,0,True,bullish,0.010924184224298049,1,{},{},{},{},{},[],0,0.9893048128342342,1.9566367001586464,1.0,0.006166102804758242,1.195134849286091,1.9777895293495316,0,True,True,ascending,0,0.003007298199288597,217.01219512194382,,0.4414225941422648,0.10041841004184539,1,1,1,0,0,0,0,1754790300000,bullish,1,1754811000000,3,bullish,3,1.786492374727716e-08,0.0,True,"[{'timeframe': '4h', 'zone_kind': 'resistance', 'distance_to_entry_r': 0.10041841004184539, 'distance_to_target_r': 1.8995815899581545}, {'timeframe': '1h', 'zone_kind': 'resistance', 'distance_to_entry_r': 0.4414225941422648, 'distance_to_target_r': 1.5585774058577353}]",4h favorable zone; 4h opposite zone before target; 1h favorable zone; 1h opposite zone before target; 15m favorable zone,nested child aligned with parent,1,1,25,0.9516129032258065,1.2432521940718653,0.9867494566536972,20.0,0.33777777777777795,130215789.47363281,1.2432521940718653,-0.24325219407186527,True,1.0,ascending,,,,,,,,,,,,,0.4098360655737705,0.662222222222222,1h_only,-1.0442894023056413,0.07825203252032653,0.03487255009578272,0.017379568427574377,0.054446778225558656,0.024032195407405865,0.05187238401338523,0.039922789614614373,-1.0557872160289121,0,bullish,0,0,0,0,1.3238550154537796,15.0,10.0,20.0,15.0,0.0,10.0,70.0,1,long,SOL,2,2,61,20.0,45900000,4.469999999999999,ascending,45900000,0.0,0,loser,True,0.10041841004184539,1.5585774058577353,"['1h', '4h']",['resistance']
False,bearish,0.014225611206036286,True,bullish,0.012859790426231464,0,0,0,True,bullish,0.020588961652405726,1,{},{},{},{},{},[],0,0.952191235059759,3.1364829396325087,0.952191235059759,0.01180523677013511,2.7265506285398464,3.2939632545931437,1,False,True,descending,0,0.007716769751429574,38.1058601134215,0.1331923890063418,0.32558139534884223,0.18816067653277307,5,5,5,0,0,0,0,1755002700000,neutral,5,1755021600000,10,neutral,2,0.0,0.0,True,"[{'timeframe': '4h', 'zone_kind': 'resistance', 'distance_to_entry_r': 0.18816067653277307, 'distance_to_target_r': 1.811839323467227}, {'timeframe': '1h', 'zone_kind': 'resistance', 'distance_to_entry_r': 0.32558139534884223, 'distance_to_target_r': 1.6744186046511578}, {'timeframe': '15m', 'zone_kind': 'resistance', 'distance_to_entry_r': 0.1331923890063418, 'distance_to_target_r': 1.8668076109936582}]",4h favorable zone; 4h opposite zone before target; 1h favorable zone; 1h opposite zone before target; 15m favorable zone; 15m opposite zone before target,nested child acceptable with parent,5,5,19,0.9879518072289156,1.3206756945413884,0.9921002736043776,20.0,0.6016746411483266,11766202.783203125,1.3206756945413884,-0.3206756945413884,True,1.0,descending,,,,,,,,,,,,,0.23170731707317074,1.0,1h_only,1.8646605864271064,-0.10788381742737707,3.925360833312297e-05,0.014471294308283644,-0.004147842674283808,-0.016739913842723664,0.017213663240242205,-0.00365319954344967,1.887183298108443,0,bullish,0,0,0,0,1.7833118364917233,14.820717131474096,8.0,14.0,15.0,0.0,10.0,61.8207171314741,5,long,SOL,2,2,82,20.0,68400000,8.359999999999985,descending,68400000,-7.733918128654959e-08,0,winner,True,0.1331923890063418,1.6744186046511578,"['15m', '1h', '4h']",['resistance']
True,bearish,0.0023440686444898815,False,bullish,0.04633738139436157,0,0,0,False,bullish,0.054086485331023504,1,{},{},{},{},{},[],0,0.7441860465116233,1.55793573515092,0.74883720930233,0.005075187708129404,0.9589726045422348,2.0934761441090615,3,True,True,ascending,0,0.005989483581154031,84.43604651162764,0.36456211812627154,1.808553971486762,4.018329938900204,2,2,2,0,0,0,0,1755261000000,bearish,2,1755273600000,2,bullish,1,5.165165165165162e-08,0.0,True,"[{'timeframe': '1h', 'zone_kind': 'support', 'distance_to_entry_r': 1.808553971486762, 'distance_to_target_r': 0.19144602851323797}, {'timeframe': '15m', 'zone_kind': 'support', 'distance_to_entry_r': 0.36456211812627154, 'distance_to_target_r': 1.6354378818737285}]",1h favorable zone; 1h opposite zone before target; 15m favorable zone; 15m opposite zone before target,nested child aligned with parent,2,2,31,1.0,0.5048404205325128,1.0,20.0,0.545916208209903,56254883.720947266,0.5048404205325128,0.4951595794674872,True,1.0,symmetrical,,,,,,,,,,,,,0.6595744680851063,0.2585696148963177,1h_only,1.8615848149060221,-0.09591836734693548,-0.012681961555475074,-0.010391670170412759,0.041418375553666786,-0.006523426518340036,0.10186532305272089,0.03989190174163615,1.88052148646575,0,bullish,0,0,0,0,-0.25091234593403905,14.058139534883738,8.0,20.0,0.0,0.0,10.0,52.058139534883736,2,short,SOL,2,2,47,20.0,33300000,6.109999999999985,ascending,33300000,0.0,0,winner,True,0.36456211812627154,0.19144602851323797,"['15m', '1h']",['support']
False,bearish,0.005146102543746831,True,bullish,0.013659867531561998,0,0,0,True,bullish,0.051188041414333786,1,{},{},{},{},{},[],0,0.8283261802575194,2.8913857677902612,0.9828326180257544,0.009866511897852606,2.80149812734082,3.490636704119813,3,True,True,ascending,0,0.0061300309597522905,76.39898989899075,0.8961352657004819,0.07246376811593765,,1,1,1,0,0,0,0,1755398700000,neutral,1,1755480600000,2,bullish,2,3.0985915492957584e-08,0.001874170930452848,True,"[{'timeframe': '1h', 'zone_kind': 'resistance', 'distance_to_entry_r': 0.07246376811593765, 'distance_to_target_r': 1.9275362318840623}, {'timeframe': '15m', 'zone_kind': 'resistance', 'distance_to_entry_r': 0.8961352657004819, 'distance_to_target_r': 1.1038647342995183}]",4h favorable zone; 1h favorable zone; 1h opposite zone before target; 15m favorable zone; 15m opposite zone before target,nested child aligned with parent,1,1,43,0.961038961038961,1.4161517477637582,0.98477317581853,14.93746696241992,0.7084745762711876,9284210.526367188,1.4161517477637582,-0.4161517477637582,True,1.0,symmetrical,,,,,,,,,,,,,0.5657894736842105,0.288135593220339,1h_only,-1.0580471754852314,-0.37122557726466465,0.010554808881014566,0.01583758965054005,0.007888529572702474,-0.005799252303798297,0.06945123974350409,0.01394474653855271,-1.0668038423401065,0,bullish,0,0,0,0,1.8777021220334482,14.93562231759658,14.0,20.0,15.0,0.0,10.0,73.93562231759658,1,long,SOL,2,2,76,16.062914534773576,63900000,4.25,ascending,63900000,0.0,3,loser,True,0.07246376811593765,1.1038647342995183,"['15m', '1h']",['resistance']
True,bullish,0.03032358650672895,True,bullish,0.038728379189487704,0,0,0,True,bullish,0.04121851937334298,1,{},{},{},{},{},[],0,0.5740740740740867,1.0163934426229568,0.9629629629629698,0.004687728893012394,1.5737704918032895,1.7704918032786598,5,True,True,ascending,0,0.009328668998833866,36.258928571429124,,,,1,0,0,1,1,0,0,1755995400000,bullish,1,1756001700000,0,bullish,0,4.880174291938956e-08,0.0012727007085980883,False,[],4h favorable zone; 1h favorable zone; 15m favorable zone,nested child aligned with parent,1,0,,,,,,,,,,,,,58,1.0,0.9028921546020422,1.0,11.855418148453115,0.08253692441355326,8571637894.736816,0.9028921546020422,0.09710784539795779,True,1.0,symmetrical,1.0,0.11989574283231932,4h_only,1.7825238356757802,-0.029950083194691057,0.04305883543393629,0.011079125781073618,0.07925533312246591,0.03595469580302568,0.12880406603686878,0.07861850106544854,1.7991958442125822,2,bullish,2,0,0,0,1.6028071903472096,14.087148895074208,20.0,20.0,0.0,20.0,10.0,84.08714889507421,1,long,SOL,2,2,58,18.363649645700956,45900000,4.139999999999986,ascending,45900000,0.0,1,winner,False,,,[],[]
True,bullish,0.03139819769765132,True,bullish,0.040003998825375135,0,0,0,True,bullish,0.04121851937334298,1,{},{},{},{},{},[],0,0.6291208791208793,2.2991967871485812,0.8131868131868106,0.032960593778993116,6.7771084337349246,3.6546184738955607,3,True,True,ascending,0,0.008197921241399458,28.258928571429124,,,,1,0,0,1,1,0,0,1756002600000,bullish,1,1756063800000,0,bullish,0,4.880174291938956e-08,0.0012727007085980883,False,[],4h favorable zone; 1h favorable zone; 15m favorable zone,nested child aligned with parent,1,0,,,,,,,,,,,,,58,0.9552238805970149,1.0855528619771666,0.9796311897176371,11.855418148453115,0.08253692441355326,8571637894.736816,1.0855528619771666,-0.0855528619771665,True,1.0,symmetrical,0.8787878787878788,0.11989574283231932,4h_only,-1.027544221337831,-1.5381882770870083,0.06800890246031477,0.03335677650957236,0.09843056750649781,0.05219540210331308,0.12880406603686878,0.07861850106544854,-1.0352921854177404,2,bullish,2,0,0,0,6.438388625592382,14.299450549450539,20.0,20.0,0.0,20.0,10.0,84.29945054945054,1,long,SOL,2,2,66,18.363649645700956,45900000,4.139999999999986,ascending,45900000,0.0,1,loser,False,,,[],[]
True,bullish,0.014883933699487362,True,bullish,0.04868719557653345,0,0,0,True,bullish,0.05115353085210111,1,{},{},{},{},{},[],0,0.4358974358974222,0.21582733812949248,0.3589743589743677,0.011666721209542813,1.0057836084073908,0.49513330512061593,1,True,True,descending,0,0.028358881875563523,6.446740858505564,0.5374015748031463,1.1830708661417275,,1,1,1,0,0,0,0,1756080000000,bullish,1,1756107000000,1,bullish,4,0.0,0.0019224720093911336,True,"[{'timeframe': '1h', 'zone_kind': 'resistance', 'distance_to_entry_r': 1.1830708661417275, 'distance_to_target_r': 0.8169291338582724}, {'timeframe': '15m', 'zone_kind': 'resistance', 'distance_to_entry_r': 0.5374015748031463, 'distance_to_target_r': 1.4625984251968538}]",4h favorable zone; 1h favorable zone; 1h opposite zone before target; 15m favorable zone; 15m opposite zone before target,nested child aligned with parent,1,1,59,0.8095238095238095,0.347768260892697,0.9412115542128187,20.0,0.750855188141391,42904783.599121094,0.347768260892697,0.652231739107303,True,1.0,ascending,,,,,,,,,,,,,2.95,0.3161345496009122,1h_only,-1.0496529408622197,0.4167504187604696,0.01487088403925485,-0.00023089911857687717,0.06796222151502818,0.015176991803606654,0.1299808683638981,0.06823424636140474,-1.0586636369161369,0,bullish,0,0,0,0,1.879161528976567,8.461538461538412,14.0,20.0,15.0,0.0,10.0,67.46153846153841,1,long,SOL,2,2,20,18.038763995304432,13500000,11.090000000000003,descending,13500000,-4.6592592592592536e-07,1,loser,True,0.5374015748031463,0.8169291338582724,"['15m', '1h']",['resistance']
True,bullish,0.02231893853049676,True,bullish,0.03861001551804459,0,0,0,True,bullish,0.058348263258630705,1,{},{},{},{},{},[],0,0.8129496402877745,0.6975308641975255,0.9712230215827392,0.008086113450979473,1.0577160493827011,0.8580246913580132,5,True,True,symmetrical,1,0.022951362996105697,5.274368231046992,0.578817733990146,0.7068965517241387,,1,1,1,0,0,0,0,1756418400000,bullish,1,1756450800000,3,bullish,3,1.4055555555555563e-07,0.002258941733540839,True,"[{'timeframe': '1h', 'zone_kind': 'resistance', 'distance_to_entry_r': 0.7068965517241387, 'distance_to_target_r': 1.2931034482758614}, {'timeframe': '15m', 'zone_kind': 'resistance', 'distance_to_entry_r': 0.578817733990146, 'distance_to_target_r': 1.4211822660098539}]",4h favorable zone; 1h favorable zone; 1h opposite zone before target; 15m favorable zone; 15m opposite zone before target,nested child aligned with parent,1,1,21,1.0,0.711505071735356,1.0,20.0,0.36210384356035064,79870391.06152344,0.711505071735356,0.28849492826464396,True,1.0,ascending,,,,,,,,,,,,,0.7777777777777778,0.6028320971004714,1h_only,-1.0656394560040008,0.27384123601491206,0.03208528165130864,0.008846455172728085,0.07479752328327094,0.031972769855989736,0.12726863805452848,0.057699344464717583,-1.075926431730743,0,bullish,0,0,0,0,2.1728268309376912,14.892086330935271,14.0,20.0,15.0,0.0,10.0,73.89208633093527,1,long,SOL,2,2,27,13.391156503483334,18000000,8.939999999999998,symmetrical,18000000,-1.672222222222217e-07,2,loser,True,0.578817733990146,1.2931034482758614,"['15m', '1h']",['resistance']
True,bearish,0.008827370114059164,False,bullish,0.02634695689140257,0,0,0,False,bullish,0.06387139257201224,1,{},{},{},{},{},[],0,0.45544554455446745,0.42182485098579364,0.6732673267326861,0.00616056269706543,1.1646033929390542,0.926180651077479,2,True,True,ascending,0,0.02951264257796935,1.5891891891890282,0.2748815165876684,0.9431279620853062,13.014218009478592,1,1,1,0,0,0,0,1756539000000,bearish,1,1756557000000,1,bullish,1,2.93650793650795e-07,3.320908166731572e-05,True,"[{'timeframe': '1h', 'zone_kind': 'support', 'distance_to_entry_r': 0.9431279620853062, 'distance_to_target_r': 1.0568720379146936}, {'timeframe': '15m', 'zone_kind': 'support', 'distance_to_entry_r': 0.2748815165876684, 'distance_to_target_r': 1.7251184834123316}]",1h favorable zone; 1h opposite zone before target; 15m favorable zone; 15m opposite zone before target,nested child aligned with parent,1,1,30,1.0,0.29631841456266583,1.0,18.267226987507943,0.20922570016474346,335763779.5275879,0.29631841456266583,0.7036815854373342,True,1.0,symmetrical,,,,,,,,,,,,,1.4285714285714286,0.32784184514003323,1h_only,1.6936568033967743,0.10347826086956502,-0.009176516336063312,-0.0004339461800048072,0.018749854512589703,-0.007879607762428797,0.09397326976393261,0.022525720490422785,1.7118480641728924,0,bullish,0,0,0,0,-3.0238095238099105,12.757425742574377,8.0,20.0,0.0,0.0,10.0,50.75742574257438,1,short,SOL,2,2,21,18.983395459166342,12600000,5.969999999999999,ascending,12600000,0.0,1,winner,True,0.2748815165876684,1.0568720379146936,"['15m', '1h']",['support']
True,bearish,0.0035588534066632485,False,bullish,0.013342269880675425,0,0,0,False,bullish,0.06165420414990398,1,{},{},{},{},{},[],0,0.7380952380952405,0.8401084010840142,0.7380952380952405,0.007278104793110565,2.015457191608979,1.138211382113822,4,False,True,symmetrical,0,0.01903336184773312,5.530337078651655,0.08856088560885919,0.6900369003690033,9.394833948339459,2,2,2,0,0,0,0,1756623600000,bearish,2,1756629900000,2,bullish,1,1.3991769547325126e-07,0.0008309364737854158,True,"[{'timeframe': '1h', 'zone_kind': 'support', 'distance_to_entry_r': 0.6900369003690033, 'distance_to_target_r': 1.3099630996309966}, {'timeframe': '15m', 'zone_kind': 'support', 'distance_to_entry_r': 0.08856088560885919, 'distance_to_target_r': 1.911439114391141}]",1h favorable zone; 1h opposite zone before target; 15m favorable zone; 15m opposite zone before target,nested child acceptable with parent,2,2,25,1.0,0.45631463132321587,1.0,17.79129224531784,0.2290794979079495,220701369.8630371,0.45631463132321587,0.5436853686767841,True,1.0,ascending,,,,,,,,,,,,,0.7142857142857143,0.6987447698744745,1h_only,-1.0992990453562506,-0.25688073394495436,-0.006474778819132276,-0.002949396709328478,0.006981998256749611,-0.006367872255150231,0.08867087914322691,0.020194279513976898,-1.1092076222505143,0,bullish,0,0,0,0,-1.6318569687119464,14.017857142857153,8.0,14.0,0.0,0.0,10.0,46.01785714285715,2,short,SOL,2,2,35,17.584531763107293,24300000,6.679999999999978,symmetrical,24300000,-4.320987654320917e-08,2,loser,True,0.08856088560885919,1.3099630996309966,"['15m', '1h']",['support']
True,bearish,0.002353497776853441,False,bullish,0.01253625652132707,0,0,0,False,bullish,0.06159138315852424,1,{},{},{},{},{},[],0,0.7631578947368552,1.0253388332351263,0.9035087719298364,0.003864229645647461,0.9266694988419935,1.343547436652901,7,False,True,symmetrical,0,0.009543413173652631,24.459383753501925,0.376623376623374,0.5454545454545454,8.204545454545425,4,4,4,0,0,0,0,1756642500000,bearish,4,1756666800000,4,bullish,1,6.976744186046483e-08,0.0,True,"[{'timeframe': '1h', 'zone_kind': 'support', 'distance_to_entry_r': 0.5454545454545454, 'distance_to_target_r': 1.4545454545454546}, {'timeframe': '15m', 'zone_kind': 'support', 'distance_to_entry_r': 0.376623376623374, 'distance_to_target_r': 1.623376623376626}]",1h favorable zone; 1h opposite zone before target; 15m favorable zone; 15m opposite zone before target,nested child acceptable with parent,4,4,30,1.0,0.43418050618135323,1.0,17.79129224531784,0.2290794979079495,202701369.8630371,0.43418050618135323,0.5658194938186468,True,1.0,ascending,,,,,,,,,,,,,0.5357142857142857,0.6987447698744745,1h_only,-1.0852347881012239,-0.18404118404118086,-0.007101583326540095,-0.004775959497028137,0.009687186532091996,-0.002933381192558926,0.07677960980000909,0.009808744923071044,-1.096232545733136,0,bullish,0,0,0,0,-0.3871965185524402,12.93450236320817,8.0,14.0,0.0,0.0,10.0,44.93450236320817,4,short,SOL,2,2,56,20.0,38700000,6.679999999999978,symmetrical,38700000,-2.2480620155038144e-08,0,loser,True,0.376623376623374,1.4545454545454546,"['15m', '1h']",['support']
False,bullish,0.0008223715268262824,False,bullish,0.011606888719276977,0,0,0,False,bullish,0.06090129554186224,1,{},{},{},{},{},[],0,0.921787709497214,2.650602409638578,0.9553072625698411,0.0049705429925809294,1.6351118760757795,2.8755020080321314,4,True,True,ascending,0,0.019773210489015,7.648745519712975,0.12669683257918557,0.3936651583710414,11.918552036199054,2,2,2,0,0,0,0,1756680300000,neutral,2,1756684800000,6,bullish,3,1.1071428571428652e-07,9.205020920506221e-05,True,"[{'timeframe': '1h', 'zone_kind': 'support', 'distance_to_entry_r': 0.3936651583710414, 'distance_to_target_r': 1.6063348416289587}, {'timeframe': '15m', 'zone_kind': 'support', 'distance_to_entry_r': 0.12669683257918557, 'distance_to_target_r': 1.8733031674208145}]",4h favorable zone; 1h favorable zone; 1h opposite zone before target; 15m favorable zone; 15m opposite zone before target,nested child aligned with parent,2,2,40,0.9714285714285714,0.5473587356570663,0.9972002096759277,17.580523211855432,0.5418410041840981,71652509.65258789,0.5473587356570663,0.45264126434293367,True,1.0,symmetrical,,,,,,,,,,,,,1.1764705882352942,0.4341004184100423,1h_only,1.7181873539209969,-0.04098360655737743,-0.0021710679035319425,-0.002989201109044215,0.016996755116099438,0.005132007867709287,0.08021358048846072,0.013536646636349126,1.7375041546274215,0,bullish,0,0,0,0,-1.3355201499532123,14.788216723508286,14.0,20.0,0.0,0.0,10.0,58.788216723508285,2,short,SOL,2,2,34,18.95397489539747,25200000,4.150000000000006,ascending,25200000,0.0,1,winner,True,0.12669683257918557,1.6063348416289587,"['15m', '1h']",['support']
True,bearish,0.001341523853848229,False,bullish,0.01102692198991548,0,0,0,False,bullish,0.06130607801152256,1,{},{},{},{},{},[],0,0.36257309941520566,0.7579462102689576,0.5029239766081928,0.02354727434971974,5.894643254056508,2.0904645476772807,1,False,True,ascending,0,0.01680722891566275,9.086021505376038,0.7642980935875198,0.0363951473136879,3.904679376083182,2,2,2,0,0,0,0,1756685700000,bearish,2,1756838700000,10,neutral,5,9.393939393939463e-08,9.205020920506221e-05,True,"[{'timeframe': '1h', 'zone_kind': 'support', 'distance_to_entry_r': 0.0363951473136879, 'distance_to_target_r': 1.9636048526863121}, {'timeframe': '15m', 'zone_kind': 'support', 'distance_to_entry_r': 0.7642980935875198, 'distance_to_target_r': 1.2357019064124803}]",4h favorable zone; 1h favorable zone; 1h opposite zone before target; 15m favorable zone; 15m opposite zone before target,nested child acceptable with parent,2,2,27,0.9024390243902439,-0.296033402922754,0.9358371421876842,13.358895854595097,0.28780487804877725,186894915.2541504,-0.296033402922754,1.296033402922754,True,1.0,ascending,,,,,,,,,,,,,0.675,0.67479674796748,1h_only,-1.0421891109480703,-0.6472491909385334,-0.020140450841372948,-0.018850725254576428,-0.006407749393786966,-0.017175830691456895,0.05867388684172736,-0.005849599646186032,-1.0520779803150768,0,bullish,0,0,0,0,-6.276923076923238,11.561403508771958,14.0,14.0,15.0,0.0,10.0,64.56140350877196,2,short,SOL,2,2,40,18.95397489539747,29700000,4.150000000000006,ascending,29700000,0.0,1,loser,True,0.0363951473136879,1.2357019064124803,"['15m', '1h']",['support']
True,bullish,0.003310465756693757,True,bullish,0.016895210190013697,0,0,0,True,bullish,0.0561674088337591,1,{},{},{},{},{},[],0,0.4020618556701188,0.5213903743315723,0.6907216494845533,0.004720992416604522,1.3089450656295494,1.2967914438502701,5,True,True,descending,0,0.015400869600552603,15.941952506596408,0.3380782918149423,1.2455516014234866,,1,1,1,0,0,0,0,1756980900000,bullish,1,1756994400000,4,bullish,4,0.0,0.0,True,"[{'timeframe': '1h', 'zone_kind': 'resistance', 'distance_to_entry_r': 1.2455516014234866, 'distance_to_target_r': 0.7544483985765135}, {'timeframe': '15m', 'zone_kind': 'resistance', 'distance_to_entry_r': 0.3380782918149423, 'distance_to_target_r': 1.6619217081850577}]",4h favorable zone; 1h favorable zone; 1h opposite zone before target; 15m favorable zone; 15m opposite zone before target,nested child aligned with parent,1,1,45,1.0,0.4653358068064287,1.0,15.546128073238673,0.566848567530696,94787003.61010742,0.4653358068064287,0.5346641931935713,True,1.0,ascending,,,,,,,,,,,,,1.1538461538461537,0.4304229195088679,1h_only,-1.0947375825730692,0.18226002430134025,0.004745498462296327,0.0014146176288512002,0.019990940260975698,0.002711255964176873,0.07436598147104245,0.013223655229355202,-1.1062889632950534,0,bullish,0,0,0,0,1.5347567030784424,12.084065944494643,14.0,20.0,15.0,0.0,10.0,71.08406594449464,1,long,SOL,2,2,39,20.0,29700000,6.310000000000002,descending,29700000,-1.2760942760942734e-07,0,loser,True,0.3380782918149423,0.7544483985765135,"['15m', '1h']",['resistance']
False,bullish,0.0018219820130146486,False,bullish,0.0163359110038113,0,0,0,False,bullish,0.05591695695442551,1,{},{},{},{},{},[],0,0.6038961038960966,1.9957081545064235,0.8246753246753188,0.009275971487970321,2.060523780327584,3.3047210300429346,4,False,True,symmetrical,0,0.013744417230946574,9.819706498951632,0.23333333333333764,0.6727272727272845,8.390909090909142,4,4,4,0,0,0,0,1756995300000,neutral,4,1757075400000,16,bullish,4,2.9705215419501186e-08,0.0005944087520697077,True,"[{'timeframe': '1h', 'zone_kind': 'support', 'distance_to_entry_r': 0.6727272727272845, 'distance_to_target_r': 1.3272727272727156}, {'timeframe': '15m', 'zone_kind': 'support', 'distance_to_entry_r': 0.23333333333333764, 'distance_to_target_r': 1.7666666666666624}]",4h favorable zone; 1h favorable zone; 1h opposite zone before target; 15m favorable zone; 15m opposite zone before target,nested child acceptable with parent,4,4,49,0.9821428571428571,-0.030412316457803627,0.9942602040816325,15.546128073238673,0.566848567530696,80387003.61010742,-0.030412316457803627,1.0304123164578036,True,1.0,ascending,,,,,,,,,,,,,0.8909090909090909,0.4304229195088679,1h_only,-1.0788012390530124,-0.37452229299362205,-0.011061071792410893,-0.012839765670218495,0.014442133802994084,-0.0020949848668204707,0.07650253458486023,0.015381880320010533,-1.0913918584710551,0,bullish,0,0,0,0,-2.0089666951323957,14.215909090909026,14.0,14.0,0.0,0.0,10.0,52.21590909090902,4,short,SOL,2,2,55,18.702795623965145,44100000,6.310000000000002,symmetrical,44100000,-7.84580498866215e-08,1,loser,True,0.23333333333333764,1.3272727272727156,"['15m', '1h']",['support']
True,bullish,0.0008786052782401012,False,bearish,0.0023050609806553406,0,0,0,True,bullish,0.04523334385071561,1,{},{},{},{},{},[],0,0.4065934065934131,0.7014218009478789,0.23076923076924039,0.004120272722813574,1.5924170616113877,1.7251184834123232,8,True,True,ascending,0,0.011546840958605656,8.41509433962267,0.040935672514615704,0.5497076023391774,1.0116959064327378,5,0,0,5,5,0,0,1757261700000,bullish,5,1757264400000,0,neutral,0,5.888888888888902e-08,0.0,True,"[{'timeframe': '4h', 'zone_kind': 'resistance', 'distance_to_entry_r': 1.0116959064327378, 'distance_to_target_r': 0.9883040935672621}, {'timeframe': '1h', 'zone_kind': 'resistance', 'distance_to_entry_r': 0.5497076023391774, 'distance_to_target_r': 1.4502923976608226}, {'timeframe': '15m', 'zone_kind': 'resistance', 'distance_to_entry_r': 0.040935672514615704, 'distance_to_target_r': 1.9590643274853843}]",4h favorable zone; 4h opposite zone before target; 1h favorable zone; 1h opposite zone before target; 15m favorable zone; 15m opposite zone before target,nested child aligned with parent,5,0,,,,,,,,,,,,,34,1.0,0.5168981148836671,1.0,17.559209509319736,0.4272101641079936,473504832.7138672,0.5168981148836671,0.4831018851163329,True,1.0,symmetrical,0.5,0.2143991529910013,4h_only,-1.154665619555895,-0.6507537688442542,0.008098023498413598,0.007205920824030931,0.0074132052673958615,0.009758013698746959,0.05563239461615277,0.007523372142642426,-1.169417940466607,5,bullish,1,0,0,0,2.883408071748895,6.485354139165566,8.0,20.0,0.0,20.0,10.0,64.48535413916557,5,long,SOL,2,2,68,20.0,54000000,4.050000000000011,ascending,54000000,0.0,0,loser,True,0.040935672514615704,0.9883040935672621,"['15m', '1h', '4h']",['resistance']
False,bullish,0.01603363580650695,False,bullish,0.03712664484085317,0,0,0,False,bullish,0.05738137648653666,1,{},{},{},{},{},[],0,0.42424242424242814,0.3263403263403283,0.06060606060604886,0.005248735587321778,1.3678745496927487,0.7692307692307666,5,False,True,ascending,0,0.008223816818511673,22.58823529411734,1.190789473684215,4.654605263157909,14.805921052631625,3,3,3,0,0,0,0,1757571300000,bullish,3,1757584800000,6,bullish,2,6.86868686868689e-08,0.0022222222222222222,True,"[{'timeframe': '15m', 'zone_kind': 'support', 'distance_to_entry_r': 1.190789473684215, 'distance_to_target_r': 0.8092105263157848}]",1h favorable zone; 15m favorable zone; 15m opposite zone before target,nested child acceptable with parent,3,3,83,1.0,0.4383672228923126,1.0,18.687753278529147,0.7751118340788936,64514795.38305664,0.4383672228923126,0.5616327771076874,True,1.0,ascending,,,,,,,,,,,,,1.0506329113924051,0.25538836925579533,1h_only,-1.0919390400821218,-0.10294117647059986,0.013035176547409932,-0.0031561955929619856,0.05110357109936392,0.01162593233401421,0.12894405496385297,0.06026002478269454,-1.1071847108766624,0,bullish,0,0,0,0,-0.8404947916666874,7.272727272727251,12.0,14.0,0.0,0.0,10.0,43.27272727272725,3,short,SOL,2,2,79,15.88888888888889,59400000,6.280000000000001,ascending,59400000,0.0,3,loser,True,1.190789473684215,0.8092105263157848,['15m'],['support']
True,bullish,0.014164988523402247,True,bullish,0.03722730346559354,0,0,0,True,bullish,0.05859818290292436,1,{},{},{},{},{},[],0,0.4736842105263394,0.41546451240624743,0.6578947368421131,0.012419565315213925,3.1852279284477656,0.8770917484131453,5,True,True,descending,0,0.014175257731958706,7.111111111111313,0.14117647058823204,0.14117647058823204,,1,1,1,0,0,0,0,1757587500000,bullish,1,1757637000000,3,bullish,3,0.0,0.0,True,"[{'timeframe': '1h', 'zone_kind': 'resistance', 'distance_to_entry_r': 0.14117647058823204, 'distance_to_target_r': 1.8588235294117679}, {'timeframe': '15m', 'zone_kind': 'resistance', 'distance_to_entry_r': 0.14117647058823204, 'distance_to_target_r': 1.8588235294117679}]",4h favorable zone; 1h favorable zone; 1h opposite zone before target; 15m favorable zone; 15m opposite zone before target,nested child aligned with parent,1,1,87,1.0,0.809888156266178,1.0,18.426792364396263,0.8226921512810089,46397825.01245117,0.809888156266178,0.190111843733822,True,1.0,ascending,,,,,,,,,,,,,2.4166666666666665,0.15778771858479054,1h_only,1.7790632102467443,-0.0533175355450326,0.02163136930423959,0.007057835939725088,0.05921399924869597,0.01903186003038959,0.12271859369609972,0.05341517861292289,1.805901987049097,0,bullish,0,0,0,0,5.312499999999886,12.809210526315962,14.0,20.0,15.0,0.0,10.0,71.80921052631597,1,long,SOL,2,2,36,20.0,19800000,3.8799999999999955,descending,19800000,-9.999999999999948e-08,0,winner,True,0.14117647058823204,1.8588235294117679,"['15m', '1h']",['resistance']
False,bullish,0.021635292368164482,False,bullish,0.061636687296993245,0,0,0,False,bullish,0.07726032994032236,1,{},{},{},{},{},[],0,0.3995037220843705,2.3249097472924394,0.44168734491315154,0.005997374157117179,2.090530408219939,5.81949458483755,5,False,True,ascending,0,0.005133706229407712,101.3731343283581,0.42857142857143055,4.4187192118226575,15.399014778325117,7,7,7,0,0,0,0,1757772000000,bullish,7,1757810700000,28,bullish,4,2.8632478632478706e-08,0.0,True,"[{'timeframe': '15m', 'zone_kind': 'support', 'distance_to_entry_r': 0.42857142857143055, 'distance_to_target_r': 1.5714285714285694}]",1h favorable zone; 15m favorable zone; 15m opposite zone before target,nested child acceptable with parent,7,7,107,1.0,0.8178161874688382,1.0,18.695672065147786,0.3373493975903612,710357142.8571777,0.8178161874688382,0.1821838125311618,True,1.0,ascending,,,,,,,,,,,,,1.7258064516129032,0.12680722891566293,1h_only,-1.0728532207051076,0.04101838755303988,0.013154838689733106,-0.008577054277622342,0.08041157278008892,0.01295581598860518,0.1894831511852073,0.08937018308796607,-1.0870750304427987,0,bullish,0,0,0,0,-0.554181389870435,11.553349875930541,12.0,14.0,0.0,0.0,10.0,47.55334987593054,7,short,SOL,2,2,62,20.0,46800000,4.210000000000008,ascending,46800000,0.0,0,loser,True,0.42857142857143055,1.5714285714285694,['15m'],['support']
True,bullish,0.002805493298738895,True,bullish,0.05494759423606182,0,0,0,True,bullish,0.090109068300641,1,{},{},{},{},{},[],0,0.7404580152671735,0.6970894717930273,0.816793893129786,0.009747258410404505,1.6854713139298168,0.941430111390586,3,True,True,descending,0,0.01827015389986323,7.378980891719834,0.015151515151515695,0.18181818181818116,,2,1,1,0,0,0,1,1757906100000,bullish,2,1757921400000,2,bullish,3,0.0,0.0,True,"[{'timeframe': '1h', 'zone_kind': 'resistance', 'distance_to_entry_r': 0.18181818181818116, 'distance_to_target_r': 1.8181818181818188}, {'timeframe': '15m', 'zone_kind': 'resistance', 'distance_to_entry_r': 0.015151515151515695, 'distance_to_target_r': 1.9848484848484842}]",4h favorable zone; 1h favorable zone; 1h opposite zone before target; 15m favorable zone; 15m opposite zone before target,nested child aligned with parent,1,2,93,0.6842105263157895,0.26041326571331297,0.8045748440387768,15.21715175201852,0.7517882689556501,63840913.415771484,0.26041326571331297,0.7395867342866871,True,1.0,symmetrical,,,,,,,,,,,,,2.5135135135135136,0.3322603719599434,1h_only,-1.0729154247004253,0.20219638242894333,0.003990246097579586,0.0011702619275337778,0.058163758952052724,1.9095792621826035e-05,0.15942040364669952,0.04974865570556908,-1.0883211457608486,0,bullish,0,0,0,0,2.518342684505828,14.312977099236699,14.0,20.0,15.0,0.0,10.0,73.31297709923669,1,long,SOL,2,2,37,20.0,27000000,9.29000000000002,descending,27000000,-2.3259259259259264e-07,0,loser,True,0.015151515151515695,1.8181818181818188,"['15m', '1h']",['resistance']
False,bullish,0.0009591052557207584,False,bullish,0.05331755204927801,0,0,0,False,bullish,0.08986920428647746,1,{},{},{},{},{},[],0,0.6115702479338847,2.0680018630647408,0.6143250688705214,0.012695748172008898,2.843714273616471,3.3814625058220735,2,True,True,ascending,0,0.0054249547920434725,116.97435897435685,1.6777777777777823,2.138888888888893,8.330555555555572,4,4,4,0,0,0,0,1757922300000,neutral,4,1758148200000,12,bullish,3,3.939393939393993e-08,0.00036412001988445704,True,"[{'timeframe': '15m', 'zone_kind': 'support', 'distance_to_entry_r': 1.6777777777777823, 'distance_to_target_r': 0.32222222222221786}]",1h favorable zone; 15m favorable zone; 15m opposite zone before target,nested child aligned with parent,4,4,97,0.975,-0.1489400350472257,0.9787270900095576,15.948376621001854,0.6652360515021455,145068387.0966797,-0.1489400350472257,1.1489400350472256,True,1.0,symmetrical,,,,,,,,,,,,,2.4871794871794872,0.19778254649499283,1h_only,-1.033655860774113,-0.0905550146056453,-0.018955919940675914,-0.019878140643746822,0.04793256405907487,-0.007520443720501202,0.17133201722022395,0.059773213371425715,-1.0496402093267925,0,bullish,0,0,0,0,-0.736080666374403,13.473140495867764,12.0,20.0,0.0,0.0,10.0,55.47314049586777,4,short,SOL,2,2,39,18.81793999005777,29700000,5.530000000000001,ascending,29700000,0.0,1,loser,True,1.6777777777777823,0.32222222222221786,['15m'],['support']
False,bullish,0.018315600952682753,False,bullish,0.026262864192563764,0,2,0,False,bullish,0.08724308359037672,1,{},{},{},{},{},[],0,0.4724919093851153,1.7196702002355815,0.8446601941747608,0.0037763078773302345,1.0970034537142723,3.6395759717314546,5,False,True,ascending,0,0.012630639147103634,4.775467775467746,0.08187134502923141,8.286549707602294,8.286549707602294,2,2,2,0,0,0,0,1758203100000,bullish,5,1758204900000,5,bullish,1,1.8116760828625243e-07,0.0,True,"[{'timeframe': '15m', 'zone_kind': 'support', 'distance_to_entry_r': 0.08187134502923141, 'distance_to_target_r': 1.9181286549707686}]",1h favorable zone; 15m favorable zone; 15m opposite zone before target,nested child acceptable with parent,5,0,18,0.9850746268656716,0.6545077040760561,0.997439984543303,20.0,0.6738461538461531,6394520.5478515625,0.6545077040760561,0.3454922959239439,True,1.0,ascending,,,,,,,,,,,,,0.2727272727272727,0.7101538461538457,1h_only,-1.1824662720527483,0.10279329608938426,0.02121728897073738,0.0024669384884914436,0.05099809904231112,0.0227674466222334,0.15624527204689675,0.05029717193882921,-1.20201349128405,0,bullish,2,0,0,0,-1.1961253809317134,11.66688900046133,12.0,14.0,0.0,0.0,10.0,47.66688900046133,2,short,SOL,2,2,66,20.0,53100000,11.539999999999992,ascending,53100000,0.0,0,loser,True,0.08187134502923141,1.9181286549707686,['15m'],['support']
True,bullish,0.01914163902609236,True,bullish,0.028119351513253146,0,1,0,True,bullish,0.08723767869889432,1,{},{},{},{},{},[],0,0.645390070921985,0.7312173563680153,0.6808510638297945,0.008031318104770398,1.5990357573322664,1.132985134592201,7,True,True,ascending,0,0.008211041229909217,40.72340425531843,,,,1,1,1,0,0,0,0,1758214800000,bullish,1,1758253500000,1,bullish,1,6.216931216931277e-08,0.000990784858307325,False,[],4h favorable zone; 1h favorable zone; 15m favorable zone,nested child aligned with parent,1,0,22,0.7818181818181819,1.2906262401777922,0.8637910546883111,20.0,0.6738461538461531,-8005479.4521484375,1.2906262401777922,-0.2906262401777921,True,1.0,ascending,,,,,,,,,,,,,0.4074074074074074,0.32615384615384685,1h_only,-1.054419054747681,-0.08633696563286075,0.034325449412231146,0.014244737953154951,0.06505687249615733,0.034087293497613746,0.16503157140573843,0.0575480459979274,-1.073139467702496,0,bullish,2,0,0,0,1.8733542319749326,13.80319148936173,20.0,20.0,15.0,0.0,6.5,75.30319148936172,1,long,SOL,2,2,54,17.50460757084634,37800000,5.300000000000011,ascending,37800000,0.0,2,loser,False,,,[],[]
False,bearish,0.008382451842267604,True,bullish,0.013112451265095726,0,0,0,True,bullish,0.0877634145316254,1,{},{},{},{},{},[],0,0.6129032258064397,1.0270270270270125,0.720430107526863,0.004454718020941784,1.9066339066339097,1.6756756756756845,9,True,True,descending,0,0.020270270270270296,10.761904761904702,0.40957446808511283,0.574468085106391,,3,3,3,0,0,0,0,1758380400000,bearish,4,1758472200000,8,bullish,2,0.0,0.0,True,"[{'timeframe': '1h', 'zone_kind': 'resistance', 'distance_to_entry_r': 0.574468085106391, 'distance_to_target_r': 1.425531914893609}, {'timeframe': '15m', 'zone_kind': 'resistance', 'distance_to_entry_r': 0.40957446808511283, 'distance_to_target_r': 1.5904255319148872}]",4h favorable zone; 1h favorable zone; 1h opposite zone before target; 15m favorable zone; 15m opposite zone before target,nested child aligned with parent,4,3,45,1.0,0.5480292551563757,1.0,17.739606841422205,0.8401727861771054,10078149.100341797,0.5480292551563757,0.4519707448436243,True,1.0,symmetrical,,,,,,,,,,,,,1.6071428571428572,0.1598272138228945,1h_only,-1.1562794568691332,0.09931506849315708,-0.0060766527140149185,0.0022738061284572897,0.007215284017666024,-0.005913675038583532,0.10253191331629807,0.005260893572080372,-1.1780725603961384,0,bullish,0,0,0,0,2.2876106194690444,13.061109289476965,14.0,20.0,15.0,0.0,10.0,72.06110928947697,3,long,SOL,2,2,28,20.0,19800000,2.960000000000008,descending,19800000,-8.484848484848519e-08,0,loser,True,0.40957446808511283,1.425531914893609,"['15m', '1h']",['resistance']
False,bearish,0.02388721159705843,False,bearish,0.043489178607117186,0,0,0,True,bullish,0.05800488532267671,1,{},{},{},{},{},[],0,0.47945205479451947,0.28022417934347,0.6575342465753377,0.004169017824542751,0.7182889168477602,0.5844675740592388,2,False,True,descending,0,0.016457269990838883,11.260437375745596,0.18060200668896,0.13377926421404832,,1,0,1,0,1,1,0,1758679200000,bearish,2,1758682800000,2,bearish,1,0.0,0.0,True,"[{'timeframe': '1h', 'zone_kind': 'resistance', 'distance_to_entry_r': 0.13377926421404832, 'distance_to_target_r': 1.8662207357859517}, {'timeframe': '15m', 'zone_kind': 'resistance', 'distance_to_entry_r': 0.18060200668896, 'distance_to_target_r': 1.81939799331104}]",4h favorable zone; 1h favorable zone; 1h opposite zone before target; 15m favorable zone; 15m opposite zone before target,nested child acceptable with parent,2,0,60,1.0,0.37797843500947853,1.0,10.699892368167012,0.6641577060931899,56840366.97241211,0.37797843500947853,0.6220215649905214,True,1.0,descending,31,1.0,0.12897546178200434,1.0,20.0,0.2854368932038838,850873469.3876953,0.12897546178200434,0.8710245382179956,True,1.0,descending,1.6666666666666667,0.30430107526881744,both,-1.0816425179232354,-0.36329233680226736,-0.02299380557257813,0.00035237176119373714,-0.06226819568936326,-0.022400529942487424,-0.022348994467966343,-0.07481488636764011,-1.1033286948408163,2,neutral,1,0,0,0,1.4435028248587507,11.59599249023882,14.0,14.0,0.0,20.0,10.0,69.59599249023881,1,long,SOL,2,2,36,20.0,25200000,8.490000000000009,descending,25200000,-1.9960317460317464e-07,0,loser,True,0.13377926421404832,1.81939799331104,"['15m', '1h']",['resistance']
True,bearish,0.025551885969150794,True,bearish,0.044385778081750836,0,4,0,False,bullish,0.05800488532267671,1,{},{},{},{},{},[],0,0.7560606060606081,3.75187969924812,0.7803030303030318,0.021820741435945593,3.4962406015037573,4.962406015037581,2,True,True,descending,0,0.0034487005788890386,203.92857142857054,,0.021518987341770553,3.92784810126582,4,4,4,0,0,0,0,1758684600000,bearish,4,1758843000000,4,bearish,1,0.0,0.0,True,"[{'timeframe': '1h', 'zone_kind': 'support', 'distance_to_entry_r': 0.021518987341770553, 'distance_to_target_r': 1.9784810126582295}]",4h favorable zone; 1h favorable zone; 1h opposite zone before target; 15m favorable zone,nested child aligned with parent,4,0,61,0.9583333333333334,-0.3971508165546229,0.9666035353535354,10.699892368167012,0.6641577060931899,53240366.97241211,-0.3971508165546229,1.397150816554623,True,1.0,descending,,,,,,,,,,,,,2.652173913043478,0.12652329749103944,1h_only,1.8839523969657774,-0.05882352941176161,-0.05553469259932886,-0.03217837940452761,-0.0699906031712495,-0.029947626244470893,-0.022348994467966343,-0.07481488636764011,1.9238469620731633,0,neutral,1,0,0,0,-1.4658493870402844,14.17613636363637,16.0,20.0,15.0,0.0,10.0,75.17613636363637,4,short,SOL,2,2,23,20.0,16200000,3.530000000000001,descending,16200000,-1.728395061728402e-08,0,winner,True,0.021518987341770553,1.9784810126582295,['1h'],['support']
False,bearish,0.02899338094825067,False,bearish,0.08380941132178144,0,0,0,True,bullish,0.006369388598093891,1,{},{},{},{},{},[],0,0.5382262996941938,0.9688962290118478,0.6085626911314993,0.004063388866314419,0.44040737682355297,1.8001651527663167,1,False,True,symmetrical,0,0.02258713136729223,10.991097922848667,1.8044444444444454,1.4222222222222234,1.9466666666666645,1,1,1,0,0,0,0,1758903300000,bearish,1,1759090500000,2,bearish,2,1.9523809523809587e-07,0.0,True,"[{'timeframe': '4h', 'zone_kind': 'resistance', 'distance_to_entry_r': 1.9466666666666645, 'distance_to_target_r': 0.053333333333335356}, {'timeframe': '1h', 'zone_kind': 'resistance', 'distance_to_entry_r': 1.4222222222222234, 'distance_to_target_r': 0.5777777777777765}, {'timeframe': '15m', 'zone_kind': 'resistance', 'distance_to_entry_r': 1.8044444444444454, 'distance_to_target_r': 0.19555555555555454}]",4h favorable zone; 4h opposite zone before target; 1h favorable zone; 1h opposite zone before target; 15m favorable zone; 15m opposite zone before target,nested child acceptable with parent,1,1,49,0.9047619047619048,0.4924148595191448,0.9713064713064709,18.95353704478859,0.4822213343987212,155945318.97265625,0.4924148595191448,0.5075851404808551,True,1.0,descending,,,,,,,,,,,,,2.45,0.2980423491809831,1h_only,1.8338514302612006,0.1539634146341492,-0.017052117550334533,0.011782658639081234,-0.09912465878419385,-0.025552053623042137,-0.09232820463620728,-0.09754557737083958,1.8690892159762111,0,neutral,0,0,0,0,1.302375809935198,11.60655118938002,8.0,14.0,0.0,0.0,10.0,43.60655118938002,1,long,SOL,2,2,20,20.0,12600000,7.460000000000008,symmetrical,12600000,-7.222222222222195e-08,0,winner,True,1.4222222222222234,0.053333333333335356,"['15m', '1h', '4h']",['resistance']
True,bullish,0.0027106456536791605,False,bearish,0.010159394303964064,0,0,0,False,bearish,0.015525772824069316,1,{},{},{},{},{},[],0,0.40476190476187335,0.32708032708030493,0.7619047619047425,0.0038958669567047757,0.7854454913278455,0.8080808080808162,3,False,True,symmetrical,0,0.02160831509846847,8.78059071729922,0.07924528301887161,0.1849056603773635,,1,1,1,0,0,0,0,1759306500000,bullish,4,1759308300000,4,bearish,1,9.673202614379203e-08,0.0013652998925605937,True,"[{'timeframe': '1h', 'zone_kind': 'resistance', 'distance_to_entry_r': 0.1849056603773635, 'distance_to_target_r': 1.8150943396226364}, {'timeframe': '15m', 'zone_kind': 'resistance', 'distance_to_entry_r': 0.07924528301887161, 'distance_to_target_r': 1.9207547169811283}]",4h favorable zone; 1h favorable zone; 1h opposite zone before target; 15m favorable zone; 15m opposite zone before target,nested child acceptable with parent,4,1,42,1.0,0.9006348841932356,1.0,12.730320222137943,0.3708414872798455,155844854.88134766,0.9006348841932356,0.09936511580676438,True,1.0,descending,,,,,,,,,,,,,1.75,0.4471624266144836,1h_only,1.7290366309616196,0.23214285714286176,0.010621193595554468,0.007860225066528281,-0.0008806929781611794,0.009364811036638887,-0.016298666844462906,-0.0010418553883513315,1.7589727045059862,0,bearish,0,0,0,0,1.66698702546854,11.129514720771109,14.0,14.0,0.0,0.0,10.0,49.12951472077111,1,long,SOL,2,2,24,18.317350053719704,15300000,4.570000000000022,symmetrical,15300000,-5.816993464052384e-08,1,winner,True,0.07924528301887161,1.8150943396226364,"['15m', '1h']",['resistance']
False,bullish,0.007258117737914894,False,bullish,0.04065009610043602,0,0,0,False,bullish,0.016131909381668967,1,{},{},{},{},{},[],0,0.4871794871794806,0.6953339432753782,0.6538461538461777,0.00503798916151521,2.115736505032015,1.4272644098810587,7,True,True,symmetrical,0,0.023482412549936636,-2.029045643153495,0.2836538461538461,0.2836538461538461,7.7211538461538005,4,4,4,0,0,0,0,1759567500000,neutral,4,1759590900000,8,bullish,2,5.879629629629677e-08,0.0007802710216947774,True,"[{'timeframe': '1h', 'zone_kind': 'support', 'distance_to_entry_r': 0.2836538461538461, 'distance_to_target_r': 1.716346153846154}, {'timeframe': '15m', 'zone_kind': 'support', 'distance_to_entry_r': 0.2836538461538461, 'distance_to_target_r': 1.716346153846154}]",1h favorable zone; 1h opposite zone before target; 15m favorable zone; 15m opposite zone before target,nested child aligned with parent,4,4,25,1.0,0.13767187633444453,1.0,17.068029796905442,0.30655391120507436,153012413.7932129,0.13767187633444453,0.8623281236655554,True,1.0,descending,,,,,,,,,,,,,0.7575757575757576,0.6575052854122615,1h_only,1.6518401913898055,0.22564935064933567,-0.0010061776359392427,-0.00819755347618445,0.04423387913604482,0.0017129595359470784,0.060763217981430806,0.04291668570643892,1.6774890491659182,0,bullish,0,0,0,0,-1156250000000.0,12.87500000000005,8.0,20.0,0.0,0.0,10.0,50.87500000000005,4,short,SOL,2,2,33,17.60986448915261,21600000,6.219999999999999,symmetrical,21600000,-1.6435185185185106e-07,2,winner,True,0.2836538461538461,1.716346153846154,"['15m', '1h']",['support']
False,bullish,0.0019836502032741254,False,bullish,0.03806850955427463,0,0,0,False,bullish,0.017180432434199127,1,{},{},{},{},{},[],0,0.6452830188679262,1.9918462434478947,0.6792452830188708,0.012776606954689133,3.3896330809551696,3.086779266161934,2,True,True,descending,0,0.011414790996784545,14.464788732394481,0.04928131416837381,0.4763860369609838,2.5790554414784377,6,6,6,0,0,0,0,1759591800000,neutral,6,1759631400000,12,bullish,2,0.0,0.0,True,"[{'timeframe': '1h', 'zone_kind': 'support', 'distance_to_entry_r': 0.4763860369609838, 'distance_to_target_r': 1.5236139630390162}, {'timeframe': '15m', 'zone_kind': 'support', 'distance_to_entry_r': 0.04928131416837381, 'distance_to_target_r': 1.950718685831626}]",1h favorable zone; 1h opposite zone before target; 15m favorable zone; 15m opposite zone before target,nested child aligned with parent,6,6,32,0.9508196721311475,-0.3815457980924942,0.9590575829969521,17.068029796905442,0.30655391120507436,127812413.79321289,-0.3815457980924942,1.3815457980924941,True,1.0,descending,,,,,,,,,,,,,0.5333333333333333,0.6575052854122615,1h_only,-1.0542330305275325,-0.495639534883729,-0.01629193845743948,-0.018207741791797627,0.030955990114206244,-0.007977861067565928,0.060489290538435325,0.041513268113533064,-1.068809659462274,0,bullish,0,0,0,0,-2.408471275559861,13.797169811320765,8.0,20.0,0.0,0.0,10.0,51.797169811320764,6,short,SOL,2,2,60,20.0,45900000,6.219999999999999,descending,45900000,-9.281045751633968e-08,0,loser,True,0.04928131416837381,1.5236139630390162,"['15m', '1h']",['support']
False,bearish,0.001248611517741842,True,bullish,0.029561427322322958,0,0,0,True,bullish,0.024791082909708852,1,{},{},{},{},{},[],0,0.694029850746272,1.813749390541211,0.880597014925376,0.007837382127021801,1.7482761022497735,2.6133593369088293,4,True,True,symmetrical,0,0.019208824648155196,11.171617161716199,0.9746031746031707,2.009523809523801,,8,8,8,0,0,0,0,1759714200000,neutral,8,1759770900000,8,bullish,1,3.293650793650843e-08,0.0,True,"[{'timeframe': '15m', 'zone_kind': 'resistance', 'distance_to_entry_r': 0.9746031746031707, 'distance_to_target_r': 1.0253968253968293}]",4h favorable zone; 1h favorable zone; 15m favorable zone; 15m opposite zone before target,nested child aligned with parent,8,8,56,1.0,0.388706288967201,1.0,16.475465763967367,0.19953416149068276,732985214.0078125,0.388706288967201,0.6112937110327991,True,1.0,ascending,,,,,,,,,,,,,1.696969696969697,0.3711180124223605,1h_only,1.7600068988956354,-0.2513721185510487,0.004646982568758062,0.0059088084532861185,0.026162839869452004,-0.004049167501177231,0.05195995527680841,0.025222934194770286,1.7862512575510594,0,bullish,0,0,0,0,2.4830132939438703,14.552238805970159,18.0,20.0,15.0,0.0,10.0,77.55223880597016,8,long,SOL,2,2,33,20.0,25200000,4.780000000000001,symmetrical,25200000,-8.730158730158686e-08,0,winner,True,0.9746031746031707,1.0253968253968293,['15m'],['resistance']
False,bullish,0.01047289445041913,False,bullish,0.030739598496221387,0,0,0,False,bullish,0.02892626292810642,1,{},{},{},{},{},[],0,0.45283018867926145,0.18334606569901377,0.9622641509434307,0.0047978359357136475,0.8597819293006453,0.40488922841864095,2,False,True,ascending,0,0.010827143396701468,26.151162790697867,0.42499999999999766,0.5333333333333264,0.5333333333333264,4,0,0,4,4,0,0,1759784400000,bullish,4,1759843800000,0,bullish,2,8.686868686868681e-08,0.0027333276984194085,True,"[{'timeframe': '4h', 'zone_kind': 'support', 'distance_to_entry_r': 0.5333333333333264, 'distance_to_target_r': 1.4666666666666734}, {'timeframe': '1h', 'zone_kind': 'support', 'distance_to_entry_r': 0.5333333333333264, 'distance_to_target_r': 1.4666666666666734}, {'timeframe': '15m', 'zone_kind': 'support', 'distance_to_entry_r': 0.42499999999999766, 'distance_to_target_r': 1.5750000000000024}]",4h favorable zone; 4h opposite zone before target; 1h favorable zone; 1h opposite zone before target; 15m favorable zone; 15m opposite zone before target,nested child acceptable with parent,4,0,,,,,,,,,,,,,18,0.9056603773584906,0.6686716935327545,0.9859199741333311,16.49950468330476,0.19953416149068276,664585214.0078125,0.6686716935327545,0.33132830646724554,True,1.0,ascending,0.34615384615384615,0.4743788819875789,4h_only,1.7975396701772257,0.09183673469387688,0.006997211780128021,-0.003511926339157756,0.03890276787894198,0.00675169545826293,0.07919915159284119,0.04652943459052428,1.821090773404076,8,bullish,2,0,0,0,-0.5504668741662916,13.522225601683967,8.0,14.0,0.0,0.0,10.0,45.52222560168397,4,short,SOL,2,2,52,16.633336150790296,39600000,6.110000000000014,ascending,39600000,0.0,2,winner,True,0.42499999999999766,1.4666666666666734,"['15m', '1h', '4h']",['support']
False,bullish,0.00010766069509310751,False,bullish,0.002831731893188125,0,1,0,False,bullish,0.02620922525729254,1,{},{},{},{},{},[],0,0.6984126984126998,0.3697478991596623,0.8888888888888989,0.003936238645176395,0.758910460736015,0.5294117647058789,7,True,True,ascending,0,0.021852527094095,0.8632676709154339,0.2758620689655122,0.37068965517242075,1.3189655172413841,1,1,1,0,0,0,0,1759964400000,bullish,1,1759973400000,2,bullish,2,3.306513409961684e-07,0.0017411125215129853,True,"[{'timeframe': '4h', 'zone_kind': 'support', 'distance_to_entry_r': 1.3189655172413841, 'distance_to_target_r': 0.6810344827586158}, {'timeframe': '1h', 'zone_kind': 'support', 'distance_to_entry_r': 0.37068965517242075, 'distance_to_target_r': 1.6293103448275792}, {'timeframe': '15m', 'zone_kind': 'support', 'distance_to_entry_r': 0.2758620689655122, 'distance_to_target_r': 1.7241379310344878}]",4h favorable zone; 4h opposite zone before target; 1h favorable zone; 1h opposite zone before target; 15m favorable zone; 15m opposite zone before target,nested child aligned with parent,1,0,53,1.0,0.8712388801674533,1.0,17.51308900523559,0.4659201557935741,184205642.63330078,0.8712388801674533,0.1287611198325467,True,1.0,symmetrical,,,,,,,,,,,,,1.4722222222222223,0.5340798442064258,1h_only,1.4667514845814966,0.394062078272605,0.013022914386790596,0.012912443369085258,0.015646305049019427,0.012733644568719837,0.0478454459940143,0.019837429040152843,1.483267484398146,0,bullish,2,0,0,0,-3.5154362416106975,12.98769130109801,8.0,20.0,0.0,0.0,10.0,50.98769130109801,1,short,SOL,2,2,36,15.129443739243507,26100000,10.969999999999999,ascending,26100000,0.0,4,winner,True,0.2758620689655122,0.6810344827586158,"['15m', '1h', '4h']",['support']
False,bullish,0.0025846476153856468,False,bullish,0.0035150669349397964,0,4,0,False,bullish,0.02651557160729087,1,{},{},{},{},{},[],0,0.6888888888889113,0.642154324184365,0.8111111111111202,0.012504329862162152,2.9644151808833312,0.9321595028482415,3,True,True,ascending,0,0.01763028763164531,3.6864686468646823,0.38797814207649967,0.9562841530054653,3.754098360655744,4,4,4,0,0,0,0,1759974300000,bullish,4,1760023800000,8,bullish,2,2.404761904761906e-07,0.0,True,"[{'timeframe': '1h', 'zone_kind': 'support', 'distance_to_entry_r': 0.9562841530054653, 'distance_to_target_r': 1.0437158469945347}, {'timeframe': '15m', 'zone_kind': 'support', 'distance_to_entry_r': 0.38797814207649967, 'distance_to_target_r': 1.6120218579235004}]",4h favorable zone; 1h favorable zone; 1h opposite zone before target; 15m favorable zone; 15m opposite zone before target,nested child aligned with parent,4,0,55,1.0,0.6605014501265094,1.0,17.51308900523559,0.4659201557935741,177005642.63330078,0.6605014501265094,0.33949854987349065,True,1.0,symmetrical,,,,,,,,,,,,,1.1702127659574468,0.5340798442064258,1h_only,1.8120244800869263,-0.16237402015678049,0.0008551235240930044,-0.0017272660924915195,0.014126485794492272,0.010524247295530254,0.04608218679959131,0.01784961651695194,1.8297143869817443,0,bullish,1,0,0,0,-3.5872873769024296,14.2916666666667,14.0,20.0,0.0,0.0,10.0,58.2916666666667,4,short,SOL,2,2,47,20.0,37800000,10.969999999999999,ascending,37800000,0.0,0,winner,True,0.38797814207649967,1.0437158469945347,"['15m', '1h']",['support']
False,bearish,0.007983740526606647,False,bearish,0.008332319230055568,0,0,0,True,bullish,0.021369155905348443,1,{},{},{},{},{},[],0,0.7888888888888861,0.7204464738711114,1.0,0.010096062108581744,2.2482242516489,0.9132420091323981,3,True,True,symmetrical,0,0.02229484386347129,-0.42019543973935924,0.788273615635186,0.2768729641693891,4.954397394136821,2,2,2,0,0,0,0,1760101200000,bearish,2,1760108400000,2,bearish,1,9.444444444444342e-08,0.0011204111600587082,True,"[{'timeframe': '1h', 'zone_kind': 'resistance', 'distance_to_entry_r': 0.2768729641693891, 'distance_to_target_r': 1.7231270358306108}, {'timeframe': '15m', 'zone_kind': 'resistance', 'distance_to_entry_r': 0.788273615635186, 'distance_to_target_r': 1.2117263843648138}]",4h favorable zone; 1h favorable zone; 1h opposite zone before target; 15m favorable zone; 15m opposite zone before target,nested child aligned with parent,2,2,24,1.0,0.7488008410539444,1.0,20.0,0.44666001994018123,71196428.5715332,0.7488008410539444,0.25119915894605555,True,1.0,symmetrical,,,,,,,,,,,,,0.8888888888888888,0.5084745762711859,1h_only,-1.0952218711079662,0.3196930946291563,-0.0022702673940568907,0.005741079134546911,-0.010288046098717918,-0.0020584251535361586,0.009077034517320337,-0.012222533933232249,-1.1038941743959756,0,bullish,0,0,0,0,2134999999999.991,15.0,14.0,20.0,0.0,0.0,10.0,59.0,2,long,SOL,2,2,27,18.439794419970646,14400000,5.099999999999994,symmetrical,14400000,-1.1875000000000056e-07,1,loser,True,0.2768729641693891,1.2117263843648138,"['15m', '1h']",['resistance']
True,bullish,0.015139758598607181,False,bearish,0.021221499012455777,0,0,0,False,bearish,0.041363724113309935,1,{},{},{},{},{},[],0,0.4685314685314669,0.430868167202564,0.7972027972027997,0.004665629860031143,0.6173633440514517,0.9196141479099533,2,True,True,ascending,0,0.018690304404590158,16.59558823529403,3.779614325068875,1.1460055096418738,0.8898071625344336,2,2,2,0,0,0,0,1760519700000,bullish,2,1760526900000,2,neutral,1,1.3737373737373732e-07,0.002300706092817596,True,"[{'timeframe': '4h', 'zone_kind': 'resistance', 'distance_to_entry_r': 0.8898071625344336, 'distance_to_target_r': 1.1101928374655665}, {'timeframe': '1h', 'zone_kind': 'resistance', 'distance_to_entry_r': 1.1460055096418738, 'distance_to_target_r': 0.8539944903581262}]",4h favorable zone; 4h opposite zone before target; 1h favorable zone; 1h opposite zone before target; 15m favorable zone,nested child aligned with parent,2,2,22,0.8214285714285714,1.1554229657015256,0.8718706331439886,17.091211302721867,0.6520335700451916,16581386.138671875,1.1554229657015256,-0.15542296570152558,True,1.0,symmetrical,,,,,,,,,,,,,0.8148148148148148,0.3479664299548085,1h_only,-1.072398391475894,-0.20723917672107994,0.03317240518416398,0.01726043695538726,0.007573667343430568,0.02958856013841804,-0.038569724286569906,0.001248253351777917,-1.0820844781912242,0,bearish,0,0,0,0,1.4678777137793613,12.799144090746045,10.0,20.0,15.0,0.0,10.0,67.79914409074604,2,long,SOL,2,2,27,16.8496469535912,19800000,5.389999999999986,ascending,19800000,0.0,2,loser,True,0.8898071625344336,0.8539944903581262,"['1h', '4h']",['resistance']
False,bearish,0.01331528448859429,False,bearish,0.024527303287420955,0,0,0,False,bearish,0.046164024272719845,1,{},{},{},{},{},[],0,0.47887323943661914,0.5007363770250414,0.7394366197183095,0.014208075843881294,2.011503403255983,1.0456553755522935,4,True,True,descending,0,0.017268445839874406,0.5790513833992463,0.2532467532467526,1.4448051948051852,0.10714285714285154,2,2,2,0,0,0,0,1760580000000,bearish,2,1760593500000,4,bearish,2,0.0,0.0,True,"[{'timeframe': '4h', 'zone_kind': 'resistance', 'distance_to_entry_r': 0.10714285714285154, 'distance_to_target_r': 1.8928571428571486}, {'timeframe': '1h', 'zone_kind': 'resistance', 'distance_to_entry_r': 1.4448051948051852, 'distance_to_target_r': 0.5551948051948148}, {'timeframe': '15m', 'zone_kind': 'resistance', 'distance_to_entry_r': 0.2532467532467526, 'distance_to_target_r': 1.7467532467532474}]",4h favorable zone; 4h opposite zone before target; 1h favorable zone; 1h opposite zone before target; 15m favorable zone; 15m opposite zone before target,nested child aligned with parent,2,2,62,1.0,0.1844132474410891,1.0,18.702456823555433,0.2043212775951149,795120000.0,0.1844132474410891,0.8155867525589109,True,1.0,symmetrical,,,,,,,,,,,,,1.3478260869565217,0.5984030061061538,1h_only,-1.079861706887935,0.2700636942675162,-0.018781267408953695,-0.0057917310008903655,-0.041498832982482914,-0.01842248666517765,-0.08680802992108727,-0.046616612284716474,-1.0907955364705892,0,bearish,0,0,0,0,18.24744027303662,13.146126760563375,8.0,20.0,0.0,0.0,10.0,51.14612676056338,2,long,SOL,2,2,46,20.0,33300000,12.740000000000009,descending,33300000,-3.0390390390390405e-07,0,loser,True,0.10714285714285154,0.5551948051948148,"['15m', '1h', '4h']",['resistance']
True,bearish,0.013167182749878267,True,bearish,0.0298781428428456,0,0,0,True,bearish,0.052012421190409296,1,{},{},{},{},{},[],0,0.6398713826366528,1.012207527975576,0.6591639871382613,0.06154409257422787,6.254132756866726,1.5818921668362096,0,True,True,ascending,0,0.029209726443768957,-3.08949011446407,0.5059907834101394,,0.9281105990783435,1,0,0,1,1,0,0,1760630400000,bearish,1,1761484500000,0,bearish,0,6.673611111111101e-07,7.143939776687515e-05,True,"[{'timeframe': '4h', 'zone_kind': 'support', 'distance_to_entry_r': 0.9281105990783435, 'distance_to_target_r': 1.0718894009216564}, {'timeframe': '15m', 'zone_kind': 'support', 'distance_to_entry_r': 0.5059907834101394, 'distance_to_target_r': 1.4940092165898606}]",4h favorable zone; 4h opposite zone before target; 1h favorable zone; 15m favorable zone; 15m opposite zone before target,nested child aligned with parent,1,0,,,,,,,,,,,,,19,0.8461538461538461,-0.19051007480171403,0.8983136134683072,18.067877674484894,0.1592296852982615,797224778.7609863,-0.19051007480171403,1.1905100748017141,True,1.0,symmetrical,0.76,0.6181305777360264,4h_only,-1.0153145666036762,-1.001526717557244,-0.04711759249073677,-0.035010079343145706,-0.07265820354433705,-0.046231912061613145,-0.11301725151263786,-0.07011796168967555,-1.0267147785526454,1,bearish,1,0,0,0,-12295624999999.973,13.72186495176848,12.0,20.0,0.0,20.0,10.0,75.72186495176848,1,short,SOL,2,2,25,18.964280301116563,14400000,13.159999999999997,ascending,14400000,0.0,1,loser,True,0.5059907834101394,1.0718894009216564,"['15m', '4h']",['support']
True,bullish,0.005593651297305698,True,bullish,0.023707859780738964,0,0,0,False,bearish,0.03633258064773926,1,{},{},{},{},{},[],0,0.5000000000000119,0.6472491909385322,0.5833333333333393,0.005519215492319799,1.182871347497784,1.2944983818770337,2,True,True,descending,0,0.023164335664335716,7.460916442048415,0.28346456692913113,1.1299212598425012,1.9960629921259654,1,1,1,0,0,0,0,1761611400000,bullish,1,1761662700000,2,bullish,2,0.0,0.0003462336831576499,True,"[{'timeframe': '4h', 'zone_kind': 'resistance', 'distance_to_entry_r': 1.9960629921259654, 'distance_to_target_r': 0.003937007874034515}, {'timeframe': '1h', 'zone_kind': 'resistance', 'distance_to_entry_r': 1.1299212598425012, 'distance_to_target_r': 0.8700787401574989}, {'timeframe': '15m', 'zone_kind': 'resistance', 'distance_to_entry_r': 0.28346456692913113, 'distance_to_target_r': 1.7165354330708689}]",4h favorable zone; 4h opposite zone before target; 1h favorable zone; 1h opposite zone before target; 15m favorable zone; 15m opposite zone before target,nested child aligned with parent,1,1,26,0.7586206896551724,0.3196225327762587,0.906209763170792,15.735562682073043,0.4147196261682255,76411267.60571289,0.3196225327762587,0.6803774672237414,True,1.0,symmetrical,,,,,,,,,,,,,0.9285714285714286,0.6682242990654202,1h_only,-1.0986479136066771,0.09062821833161316,0.005505436364671823,-0.00011834479986783109,0.023918996514456614,-0.0003474960403838656,-0.012936968228908108,0.02377833047651645,-1.1121256495552627,0,bearish,0,0,0,0,1.9111271676300765,12.687500000000094,8.0,20.0,15.0,0.0,10.0,65.68750000000009,1,long,SOL,2,2,28,18.826883158421175,20700000,5.719999999999999,descending,20700000,-1.79227053140097e-07,1,loser,True,0.28346456692913113,0.003937007874034515,"['15m', '1h', '4h']",['resistance']
False,bearish,0.01275404549815089,True,bullish,0.014471024274297382,0,0,0,False,bearish,0.03148944880431047,1,{},{},{},{},{},[],0,0.3913043478260708,0.12195121951219982,0.17391304347833608,0.0036478138926648537,0.9575429087624364,0.31165311653119016,3,True,True,symmetrical,0,0.020249818817410604,0.3284210526314837,0.12213740458014985,3.824427480916017,0.5725190839694646,1,0,0,1,1,0,0,1761714000000,bearish,4,1761735600000,0,neutral,0,9.567901234567884e-08,0.002960129865218243,True,"[{'timeframe': '4h', 'zone_kind': 'resistance', 'distance_to_entry_r': 0.5725190839694646, 'distance_to_target_r': 1.4274809160305353}, {'timeframe': '15m', 'zone_kind': 'resistance', 'distance_to_entry_r': 0.12213740458014985, 'distance_to_target_r': 1.8778625954198502}]",4h favorable zone; 4h opposite zone before target; 1h favorable zone; 15m favorable zone; 15m opposite zone before target,nested child aligned with parent,4,0,,,,,,,,,,,,,37,1.0,0.3810516694445945,1.0,16.27970508619461,0.46467486818980736,475450529.5007324,0.3810516694445945,0.6189483305554055,True,1.0,symmetrical,0.8809523809523809,0.39261862917398876,4h_only,1.5627072505988953,0.26963657678781483,-0.017220236697952696,-0.0047452984353862915,-0.0029780692529759456,-0.01715843710996734,-0.03566896086491178,-0.005468774156685008,1.5836390707888026,4,bearish,1,0,0,0,9.153846153845674,5.471720838997392,12.0,20.0,0.0,0.0,10.0,47.47172083899739,1,long,SOL,2,2,42,17.51993506739088,32400000,11.169999999999987,symmetrical,32400000,-1.9753086419753103e-07,1,winner,True,0.12213740458014985,1.4274809160305353,"['15m', '4h']",['resistance']
False,bearish,0.008447527092490232,True,bullish,0.011322289281751642,0,0,0,False,bearish,0.02946382113268886,1,{},{},{},{},{},[],0,0.5897435897435991,0.4686704024452451,0.6025641025641002,0.015022226764089713,2.995415180845643,0.7947019867549682,2,True,True,ascending,0,0.010902266837448984,18.732240437158453,0.16700201207243145,0.15895372233400246,1.2454728370221326,3,0,0,3,3,0,0,1761739200000,neutral,3,1761762600000,0,bullish,0,8.133333333333325e-08,0.0,True,"[{'timeframe': '4h', 'zone_kind': 'resistance', 'distance_to_entry_r': 1.2454728370221326, 'distance_to_target_r': 0.7545271629778674}, {'timeframe': '1h', 'zone_kind': 'resistance', 'distance_to_entry_r': 0.15895372233400246, 'distance_to_target_r': 1.8410462776659975}, {'timeframe': '15m', 'zone_kind': 'resistance', 'distance_to_entry_r': 0.16700201207243145, 'distance_to_target_r': 1.8329979879275686}]",4h favorable zone; 4h opposite zone before target; 1h favorable zone; 1h opposite zone before target; 15m favorable zone; 15m opposite zone before target,nested child aligned with parent,3,0,,,,,,,,,,,,,39,1.0,0.6591189748365295,1.0,16.27970508619461,0.46467486818980736,446650529.5007324,0.6591189748365295,0.3408810251634705,True,1.0,symmetrical,0.6610169491525424,0.1999999999999998,4h_only,-1.0454713681951864,-0.6527027027026897,0.007023835181202198,0.015663947336424844,0.01843968123375861,0.006829856996664718,-0.011204546268811622,0.018467162755698485,-1.0577998535307929,3,bearish,1,0,0,0,3.1441073512251774,13.298076923076971,8.0,20.0,0.0,0.0,10.0,51.29807692307697,3,long,SOL,2,2,59,20.0,45000000,5.689999999999998,ascending,45000000,0.0,0,loser,True,0.15895372233400246,0.7545271629778674,"['15m', '1h', '4h']",['resistance']
False,bearish,0.006005727618944046,True,bullish,0.007844445719118805,0,0,0,False,bearish,0.02960957240674625,1,{},{},{},{},{},[],0,0.7222222222222375,0.9390519187359098,0.9861111111111237,0.009334731354545578,1.6541066157319346,1.300225733634309,2,True,True,symmetrical,0,0.013444777432569928,15.265848670756554,0.1043046357615883,0.22516556291390408,1.1192052980132396,1,0,0,1,1,0,0,1761793200000,neutral,1,1761797700000,0,bullish,0,1.350427350427349e-07,0.0005672689457949465,True,"[{'timeframe': '4h', 'zone_kind': 'resistance', 'distance_to_entry_r': 1.1192052980132396, 'distance_to_target_r': 0.8807947019867602}, {'timeframe': '1h', 'zone_kind': 'resistance', 'distance_to_entry_r': 0.22516556291390408, 'distance_to_target_r': 1.774834437086096}, {'timeframe': '15m', 'zone_kind': 'resistance', 'distance_to_entry_r': 0.1043046357615883, 'distance_to_target_r': 1.8956953642384118}]",4h favorable zone; 4h opposite zone before target; 1h favorable zone; 1h opposite zone before target; 15m favorable zone; 15m opposite zone before target,nested child aligned with parent,1,0,,,,,,,,,,,,,42,0.9736842105263158,0.5811103100216306,0.9979392664858681,16.5075263729001,0.5124780316344475,392355555.55566406,0.5811103100216306,0.4188896899783694,True,1.0,symmetrical,1.135135135135135,0.3455184534270653,4h_only,-1.0340369689169726,-0.10351377018043695,0.007271620708946491,0.013402094317072732,0.014612247777485488,0.006600642096704856,-0.03436246627715034,-0.005940194525581699,-1.0473384911803347,2,bearish,2,0,0,0,1.6380442062960692,14.947916666666714,8.0,20.0,0.0,0.0,10.0,52.947916666666714,1,long,SOL,2,2,37,18.71636552710253,23400000,9.830000000000013,symmetrical,23400000,-7.393162393162471e-08,1,loser,True,0.1043046357615883,0.8807947019867602,"['15m', '1h', '4h']",['resistance']
True,bearish,0.005776049713735375,False,bullish,0.007842570503215992,0,0,0,True,bearish,0.02853332225423622,1,{},{},{},{},{},[],0,0.6666666666666642,1.999999999999991,0.6666666666666642,0.00551762664855054,0.8365609704192243,2.9999999999999973,0,True,True,symmetrical,0,0.008919065982161882,53.47480106100784,0.1210287443267796,0.02420574886535506,0.08169440242057817,1,0,0,1,1,0,0,1761798600000,bearish,1,1762141500000,0,bullish,0,9.48948948948948e-08,0.0,True,"[{'timeframe': '4h', 'zone_kind': 'support', 'distance_to_entry_r': 0.08169440242057817, 'distance_to_target_r': 1.9183055975794219}, {'timeframe': '1h', 'zone_kind': 'support', 'distance_to_entry_r': 0.02420574886535506, 'distance_to_target_r': 1.975794251134645}, {'timeframe': '15m', 'zone_kind': 'support', 'distance_to_entry_r': 0.1210287443267796, 'distance_to_target_r': 1.8789712556732203}]",4h favorable zone; 4h opposite zone before target; 1h favorable zone; 1h opposite zone before target; 15m favorable zone; 15m opposite zone before target,nested child aligned with parent,1,0,,,,,,,,,,,,,43,0.9772727272727273,0.11189259741923233,0.9989376130962028,16.5075263729001,0.5124780316344475,377955555.55566406,0.11189259741923233,0.8881074025807677,True,1.0,symmetrical,1.0,0.3455184534270653,4h_only,1.8899844268079886,0.035576179427677435,-0.02595787726896237,-0.0204467975942495,0.009039773257452532,0.0011174646768941088,-0.01823680154888685,0.010057916232491415,1.9163036031045049,2,bearish,2,0,0,0,-0.19499007936507612,13.749999999999991,8.0,20.0,0.0,20.0,10.0,71.75,1,short,SOL,2,2,43,20.0,33300000,9.830000000000013,symmetrical,33300000,-1.8318318318318728e-08,0,winner,True,0.02420574886535506,1.8789712556732203,"['15m', '1h', '4h']",['support']
False,bearish,0.01701883503567986,False,bearish,0.08226067193655577,0,0,0,False,bearish,0.11696289084340457,1,{},{},{},{},{},[],0,0.6500000000000152,0.8212996389891934,0.8214285714285722,0.0038020526521028624,0.5336555257948089,1.2635379061371912,1,False,True,symmetrical,0,0.01743208279430787,4.458256029684662,0.4716981132075462,19.377358490565978,18.666666666666615,1,1,1,0,0,0,0,1762474500000,bearish,2,1762479000000,2,bearish,1,2.7598566308244096e-08,0.0,True,"[{'timeframe': '15m', 'zone_kind': 'resistance', 'distance_to_entry_r': 0.4716981132075462, 'distance_to_target_r': 1.5283018867924538}]",4h favorable zone; 1h favorable zone; 15m favorable zone; 15m opposite zone before target,nested child acceptable with parent,2,1,39,0.975609756097561,0.31230480949406747,0.995121951219512,15.238925021475039,0.23369036027263973,348960000.0,0.31230480949406747,0.6876951905059325,True,1.0,descending,,,,,,,,,,,,,0.975,0.752677702044791,1h_only,-1.1259332841429466,-0.025594149908594988,-0.019980868949320052,-0.003358093949536234,-0.09855091071579725,-0.026351140308455867,-0.18340938948826668,-0.09718036533297769,-1.139429094064643,0,bearish,0,0,0,0,1.7627965043695355,12.533436121011365,18.0,14.0,0.0,0.0,10.0,54.53343612101136,1,long,SOL,2,2,40,20.0,27900000,7.72999999999999,symmetrical,27900000,-1.655913978494615e-07,0,loser,True,0.4716981132075462,1.5283018867924538,['15m'],['resistance']
False,bearish,0.01634363266828808,False,bearish,0.08066590892380213,0,0,0,False,bearish,0.11696289084340457,1,{},{},{},{},{},[],0,0.7634854771784257,1.4148404459823176,0.9709543568464758,0.008666775507935476,1.0370231823518914,1.8531334102268338,3,False,True,descending,0,0.012716412980650085,14.906926406926686,0.31215469613259506,8.276243093922636,7.964088397790041,2,2,2,0,0,0,0,1762480800000,bearish,2,1762513200000,2,bearish,1,0.0,0.0006666666666666149,True,"[{'timeframe': '15m', 'zone_kind': 'resistance', 'distance_to_entry_r': 0.31215469613259506, 'distance_to_target_r': 1.687845303867405}]",4h favorable zone; 1h favorable zone; 15m favorable zone; 15m opposite zone before target,nested child acceptable with parent,2,2,41,0.9791666666666666,0.4173340452037741,0.9958333333333331,15.238925021475039,0.23369036027263973,341760000.0,0.4173340452037741,0.5826659547962258,True,1.0,descending,,,,,,,,,,,,,0.8723404255319149,0.752677702044791,1h_only,-1.049063250922622,-0.28157894736841915,-0.013312600517618622,0.0028595694766546664,-0.08671709400122518,-0.014083868050301152,-0.18340938948826668,-0.09718036533297769,-1.0628487118660097,0,bearish,0,0,0,0,1.7245535066066338,14.891078838174284,18.0,14.0,0.0,0.0,10.0,56.89107883817428,2,long,SOL,2,2,47,18.666666666666693,33300000,7.72999999999999,descending,33300000,-1.3873873873873802e-07,1,loser,True,0.31215469613259506,1.687845303867405,['15m'],['resistance']
True,bearish,0.01349950825668252,True,bearish,0.07891806224197694,0,0,0,True,bearish,0.1181439881471886,1,{},{},{},{},{},[],0,0.9159663865546265,2.2947368421052805,0.9159663865546265,0.01368787164815448,2.2201605709188486,2.5052631578947433,3,True,True,symmetrical,0,0.0034057545507927864,201.517241379305,,,0.39052287581699097,4,4,4,0,0,0,0,1762514100000,bearish,4,1762534800000,8,bearish,2,1.2806026365348528e-08,0.0,True,"[{'timeframe': '4h', 'zone_kind': 'support', 'distance_to_entry_r': 0.39052287581699097, 'distance_to_target_r': 1.609477124183009}]",4h favorable zone; 4h opposite zone before target; 1h favorable zone; 15m favorable zone,nested child aligned with parent,4,4,38,0.9545454545454546,-0.3556963982068334,0.9806925463788208,15.784822825956189,0.5291214215202357,70515671.6418457,-0.3556963982068334,1.3556963982068333,True,1.0,descending,,,,,,,,,,,,,0.5846153846153846,0.5172754195459044,1h_only,-1.0232930945995498,-0.5641025641025734,-0.039614373574760275,-0.026999683588771473,-0.09614087456776022,-0.02671571764766334,-0.16746292768930904,-0.07664214121464963,-1.0378429868598338,0,bearish,0,0,0,0,-0.5323408624230044,14.684873949579849,14.0,20.0,15.0,0.0,10.0,73.68487394957985,4,short,SOL,2,2,65,20.0,53100000,5.240000000000009,symmetrical,53100000,-9.039548022599213e-09,0,loser,True,0.39052287581699097,1.609477124183009,['4h'],['support']
False,bearish,0.004883835114627875,False,bearish,0.052313335408624845,0,0,0,False,bearish,0.12439941949994669,1,{},{},{},{},{},[],0,0.6829268292683012,0.39078855547802016,0.7317073170732046,0.004234240258882434,0.9290174817041695,0.5722260990928081,6,True,True,descending,0,0.013624769960933706,13.902843601895825,0.09216589861750561,0.28110599078340126,12.866359447004507,2,2,2,0,0,0,0,1762637400000,bearish,2,1762656300000,2,bearish,1,0.0,0.0,True,"[{'timeframe': '1h', 'zone_kind': 'resistance', 'distance_to_entry_r': 0.28110599078340126, 'distance_to_target_r': 1.7188940092165987}, {'timeframe': '15m', 'zone_kind': 'resistance', 'distance_to_entry_r': 0.09216589861750561, 'distance_to_target_r': 1.9078341013824944}]",4h favorable zone; 1h favorable zone; 1h opposite zone before target; 15m favorable zone; 15m opposite zone before target,nested child aligned with parent,2,2,30,1.0,0.2775968667196033,1.0,18.72262773722632,0.4085656016315423,117494176.37280273,0.2775968667196033,0.7224031332803967,True,1.0,ascending,,,,,,,,,,,,,0.6382978723404256,0.4479945615227736,1h_only,-1.0881767773544047,0.09187749667110512,-0.007388082091574155,-0.002552704030161723,-0.05826757435185126,-0.009468896862943166,-0.1582334250949513,-0.05977780054166282,-1.104795835510705,0,bearish,0,0,0,0,1.4424748593829957,12.845262827348254,14.0,20.0,0.0,0.0,10.0,56.84526282734825,2,long,SOL,2,2,47,20.0,35100000,6.590000000000003,descending,35100000,-1.202279202279202e-07,0,loser,True,0.09216589861750561,1.7188940092165987,"['15m', '1h']",['resistance']
True,bearish,0.006844665775192204,True,bearish,0.051463603787783994,0,0,0,True,bearish,0.1243397382652727,1,{},{},{},{},{},[],0,0.5492957746478819,1.222570532915363,0.676056338028167,0.007362113845096022,1.807330600434051,2.2257053291536315,3,False,True,ascending,0,0.007501172058134176,70.53749999999854,0.3165467625899263,0.6187050359712224,2.0791366906474815,5,5,5,0,0,0,0,1762659000000,bearish,5,1762668900000,5,bearish,1,2.2792022792023117e-08,0.0,True,"[{'timeframe': '1h', 'zone_kind': 'support', 'distance_to_entry_r': 0.6187050359712224, 'distance_to_target_r': 1.3812949640287777}, {'timeframe': '15m', 'zone_kind': 'support', 'distance_to_entry_r': 0.3165467625899263, 'distance_to_target_r': 1.6834532374100737}]",4h favorable zone; 1h favorable zone; 1h opposite zone before target; 15m favorable zone; 15m opposite zone before target,nested child acceptable with parent,5,5,36,0.9565217391304348,-0.0030281182408062046,0.9873642344567679,18.72262773722632,0.4085656016315423,95894176.37280273,-0.0030281182408062046,1.0030281182408063,True,1.0,ascending,,,,,,,,,,,,,0.8,0.16111488783140743,1h_only,-1.0648301181889623,-0.6363636363636482,-0.020222442577021993,-0.013607447606778345,-0.06477513934550239,-0.017486734946118743,-0.1531852740382188,-0.05352873928454449,-1.0822883247376864,0,bearish,0,0,0,0,-0.796916533758643,13.330985915492919,14.0,14.0,15.0,0.0,10.0,66.33098591549292,5,short,SOL,2,2,45,20.0,35100000,2.3700000000000045,ascending,35100000,0.0,0,loser,True,0.3165467625899263,1.3812949640287777,"['15m', '1h']",['support']
True,bearish,0.020606739156230434,True,bearish,0.07424202207524117,0,0,0,True,bearish,0.14835726566923316,1,{},{},{},{},{},[],0,0.7758620689654809,0.6351446718419028,0.844827586206894,0.0035808087579955977,0.711989335842527,0.8186309103740463,2,True,True,ascending,0,0.010923824959481347,32.38872403560845,,,,1,1,1,0,0,0,0,1763207100000,bearish,2,1763226900000,2,bearish,1,8.320987654320999e-08,0.0,False,[],4h favorable zone; 1h favorable zone; 15m favorable zone,nested child aligned with parent,2,1,22,1.0,0.5096981850659756,1.0,20.0,0.2520515826494731,174290232.55810547,0.5096981850659756,0.49030181493402436,True,1.0,symmetrical,,,,,,,,,,,,,0.44,0.7233294255568599,1h_only,-1.0482277197167666,0.19029374201786775,-0.028550478336071272,-0.008706358874227993,-0.0897083012432549,-0.023730132183917396,-0.1916134956015948,-0.0814520266949248,-1.0665680591616988,0,bearish,0,0,0,0,-0.20797068254694642,12.289316585269143,20.0,20.0,15.0,0.0,10.0,77.28931658526915,1,short,SOL,2,2,50,20.0,40500000,6.170000000000016,ascending,40500000,0.0,0,loser,False,,,[],[]
False,bearish,0.014996788187461437,False,bearish,0.07162058609068195,0,0,0,False,bearish,0.15229624848560236,1,{},{},{},{},{},[],0,0.6399999999999864,0.39751552795030154,0.8999999999999773,0.01064279672963061,1.875776397515514,0.6211180124223593,5,True,True,ascending,0,0.017651888341543784,16.12790697674359,0.3022388059701525,5.026119402985126,10.548507462686656,4,4,4,0,0,0,0,1763229600000,bearish,4,1763238600000,4,bearish,1,5.620915032679828e-08,0.00018494502396392286,True,"[{'timeframe': '15m', 'zone_kind': 'resistance', 'distance_to_entry_r': 0.3022388059701525, 'distance_to_target_r': 1.6977611940298474}]",15m favorable zone; 15m opposite zone before target,nested child aligned with parent,4,4,29,0.96,0.9583403045005862,0.9796757990867578,18.041934190039804,0.5709261430246194,37027515.400390625,0.9583403045005862,0.041659695499413896,True,1.0,symmetrical,,,,,,,,,,,,,1.2083333333333333,0.23798358733880431,1h_only,-1.0578134564184771,-0.20246238030095998,-0.003245025904580423,0.011880691355056872,-0.06983150168337637,-0.0034415628815525068,-0.19423299676542827,-0.08152165921330456,-1.0774707087599282,0,bearish,0,0,0,0,2.850757029560262,14.624999999999915,8.0,20.0,0.0,0.0,10.0,52.624999999999915,4,long,SOL,2,2,24,18.90752748801804,15300000,2.030000000000001,ascending,15300000,0.0,1,loser,True,0.3022388059701525,1.6977611940298474,['15m'],['resistance']
False,bearish,0.008291217574435688,False,bearish,0.06748613057745818,0,0,0,False,bearish,0.1556617171439031,1,{},{},{},{},{},[],0,0.8437499999999868,1.9098143236073888,0.8906249999999886,0.007245357343837937,1.8213969938107792,2.2634836427939775,6,True,True,ascending,0,0.024654200819672116,-0.3116883116882718,0.053398058252433746,6.635922330097088,13.820388349514547,2,2,2,0,0,0,0,1763287200000,neutral,2,1763291700000,2,bearish,1,1.7111111111111085e-07,0.000743387732132855,True,"[{'timeframe': '15m', 'zone_kind': 'resistance', 'distance_to_entry_r': 0.053398058252433746, 'distance_to_target_r': 1.9466019417475662}]",1h favorable zone; 15m favorable zone; 15m opposite zone before target,nested child aligned with parent,2,2,69,1.0,0.7680064841764004,1.0,16.67635134241214,0.6526663520528563,84465943.60083008,0.7680064841764004,0.23199351582359956,True,1.0,symmetrical,,,,,,,,,,,,,2.15625,0.2302973100519108,1h_only,-1.0785684644324305,-0.07904411764705976,0.004967965612663772,0.013412129002676298,-0.059189523062762706,0.004593803859205936,-0.18464876147850195,-0.06612191295727776,-1.099796403632016,0,bearish,0,0,0,0,981999999999.9994,14.589843749999957,12.0,20.0,0.0,0.0,10.0,56.58984374999996,2,long,SOL,2,2,32,18.628306133933574,22500000,4.8799999999999955,ascending,22500000,0.0,1,loser,True,0.053398058252433746,1.9466019417475662,['15m'],['resistance']
True,bearish,0.010622093992507558,True,bearish,0.06928226202496901,0,0,0,True,bearish,0.16367832496345638,1,{},{},{},{},{},[],0,0.8287937743190665,2.5088339222614717,0.8715953307392944,0.01194072795281252,1.9552414605418045,3.0270906949352017,2,True,True,descending,0,0.02455529775715409,8.240157480314679,0.023323615160353646,0.023323615160353646,,1,1,1,0,0,0,0,1763308800000,bearish,1,1763360100000,3,bearish,3,0.0,0.0007927705242807498,True,"[{'timeframe': '1h', 'zone_kind': 'support', 'distance_to_entry_r': 0.023323615160353646, 'distance_to_target_r': 1.9766763848396462}, {'timeframe': '15m', 'zone_kind': 'support', 'distance_to_entry_r': 0.023323615160353646, 'distance_to_target_r': 1.9766763848396462}]",4h favorable zone; 1h favorable zone; 1h opposite zone before target; 15m favorable zone; 15m opposite zone before target,nested child aligned with parent,1,1,75,0.96,0.017605852728442502,0.9961913782510754,16.944652426044165,0.7144879660217082,74061558.78466797,0.017605852728442502,0.9823941472715575,True,1.0,symmetrical,,,,,,,,,,,,,3.125,0.2033978291647002,1h_only,-1.0382709339061857,0.31380337636544575,-0.03276863049280898,-0.022728117160936923,-0.09324022856092795,-0.032456878446853854,-0.20929829996344562,-0.09175220785818261,-1.0598713964981057,0,bearish,0,0,0,0,-1.5069278547539544,14.518482490272353,14.0,20.0,15.0,0.0,10.0,73.51848249027236,1,short,SOL,2,2,24,17.603614737859626,17100000,4.310000000000002,descending,17100000,-1.4853801169590762e-07,2,loser,True,0.023323615160353646,1.9766763848396462,"['15m', '1h']",['support']
False,bullish,0.0012266386015857224,True,bearish,0.06026433546423503,0,0,0,True,bearish,0.16172038983367618,1,{},{},{},{},{},[],0,0.6617647058823434,1.3793103448275472,0.8161764705882333,0.005398518585480745,1.171494252873552,2.0842911877394346,2,True,True,ascending,0,0.013993049204316817,7.807189542483684,0.4973821989528894,1.8586387434555067,,3,3,3,0,0,0,0,1763385300000,bullish,4,1763388000000,12,bearish,3,1.360000000000001e-07,0.0,True,"[{'timeframe': '1h', 'zone_kind': 'support', 'distance_to_entry_r': 1.8586387434555067, 'distance_to_target_r': 0.14136125654449336}, {'timeframe': '15m', 'zone_kind': 'support', 'distance_to_entry_r': 0.4973821989528894, 'distance_to_target_r': 1.5026178010471105}]",4h favorable zone; 1h favorable zone; 1h opposite zone before target; 15m favorable zone; 15m opposite zone before target,nested child aligned with parent,4,3,68,1.0,0.707731113633498,1.0,16.09517337294945,0.13232323232322998,1247935877.8625488,0.707731113633498,0.2922688863665019,True,1.0,symmetrical,,,,,,,,,,,,,1.2142857142857142,0.788888888888891,1h_only,1.7641259607805413,0.09489051094891354,0.0013568826049721316,0.00012842185785122417,-0.0497684898385804,0.007951949613691056,-0.17581814029249454,-0.049071756415595025,1.8027379733762496,0,bearish,0,0,0,0,-0.7999162829635743,14.310661764705875,14.0,20.0,15.0,0.0,10.0,73.31066176470588,3,short,SOL,2,2,56,20.0,45000000,7.810000000000002,ascending,45000000,0.0,0,winner,True,0.4973821989528894,0.14136125654449336,"['15m', '1h']",['support']
True,bearish,0.00099038047144583,True,bearish,0.06185602343255476,0,0,0,True,bearish,0.16172038983367618,1,{},{},{},{},{},[],0,0.5616000000000031,3.722163308589631,0.37440000000000057,0.009617168134629064,1.4515376458112346,6.627783669141044,2,True,True,ascending,0,0.012638883152286158,1.807189542483684,0.011235955056185517,2.067415730337081,,3,3,3,0,0,0,0,1763390700000,neutral,4,1763392500000,12,bearish,3,1.360000000000001e-07,0.0,True,"[{'timeframe': '15m', 'zone_kind': 'support', 'distance_to_entry_r': 0.011235955056185517, 'distance_to_target_r': 1.9887640449438144}]",4h favorable zone; 1h favorable zone; 15m favorable zone; 15m opposite zone before target,nested child aligned with parent,4,3,69,1.0,0.7219947897283208,1.0,16.09517337294945,0.13232323232322998,1244335877.8625488,0.7219947897283208,0.27800521027167924,True,1.0,symmetrical,,,,,,,,,,,,,1.1129032258064515,0.788888888888891,1h_only,1.753307319092965,-0.984177215189874,0.0030107593252979292,0.0040081030923646566,-0.07435192345931163,-0.0181332692986631,-0.17581814029249454,-0.049071756415595025,1.7884584185690304,0,bearish,0,0,0,0,-6.188065099457186,9.27360000000002,18.0,20.0,15.0,0.0,10.0,72.27360000000002,3,short,SOL,2,2,62,20.0,45000000,7.810000000000002,ascending,45000000,0.0,0,winner,True,0.011235955056185517,1.9887640449438144,['15m'],['support']
False,bullish,0.011905030062211042,True,bearish,0.028863345565763438,0,0,0,True,bearish,0.1649103877558525,1,{},{},{},{},{},[],0,0.8453608247422767,1.4373356704645217,0.8608247422680505,0.00816056822137145,0.9987907564983074,1.7002629272567948,2,True,True,symmetrical,1,0.007946547306282645,29.59795918367331,0.24949290060851684,0.24949290060851684,,1,0,0,1,1,0,0,1763654400000,neutral,1,1763710200000,0,bearish,0,1.1898734177215202e-07,0.0030632688927945025,True,"[{'timeframe': '1h', 'zone_kind': 'support', 'distance_to_entry_r': 0.24949290060851684, 'distance_to_target_r': 1.750507099391483}, {'timeframe': '15m', 'zone_kind': 'support', 'distance_to_entry_r': 0.24949290060851684, 'distance_to_target_r': 1.750507099391483}]",4h favorable zone; 1h favorable zone; 1h opposite zone before target; 15m favorable zone; 15m opposite zone before target,nested child aligned with parent,1,0,,,,,,,,,,,,,18,0.6436781609195402,0.6560724998404492,0.6977003377379778,18.96217299502565,0.1568493150684943,919902183.4060059,0.6560724998404492,0.3439275001595508,True,1.0,symmetrical,0.20930232558139536,0.9821917808219165,4h_only,1.8902464801555074,-1.441930618401214,-0.006237721762722526,-0.017857226820105265,-0.03400747102786028,-0.006301388761241089,-0.166296844494212,-0.03340298734053848,1.9247007507125509,1,bearish,1,0,0,0,-0.3103840584706648,14.47809278350519,14.0,20.0,0.0,20.0,10.0,78.47809278350519,1,short,SOL,2,2,86,10.842254744155138,71100000,14.340000000000003,symmetrical,71100000,-1.8846694796061934e-08,3,winner,True,0.24949290060851684,1.750507099391483,"['15m', '1h']",['support']
False,bearish,0.02192335318867078,False,bearish,0.06464969293555844,0,0,0,False,bearish,0.19134692846730278,1,{},{},{},{},{},[],0,0.728813559322038,0.958217270194986,0.9661016949152608,0.008985034088259148,1.269226111178402,1.3147632311977642,5,True,True,descending,0,0.009103745541022602,29.118367346938726,0.4657534246575338,5.267123287671233,5.726027397260266,6,6,6,0,0,0,0,1763828100000,bearish,6,1763949600000,18,bearish,3,0.0,0.0,True,"[{'timeframe': '15m', 'zone_kind': 'resistance', 'distance_to_entry_r': 0.4657534246575338, 'distance_to_target_r': 1.5342465753424614}]",1h favorable zone; 15m favorable zone; 15m opposite zone before target,nested child aligned with parent,6,6,32,1.0,0.6044349070100142,1.0,15.012409989275286,0.5126050420168065,42727868.85253906,0.6044349070100142,0.3955650929899858,True,1.0,symmetrical,,,,,,,,,,,,,0.5517241379310345,0.48739495798319354,1h_only,1.839504465000841,-0.053775743707093815,-0.012527118608734789,0.009323438615906676,-0.07771554622219157,-0.01923716316433688,-0.21506781419116827,-0.07633916338329805,1.8694357364039746,0,bearish,0,0,0,0,1.734510793383804,14.872881355932229,12.0,20.0,0.0,0.0,6.5,53.37288135593223,6,long,SOL,2,2,58,20.0,41400000,4.640000000000001,descending,41400000,-5.9178743961352727e-08,0,winner,True,0.4657534246575338,1.5342465753424614,['15m'],['resistance']
True,bullish,0.009400131117534552,False,bearish,0.03846647861651357,0,0,0,False,bearish,0.18338021756073605,1,{},{},{},{},{},[],0,0.6615384615384663,0.3966789667896735,0.9846153846153988,0.012548647365923139,1.5244464944649452,0.5996309963099673,0,True,True,symmetrical,0,0.024649532710280194,12.454976303317721,0.01156069364161617,0.01156069364161617,3.265895953757213,1,1,1,0,0,0,0,1763953200000,bullish,1,1763971200000,2,bearish,2,4.5833333333333095e-08,0.0011820723969683154,True,"[{'timeframe': '1h', 'zone_kind': 'resistance', 'distance_to_entry_r': 0.01156069364161617, 'distance_to_target_r': 1.9884393063583838}, {'timeframe': '15m', 'zone_kind': 'resistance', 'distance_to_entry_r': 0.01156069364161617, 'distance_to_target_r': 1.9884393063583838}]",1h favorable zone; 1h opposite zone before target; 15m favorable zone; 15m opposite zone before target,nested child aligned with parent,1,1,30,0.8095238095238095,0.9926614191868394,0.9351314619240628,20.0,0.2713704206241504,220050000.0,0.9926614191868394,0.007338580813160637,True,1.0,ascending,,,,,,,,,,,,,1.5,0.5807327001356861,1h_only,-1.0409264561908156,-0.5809523809523836,0.022863549115924142,0.013122325800814405,-0.016215425730190858,0.022477928707812955,-0.1813065711326245,-0.0366814594749717,-1.055889845208451,0,bearish,0,0,0,0,2.0060882800608772,14.942307692307747,8.0,20.0,0.0,0.0,10.0,52.94230769230775,1,long,SOL,2,2,20,18.408963801515842,14400000,4.280000000000001,symmetrical,14400000,-1.0069444444444365e-07,1,loser,True,0.01156069364161617,1.9884393063583838,"['15m', '1h']",['resistance']
True,bullish,0.006792908906086814,True,bullish,0.004503370873268183,0,0,0,False,bearish,0.14750248716500539,1,{},{},{},{},{},[],0,0.73599999999999,0.8483171968649034,0.7679999999999836,0.02274143302180668,2.884805374431909,1.1526048870447212,1,True,True,descending,0,0.00909598214285708,36.957055214724505,0.19507575757575774,0.49242424242424665,0.7462121212121207,2,2,2,0,0,0,0,1764180000000,bullish,2,1764440100000,2,bullish,1,0.0,0.0,True,"[{'timeframe': '4h', 'zone_kind': 'resistance', 'distance_to_entry_r': 0.7462121212121207, 'distance_to_target_r': 1.2537878787878793}, {'timeframe': '1h', 'zone_kind': 'resistance', 'distance_to_entry_r': 0.49242424242424665, 'distance_to_target_r': 1.5075757575757534}, {'timeframe': '15m', 'zone_kind': 'resistance', 'distance_to_entry_r': 0.19507575757575774, 'distance_to_target_r': 1.8049242424242422}]",4h favorable zone; 4h opposite zone before target; 1h favorable zone; 1h opposite zone before target; 15m favorable zone; 15m opposite zone before target,nested child aligned with parent,2,2,27,0.975609756097561,1.147886026023811,0.9788571428571425,18.772603011461886,0.41207349081364625,100135031.84716797,1.147886026023811,-0.14788602602381107,True,1.0,symmetrical,,,,,,,,,,,,,0.675,0.5879265091863537,1h_only,-1.0227321110258583,-0.12855740922473036,0.03078430637272489,0.02361691626569229,0.03508415726050074,0.030281635572952936,-0.12404314352749668,0.005928693071500346,-1.0385305289265028,0,bearish,0,0,0,0,2.4541832669322434,14.129999999999939,8.0,20.0,15.0,0.0,10.0,67.12999999999994,2,long,SOL,2,2,40,20.0,25200000,4.480000000000018,descending,25200000,-6.46825396825395e-08,0,loser,True,0.19507575757575774,1.2537878787878793,"['15m', '1h', '4h']",['resistance']
True,bearish,0.010161757135815347,False,bullish,0.003680410779805512,0,2,0,True,bearish,0.1126203200846687,1,{},{},{},{},{},[],0,0.6464646464646554,1.257367387033427,0.8383838383838433,0.008164271813601213,2.1878906947668857,1.9449901768173055,2,True,True,ascending,0,0.0015845070422533367,515.666666666735,1.7703703703703597,0.2037037037036961,2.4407407407407264,2,2,2,0,0,0,0,1764441000000,bearish,2,1764508500000,2,neutral,1,3.030303030302667e-09,0.0,True,"[{'timeframe': '1h', 'zone_kind': 'support', 'distance_to_entry_r': 0.2037037037036961, 'distance_to_target_r': 1.7962962962963038}, {'timeframe': '15m', 'zone_kind': 'support', 'distance_to_entry_r': 1.7703703703703597, 'distance_to_target_r': 0.2296296296296404}]",4h favorable zone; 1h favorable zone; 1h opposite zone before target; 15m favorable zone; 15m opposite zone before target,nested child aligned with parent,2,0,26,0.9722222222222222,-0.22764936764065,0.9826739618406284,20.0,0.6944083224967497,-19435955.056152344,-0.22764936764065,1.22764936764065,True,1.0,descending,,,,,,,,,,,,,0.36619718309859156,0.208062418725617,1h_only,-1.056858601883713,-0.6304909560723502,-0.021882481229915207,-0.01206298732172384,-0.01260671412548986,-0.016181921706610702,-0.1033302420838964,-0.0026106375641676838,-1.0742998740806713,0,bearish,4,0,0,0,-0.7918552036198807,14.393939393939414,14.0,20.0,15.0,0.0,10.0,73.3939393939394,2,short,SOL,2,2,71,20.0,59400000,1.5999999999999943,ascending,59400000,0.0,0,loser,True,0.2037037037036961,0.2296296296296404,"['15m', '1h']",['support']
False,bearish,0.004556130396895,False,bearish,0.002326834714119741,0,0,0,False,bearish,0.10966452586627894,1,{},{},{},{},{},[],0,0.9197530864197547,3.5224586288415702,0.9197530864197547,0.01659720698983682,5.3664302600472515,3.829787234042506,8,True,True,ascending,0,0.013436249285305828,21.96808510638334,0.25342465753425075,0.25342465753425075,1.458904109589054,3,3,3,0,0,0,0,1764509400000,neutral,3,1764544500000,6,bearish,2,2.6780626780626716e-08,0.0,True,"[{'timeframe': '4h', 'zone_kind': 'resistance', 'distance_to_entry_r': 1.458904109589054, 'distance_to_target_r': 0.5410958904109461}, {'timeframe': '1h', 'zone_kind': 'resistance', 'distance_to_entry_r': 0.25342465753425075, 'distance_to_target_r': 1.7465753424657493}, {'timeframe': '15m', 'zone_kind': 'resistance', 'distance_to_entry_r': 0.25342465753425075, 'distance_to_target_r': 1.7465753424657493}]",4h favorable zone; 4h opposite zone before target; 1h favorable zone; 1h opposite zone before target; 15m favorable zone; 15m opposite zone before target,nested child aligned with parent,3,3,45,0.9777777777777777,1.315583456425401,0.9833981928788693,18.41710635934456,0.686033519553072,23312052.1171875,1.315583456425401,-0.315583456425401,True,1.0,symmetrical,,,,,,,,,,,,,1.0227272727272727,0.17765363128491682,1h_only,-1.0505312142256213,0.09029345372460018,0.012947335213776556,0.017643884002684462,-0.0006565049002673629,0.0016726917575402567,-0.1057428752293541,-0.00850906060759371,-1.0690165102374054,0,bearish,0,0,0,0,5.287167070217905,14.69907407407408,8.0,20.0,0.0,0.0,10.0,52.699074074074076,3,long,SOL,2,2,44,20.0,35100000,1.5900000000000034,ascending,35100000,0.0,0,loser,True,0.25342465753425075,0.5410958904109461,"['15m', '1h', '4h']",['resistance']
False,bullish,4.1828487956393173e-05,True,bearish,0.0006941350178774634,0,0,0,True,bearish,0.10638542265527276,1,{},{},{},{},{},[],0,0.836734693877564,2.3428571428571776,0.904761904761914,0.006900998656985523,1.7961389961390393,2.7999999999999976,3,True,True,symmetrical,0,0.010752688172043102,31.466666666666015,0.006825938566546677,0.010238907849829715,0.3720136518771237,2,2,2,0,0,0,0,1764545400000,neutral,2,1764548100000,2,neutral,1,1.2912912912913118e-08,0.0010174511845823188,True,"[{'timeframe': '4h', 'zone_kind': 'support', 'distance_to_entry_r': 0.3720136518771237, 'distance_to_target_r': 1.6279863481228762}, {'timeframe': '1h', 'zone_kind': 'support', 'distance_to_entry_r': 0.010238907849829715, 'distance_to_target_r': 1.9897610921501703}, {'timeframe': '15m', 'zone_kind': 'support', 'distance_to_entry_r': 0.006825938566546677, 'distance_to_target_r': 1.9931740614334532}]",4h favorable zone; 4h opposite zone before target; 1h favorable zone; 1h opposite zone before target; 15m favorable zone; 15m opposite zone before target,nested child aligned with parent,2,2,55,1.0,0.10556986872775842,1.0,18.7603605345191,0.444692737430167,170791959.79907227,0.10556986872775842,0.8944301312722416,True,1.0,symmetrical,,,,,,,,,,,,,1.2222222222222223,0.45027932960893924,1h_only,1.8413384726808362,-0.26293103448275135,-0.01300319902348801,-0.013043945093446307,0.0002502576043172944,0.0009452226110726603,-0.09609729133444433,7.167254676798684e-05,1.8757441266393826,0,bearish,0,0,0,0,-0.5686114732725106,14.642857142857176,8.0,20.0,15.0,0.0,10.0,67.64285714285717,2,short,SOL,2,2,45,17.49127440770884,33300000,4.030000000000001,symmetrical,33300000,-4.5645645645645954e-08,2,winner,True,0.006825938566546677,1.6279863481228762,"['15m', '1h', '4h']",['support']
True,bearish,0.00441617171771401,True,bearish,0.0016242690524480056,0,0,0,True,bearish,0.10956112532832796,1,{},{},{},{},{},[],0,0.46039603960395387,1.1439114391143652,0.7227722772277192,0.04941073127882292,8.302583025830263,2.4846248462484417,1,True,True,symmetrical,2,0.013875525396262765,14.24452554744505,0.0426065162907273,0.17919799498746974,0.14536340852130658,1,1,1,0,0,0,0,1764549000000,bearish,1,1764689400000,1,bearish,1,1.1111111111111287e-08,0.0027488031879328322,True,"[{'timeframe': '4h', 'zone_kind': 'support', 'distance_to_entry_r': 0.14536340852130658, 'distance_to_target_r': 1.8546365914786935}, {'timeframe': '1h', 'zone_kind': 'support', 'distance_to_entry_r': 0.17919799498746974, 'distance_to_target_r': 1.8208020050125302}, {'timeframe': '15m', 'zone_kind': 'support', 'distance_to_entry_r': 0.0426065162907273, 'distance_to_target_r': 1.9573934837092728}]",4h favorable zone; 4h opposite zone before target; 1h favorable zone; 1h opposite zone before target; 15m favorable zone; 15m opposite zone before target,nested child aligned with parent,1,1,56,0.92,-1.049477043692441,0.9338445378151254,18.7603605345191,0.444692737430167,167191959.79907227,-1.049477043692441,2.0494770436924408,True,1.0,symmetrical,,,,,,,,,,,,,1.1428571428571428,0.45027932960893924,1h_only,-1.0083194174678014,-1.3595041322313808,-0.054067455312903356,-0.050099339771743745,-0.03069044821798128,-0.029161941840881722,-0.1226101567473874,-0.02929876448607449,-1.0252369175979632,0,bearish,0,0,0,0,-7.436587240584236,12.972772277227671,8.0,20.0,15.0,0.0,10.0,65.97277227722768,1,short,SOL,2,2,49,7.701558284861366,38700000,4.030000000000001,symmetrical,38700000,-5.968992248062021e-08,4,loser,True,0.0426065162907273,1.8208020050125302,"['15m', '1h', '4h']",['support']
True,bullish,0.02882911264315319,True,bullish,0.009600224682884432,0,0,0,False,bearish,0.09601451272571558,1,{},{},{},{},{},[],0,0.5190839694656315,0.5453087409783314,0.3969465648855033,0.006203650884198549,0.6976744186046556,1.050521251002409,2,True,True,symmetrical,0,0.031189083820662503,-2.1249999999998863,0.19696969696968686,1.2424242424242118,1.6590909090908803,1,1,1,0,0,0,0,1764788400000,bullish,1,1764798300000,2,bullish,2,1.3111111111110872e-07,0.00037546286592611463,True,"[{'timeframe': '4h', 'zone_kind': 'resistance', 'distance_to_entry_r': 1.6590909090908803, 'distance_to_target_r': 0.3409090909091198}, {'timeframe': '1h', 'zone_kind': 'resistance', 'distance_to_entry_r': 1.2424242424242118, 'distance_to_target_r': 0.7575757575757882}, {'timeframe': '15m', 'zone_kind': 'resistance', 'distance_to_entry_r': 0.19696969696968686, 'distance_to_target_r': 1.8030303030303132}]",4h favorable zone; 4h opposite zone before target; 1h favorable zone; 1h opposite zone before target; 15m favorable zone; 15m opposite zone before target,nested child aligned with parent,1,1,34,1.0,0.5854496380812182,1.0,17.085891278624587,0.7348608837970548,20966592.427734375,0.5854496380812182,0.41455036191878186,True,1.0,symmetrical,,,,,,,,,,,,,1.7894736842105263,0.2651391162029452,1h_only,1.645105433068764,0.4783404514948145,0.029831235572073123,0.0001380172670295554,0.03962274510086905,0.029349210085897637,-0.05533617406463576,0.038892905266474376,1.6744235573627866,0,bearish,0,0,0,0,258000000000.0382,9.103053435114427,8.0,20.0,15.0,0.0,10.0,62.103053435114425,1,long,SOL,2,2,19,18.81226856703694,9000000,4.859999999999985,symmetrical,9000000,-1.8888888888888763e-07,1,winner,True,0.19696969696968686,0.3409090909091198,"['15m', '1h', '4h']",['resistance']
True,bullish,0.026699475728028717,True,bullish,0.012346632815505566,0,0,0,False,bearish,0.09369097544329708,1,{},{},{},{},{},[],0,0.7147147147147168,3.419540229885061,0.8198198198198207,0.024057079822564505,4.9090038314176665,4.784482758620681,2,True,True,symmetrical,0,0.021107128634010278,5.679245283018986,,2.3941299790356374,5.496855345911937,2,2,2,0,0,0,0,1764799200000,bullish,2,1764873000000,4,bullish,2,9.537037037036916e-08,0.0,False,[],4h favorable zone; 1h favorable zone; 15m favorable zone,nested child aligned with parent,2,2,37,0.96875,1.3466591059446205,0.9759284366603447,17.085891278624587,0.7348608837970548,10166592.427734375,1.3466591059446205,-0.3466591059446205,True,1.0,symmetrical,,,,,,,,,,,,,1.1935483870967742,0.2651391162029452,1h_only,-1.0274126061912343,0.2686567164179138,0.05711097413833821,0.028093738978344218,0.0698833108668444,0.055934983743436195,-0.05275423897053244,0.039499672262414576,-1.0439745081371807,0,bearish,0,0,0,0,5.540420819490626,14.324324324324328,20.0,20.0,15.0,0.0,10.0,79.32432432432432,2,long,SOL,2,2,31,20.0,21600000,4.859999999999985,symmetrical,21600000,-5.1851851851852064e-08,0,loser,False,,,[],[]
False,bearish,0.01791152308190433,False,bearish,0.008627666204389765,0,0,0,False,bearish,0.08131408832617622,1,{},{},{},{},{},[],0,0.7666666666666399,1.2299465240641134,0.9333333333332986,0.0041136803351051725,1.4639037433154651,1.6042780748662913,6,True,True,symmetrical,1,0.014969488939740584,12.089171974522628,0.10619469026549118,0.380530973451335,5.433628318584105,3,3,3,0,0,0,0,1765032300000,bearish,3,1765034100000,3,bearish,1,1.9999999999999967e-08,0.0011315240083506113,True,"[{'timeframe': '1h', 'zone_kind': 'resistance', 'distance_to_entry_r': 0.380530973451335, 'distance_to_target_r': 1.619469026548665}, {'timeframe': '15m', 'zone_kind': 'resistance', 'distance_to_entry_r': 0.10619469026549118, 'distance_to_target_r': 1.893805309734509}]",4h favorable zone; 1h favorable zone; 1h opposite zone before target; 15m favorable zone; 15m opposite zone before target,nested child aligned with parent,3,3,30,1.0,0.7458661918087038,1.0,17.638789742463327,0.7769080234833659,4243828.715332031,0.7458661918087038,0.2541338081912962,True,1.0,symmetrical,,,,,,,,,,,,,0.6521739130434783,0.22309197651663418,1h_only,-1.1482211019315371,-0.15561959654177504,-0.012746789566960182,0.005025282213381832,-0.026637025186784347,-0.018393641401320937,-0.09712654945474042,-0.02558885803400235,-1.1679497478545389,0,bearish,0,0,0,0,2.1538461538461076,13.420520502657546,14.0,20.0,0.0,0.0,10.0,57.420520502657546,3,long,SOL,2,2,46,14.134761429306508,36000000,2.280000000000001,symmetrical,36000000,-2.3611111111110954e-08,2,loser,True,0.10619469026549118,1.619469026548665,"['15m', '1h']",['resistance']
True,bearish,0.015326062576443,True,bearish,0.010568074971032937,0,0,0,True,bearish,0.08155376362848477,1,{},{},{},{},{},[],0,0.628205128205139,0.9065679925994616,0.6538461538461412,0.004301562146253062,1.0545790934319945,1.4431082331174856,5,True,True,descending,0,0.011917659804983553,22.409090909091674,3.3290322580644895,0.9290322580645078,0.9290322580645078,1,1,1,0,0,0,0,1765050300000,bearish,4,1765079100000,12,bearish,3,0.0,0.0008677080975020962,True,"[{'timeframe': '4h', 'zone_kind': 'support', 'distance_to_entry_r': 0.9290322580645078, 'distance_to_target_r': 1.0709677419354922}, {'timeframe': '1h', 'zone_kind': 'support', 'distance_to_entry_r': 0.9290322580645078, 'distance_to_target_r': 1.0709677419354922}]",4h favorable zone; 4h opposite zone before target; 1h favorable zone; 1h opposite zone before target; 15m favorable zone,nested child aligned with parent,4,1,51,0.9629629629629629,0.07792987949175598,0.9937130177514786,17.07275326519297,0.8440233236151593,13268393.782470703,0.07792987949175598,0.922070120508244,True,1.0,symmetrical,,,,,,,,,,,,,1.9615384615384615,0.10349854227405365,1h_only,-1.1039215427674585,0.25080906148868276,-0.02202113930784322,-0.007139586244487517,-0.02636773686864924,-0.01624547460871828,-0.09853808644114626,-0.027005882617796018,-1.1242020485997588,0,bearish,0,0,0,0,-0.8671399594320096,12.654266296302705,10.0,20.0,15.0,0.0,10.0,67.65426629630271,1,short,SOL,2,2,26,17.566145951248952,13500000,1.420000000000016,descending,13500000,-3.2592592592592424e-08,2,loser,True,0.9290322580645078,1.0709677419354922,"['1h', '4h']",['support']
True,bearish,0.01004274719724884,True,bearish,0.01399863318536555,0,0,0,True,bearish,0.08122454359056785,1,{},{},{},{},{},[],0,0.8775510204081538,1.3050075872533649,0.8775510204081538,0.006338201882505708,2.5545497357543208,1.4871016691957109,5,True,True,ascending,0,0.018234290961563867,15.194244604316054,0.47133757961784223,0.47133757961784223,0.9299363057324932,4,4,4,0,0,0,0,1765093500000,bearish,4,1765116900000,16,bearish,4,5.325670498084348e-08,0.0,True,"[{'timeframe': '4h', 'zone_kind': 'support', 'distance_to_entry_r': 0.9299363057324932, 'distance_to_target_r': 1.0700636942675068}, {'timeframe': '1h', 'zone_kind': 'support', 'distance_to_entry_r': 0.47133757961784223, 'distance_to_target_r': 1.5286624203821577}, {'timeframe': '15m', 'zone_kind': 'support', 'distance_to_entry_r': 0.47133757961784223, 'distance_to_target_r': 1.5286624203821577}]",4h favorable zone; 4h opposite zone before target; 1h favorable zone; 1h opposite zone before target; 15m favorable zone; 15m opposite zone before target,nested child aligned with parent,4,4,77,1.0,0.26616562027405294,1.0,18.350288699477648,0.8344532681734876,21194143.48461914,0.26616562027405294,0.7338343797259471,True,1.0,symmetrical,,,,,,,,,,,,,2.3333333333333335,0.14111178985949918,1h_only,1.709808901411546,-0.12580645161293935,-0.015359378614895336,-0.005525520869847589,-0.021333277464069433,-0.007739309517554527,-0.09155959400660751,-0.019187756232909248,1.7431800498185075,0,bearish,0,0,0,0,-1.1557765151515373,14.540816326530578,8.0,20.0,15.0,0.0,10.0,67.54081632653057,4,short,SOL,2,2,33,20.0,26100000,2.3100000000000023,ascending,26100000,0.0,0,winner,True,0.47133757961784223,1.0700636942675068,"['15m', '1h', '4h']",['support']
True,bearish,0.010700590031232542,True,bearish,0.015802773939160283,0,0,0,True,bearish,0.08191402251146013,1,{},{},{},{},{},[],0,0.793548387096769,5.7209302325580955,0.8322580645161254,0.019356805365035756,5.906976744186032,7.209302325581387,1,True,True,descending,0,0.0038239538239538285,175.35849056603752,0.4398148148148168,0.05787037037037046,,5,5,5,0,0,0,0,1765117800000,bearish,5,1765127700000,20,bearish,4,0.0,0.0,True,"[{'timeframe': '1h', 'zone_kind': 'support', 'distance_to_entry_r': 0.05787037037037046, 'distance_to_target_r': 1.9421296296296295}, {'timeframe': '15m', 'zone_kind': 'support', 'distance_to_entry_r': 0.4398148148148168, 'distance_to_target_r': 1.5601851851851831}]",4h favorable zone; 1h favorable zone; 1h opposite zone before target; 15m favorable zone; 15m opposite zone before target,nested child aligned with parent,5,5,70,0.9672131147540983,-1.0065489629640032,0.9792145150118052,18.71594973860402,0.8316326530612244,4130061.349609375,-1.0065489629640032,2.006548962964003,True,1.0,symmetrical,,,,,,,,,,,,,1.1666666666666667,0.1683673469387757,1h_only,-1.0267917040981698,-0.318059299191386,-0.03630130681538257,-0.026259958677827266,-0.0295665555575515,-0.014452654477872251,-0.09705281092015905,-0.024932913465671835,-1.0450104417084423,0,bearish,0,0,0,0,-1.4757908327953573,14.37096774193547,14.0,20.0,15.0,0.0,10.0,73.37096774193547,5,short,SOL,2,2,60,20.0,48600000,2.3100000000000023,descending,48600000,-1.0905349794238707e-08,0,loser,True,0.05787037037037046,1.5601851851851831,"['15m', '1h']",['support']
False,bullish,0.013176698081072436,False,bullish,0.006199647830454618,0,0,0,True,bearish,0.06487492585168929,1,{},{},{},{},{},[],0,0.8684210526315973,1.758436944937855,0.9035087719298364,0.008515551706718676,2.0959147424511735,2.024866785079911,10,True,True,descending,0,0.022303783173348777,4.493670886075506,0.09499999999999886,0.05499999999999261,0.7599999999999909,6,6,6,0,0,0,0,1765362600000,bullish,6,1765391400000,6,bullish,1,0.0,9.280508046466922e-05,True,"[{'timeframe': '4h', 'zone_kind': 'support', 'distance_to_entry_r': 0.7599999999999909, 'distance_to_target_r': 1.240000000000009}, {'timeframe': '1h', 'zone_kind': 'support', 'distance_to_entry_r': 0.05499999999999261, 'distance_to_target_r': 1.9450000000000074}, {'timeframe': '15m', 'zone_kind': 'support', 'distance_to_entry_r': 0.09499999999999886, 'distance_to_target_r': 1.9050000000000011}]",4h favorable zone; 4h opposite zone before target; 1h favorable zone; 1h opposite zone before target; 15m favorable zone; 15m opposite zone before target,nested child aligned with parent,6,6,16,1.0,0.0929824561403511,1.0,20.0,0.6266666666666652,1991489.3618164062,0.0929824561403511,0.907017543859649,True,1.0,symmetrical,,,,,,,,,,,,,0.7272727272727273,0.1951515151515168,1h_only,-1.0802700609441303,-0.2747474747474856,0.005415478329629186,-0.007730168171949048,0.022844938245935698,0.016399665002164943,-0.03972203834644894,0.024075796241605163,-1.1005878101895141,0,bearish,0,0,0,0,-4.3211267605637715,14.638157894736885,8.0,20.0,0.0,0.0,10.0,52.638157894736885,6,short,SOL,2,2,22,18.953597459767664,11700000,1.6100000000000136,descending,11700000,-6.752136752136927e-08,1,loser,True,0.05499999999999261,1.240000000000009,"['15m', '1h', '4h']",['support']
False,bullish,0.0064984158429062825,True,bearish,0.0039048274858116826,0,0,0,True,bearish,0.062019917181668,1,{},{},{},{},{},[],0,0.42622950819671673,0.4015444015443861,0.9508196721311445,0.006008087419869559,1.2764658346053503,0.9420849420849159,5,True,True,ascending,0,0.016770025839793274,1.2819722650231142,0.1932773109243854,0.7310924369747951,0.7310924369747951,2,2,2,0,0,0,0,1765516500000,bullish,2,1765518300000,2,neutral,1,1.6770025839793233e-07,0.0,True,"[{'timeframe': '4h', 'zone_kind': 'support', 'distance_to_entry_r': 0.7310924369747951, 'distance_to_target_r': 1.268907563025205}, {'timeframe': '1h', 'zone_kind': 'support', 'distance_to_entry_r': 0.7310924369747951, 'distance_to_target_r': 1.268907563025205}, {'timeframe': '15m', 'zone_kind': 'support', 'distance_to_entry_r': 0.1932773109243854, 'distance_to_target_r': 1.8067226890756145}]",4h favorable zone; 4h opposite zone before target; 1h favorable zone; 1h opposite zone before target; 15m favorable zone; 15m opposite zone before target,nested child aligned with parent,2,2,32,1.0,0.8477686727808853,1.0,20.0,0.4084919472913627,101522580.64526367,0.8477686727808853,0.1522313272191147,True,1.0,symmetrical,,,,,,,,,,,,,0.64,0.5666178623718875,1h_only,-1.141197778803749,0.48891481913652124,0.014177233063917605,0.00753701462798273,0.012597016860104837,0.016616736376114938,-0.047014344131466546,0.012849186834575699,-1.163942479159543,0,bearish,0,0,0,0,-4.27163461538476,13.622950819672091,8.0,20.0,15.0,0.0,10.0,66.6229508196721,2,short,SOL,2,2,50,20.0,38700000,7.739999999999981,ascending,38700000,0.0,0,loser,True,0.1932773109243854,1.268907563025205,"['15m', '1h', '4h']",['support']
True,bullish,0.007456601623010961,False,bearish,0.0029437795806543606,0,0,0,False,bearish,0.062019917181668,1,{},{},{},{},{},[],0,0.9411764705882464,2.038216560509551,0.9705882352941232,0.008130081300813042,1.7834394904458626,2.1656050955413724,1,True,True,ascending,0,0.0158207790941446,-1.7180277349768858,0.16877637130801895,0.37974683544303967,0.37974683544303967,2,2,2,0,0,0,0,1765519200000,bullish,2,1765552500000,2,neutral,1,1.6770025839793233e-07,0.0,True,"[{'timeframe': '4h', 'zone_kind': 'resistance', 'distance_to_entry_r': 0.37974683544303967, 'distance_to_target_r': 1.6202531645569604}, {'timeframe': '1h', 'zone_kind': 'resistance', 'distance_to_entry_r': 0.37974683544303967, 'distance_to_target_r': 1.6202531645569604}, {'timeframe': '15m', 'zone_kind': 'resistance', 'distance_to_entry_r': 0.16877637130801895, 'distance_to_target_r': 1.831223628691981}]",4h favorable zone; 4h opposite zone before target; 1h favorable zone; 1h opposite zone before target; 15m favorable zone; 15m opposite zone before target,nested child aligned with parent,2,2,33,0.9814814814814815,1.0856790719321554,0.9846863786364217,20.0,0.4084919472913627,97922580.64526367,1.0856790719321554,-0.08567907193215546,True,1.0,symmetrical,,,,,,,,,,,,,0.6226415094339622,0.5666178623718875,1h_only,-1.0619969636240723,0.37935483870967346,0.029386251947125297,0.021545154110959253,0.02629558372034957,0.029405611583773084,-0.047014344131466546,0.012849186834575699,-1.0844253568441913,0,bearish,0,0,0,0,860697674418.6171,14.889705882352962,8.0,20.0,15.0,0.0,10.0,67.88970588235296,2,long,SOL,2,2,53,20.0,38700000,7.739999999999981,ascending,38700000,0.0,0,loser,True,0.16877637130801895,1.6202531645569604,"['15m', '1h', '4h']",['resistance']
False,bullish,0.013667375887112521,False,bullish,0.0032121616108340438,0,0,0,True,bearish,0.05860041210338418,1,{},{},{},{},{},[],0,0.9158415841584084,3.07308970099667,0.9306930693069237,0.019596739700115114,4.503045404208209,3.35548172757477,1,True,True,ascending,0,0.009017457798297502,33.77600000000007,0.0,0.1968680089485449,0.2259507829977609,4,4,4,0,0,0,0,1765553400000,neutral,4,1765811700000,4,bullish,1,5.787037037037037e-08,0.0,True,"[{'timeframe': '4h', 'zone_kind': 'support', 'distance_to_entry_r': 0.2259507829977609, 'distance_to_target_r': 1.774049217002239}, {'timeframe': '1h', 'zone_kind': 'support', 'distance_to_entry_r': 0.1968680089485449, 'distance_to_target_r': 1.8031319910514552}, {'timeframe': '15m', 'zone_kind': 'support', 'distance_to_entry_r': 0.0, 'distance_to_target_r': 2.0}]",4h favorable zone; 4h opposite zone before target; 1h favorable zone; 1h opposite zone before target; 15m favorable zone; 15m opposite zone before target,nested child aligned with parent,4,4,42,1.0,0.5652417613214844,1.0,20.0,0.23792093704245978,359656615.3845215,0.5652417613214844,0.4347582386785156,True,1.0,symmetrical,,,,,,,,,,,,,0.7241379310344828,0.34992679355783324,1h_only,1.8707287963530852,-0.7614678899082463,-0.003170306719366245,-0.016568621173956632,0.02070255194303372,0.017366950038211204,-0.0349529261818875,0.022893931217853103,1.9123106156934866,0,bearish,0,0,0,0,-1.5409758408337395,14.740099009900963,8.0,20.0,0.0,0.0,10.0,52.74009900990096,4,short,SOL,2,2,58,20.0,43200000,4.780000000000001,ascending,43200000,0.0,0,winner,True,0.0,1.774049217002239,"['15m', '1h', '4h']",['support']
False,bearish,0.018586844221818388,False,bearish,0.028179234136428335,0,0,0,False,bearish,0.0689206922544569,1,{},{},{},{},{},[],0,0.3653846153846138,0.3371783496007051,0.615384615384607,0.003981222889060532,0.8917480035492398,0.9228039041703547,6,True,True,symmetrical,1,0.024965564738291812,7.131034482758878,0.37956204379561626,0.8832116788321197,9.532846715328438,1,1,1,0,0,0,0,1765881000000,bearish,3,1765891800000,3,bearish,1,4.097222222222147e-08,0.001386626762227351,True,"[{'timeframe': '1h', 'zone_kind': 'resistance', 'distance_to_entry_r': 0.8832116788321197, 'distance_to_target_r': 1.1167883211678804}, {'timeframe': '15m', 'zone_kind': 'resistance', 'distance_to_entry_r': 0.37956204379561626, 'distance_to_target_r': 1.6204379562043838}]",1h favorable zone; 1h opposite zone before target; 15m favorable zone; 15m opposite zone before target,nested child aligned with parent,3,1,19,1.0,0.5443460831802255,1.0,17.581592997912765,0.7304128053917449,-2997923.8754882812,0.5443460831802255,0.45565391681977446,True,1.0,symmetrical,,,,,,,,,,,,,0.8636363636363636,0.22240943555181125,1h_only,1.7172591610705914,-0.1144465290806751,-0.01668949437586431,0.0016166925197123039,-0.046985370775005975,-0.020685666578520334,-0.11009870785406972,-0.0519524758625276,1.7520791984431525,0,bearish,0,0,0,0,1.7775628626692312,10.471834333590692,8.0,20.0,0.0,0.0,10.0,48.47183433359069,1,long,SOL,2,2,22,14.022682523430657,14400000,2.6400000000000006,symmetrical,14400000,-5.972222222222219e-08,2,winner,True,0.37956204379561626,1.1167883211678804,"['15m', '1h']",['resistance']
True,bearish,0.008126606960543653,True,bearish,0.026806148257399284,0,0,0,True,bearish,0.0667894012426222,1,{},{},{},{},{},[],0,0.7647058823529437,0.43993231810490274,0.8088235294117693,0.005588299167184259,0.60395174935865,0.5752961082910248,3,True,True,ascending,0,0.009766889704295264,36.41436464088406,0.5114006514658016,0.33224755700325675,,3,2,2,0,0,0,1,1765909800000,bearish,3,1765982700000,2,bearish,1,6.487455197132625e-08,0.003532806181269402,True,"[{'timeframe': '1h', 'zone_kind': 'support', 'distance_to_entry_r': 0.33224755700325675, 'distance_to_target_r': 1.6677524429967432}, {'timeframe': '15m', 'zone_kind': 'support', 'distance_to_entry_r': 0.5114006514658016, 'distance_to_target_r': 1.4885993485341984}]",4h favorable zone; 1h favorable zone; 1h opposite zone before target; 15m favorable zone; 15m opposite zone before target,nested child aligned with parent,2,3,27,0.7142857142857143,0.6079096304103773,0.8685565771385607,17.581592997912765,0.7304128053917449,-31797923.87548828,0.6079096304103773,0.3920903695896227,True,1.0,symmetrical,,,,,,,,,,,,,0.6585365853658537,0.3807919123841625,1h_only,-1.0423160821701154,0.350314026517795,-0.012741771721321182,-0.004756876837869184,-0.036937167071824484,-0.011415874259032233,-0.07877979941055335,-0.01838312610721682,-1.0615906327640077,0,bearish,0,0,0,0,-0.3357608860567374,14.283088235294136,14.0,20.0,15.0,0.0,10.0,73.28308823529414,2,short,SOL,2,2,41,17.2335969093653,27900000,4.52000000000001,ascending,27900000,0.0,1,loser,True,0.33224755700325675,1.4885993485341984,"['15m', '1h']",['support']
True,bullish,0.008552712287554652,False,bearish,0.024278054696310964,0,0,0,False,bearish,0.0781859920883941,1,{},{},{},{},{},[],0,0.6666666666666825,0.5873715124816578,0.7333333333333365,0.0035987742458021515,1.3324059046294352,0.8810572687224657,10,True,True,symmetrical,0,0.014839520494972959,5.348534201954294,0.32575757575758263,0.8181818181818211,5.636363636363675,1,1,1,0,0,0,0,1766211300000,bullish,1,1766281500000,1,bearish,1,4.8245614035087887e-08,0.001225233633281488,True,"[{'timeframe': '1h', 'zone_kind': 'resistance', 'distance_to_entry_r': 0.8181818181818211, 'distance_to_target_r': 1.1818181818181681}, {'timeframe': '15m', 'zone_kind': 'resistance', 'distance_to_entry_r': 0.32575757575758263, 'distance_to_target_r': 1.6742424242424065}]",4h favorable zone; 1h favorable zone; 1h opposite zone before target; 15m favorable zone; 15m opposite zone before target,nested child aligned with parent,1,1,33,0.9795918367346939,0.7627906976744186,0.995086923658352,15.524019130655653,0.6280991735537192,15157894.736816406,0.7627906976744186,0.2372093023255813,True,1.0,ascending,,,,,,,,,,,,,0.6875,0.39577594123048687,1h_only,-1.1134732517819992,0.1693548387096705,0.013429930486452912,0.004721432498912659,-0.012168872993504998,0.012104031504099888,-0.08426367084067521,-0.013642704442145548,-1.1352688343567023,0,bearish,0,0,0,0,2.0499390986602153,11.898161368703265,14.0,20.0,0.0,0.0,6.5,52.39816136870326,1,long,SOL,2,2,48,18.387383183359255,34200000,4.310000000000002,symmetrical,34200000,-4.152046783625736e-08,1,loser,True,0.32575757575758263,1.1818181818181681,"['15m', '1h']",['resistance']
False,bullish,0.003420237179002519,True,bearish,0.016425086926679867,0,0,0,True,bearish,0.0764589252697495,1,{},{},{},{},{},[],0,0.5499999999999894,0.8178438661710024,0.8999999999999858,0.005012331927758735,2.3420074349442292,1.4869888475836694,10,True,True,descending,0,0.016447368421052728,13.199999999999704,0.21212121212122126,1.5252525252525384,3.858585858585886,2,2,2,0,0,0,0,1766282400000,neutral,3,1766309400000,15,bearish,5,0.0,0.0,True,"[{'timeframe': '1h', 'zone_kind': 'support', 'distance_to_entry_r': 1.5252525252525384, 'distance_to_target_r': 0.4747474747474617}, {'timeframe': '15m', 'zone_kind': 'support', 'distance_to_entry_r': 0.21212121212122126, 'distance_to_target_r': 1.7878787878787787}]",4h favorable zone; 1h favorable zone; 1h opposite zone before target; 15m favorable zone; 15m opposite zone before target,nested child aligned with parent,3,2,53,0.9487179487179487,-0.013525555343388592,0.9767888704231295,16.362112620461883,0.8986547085201798,1893413.1735839844,-0.013525555343388592,1.0135255553433886,True,1.0,symmetrical,,,,,,,,,,,,,1.394736842105263,0.08609865470852085,1h_only,-1.1552171567030078,-0.07722007722007862,-0.0034669363084088856,-0.006851961657751593,-0.019522537851206834,-0.0034740580214576156,-0.08347028510376531,-0.01440270468971161,-1.1791685248876496,0,bearish,0,0,0,0,-2.5454545454545037,14.174999999999882,14.0,20.0,15.0,0.0,10.0,73.17499999999988,2,short,SOL,2,2,38,20.0,28800000,0.960000000000008,descending,28800000,-2.083333333333363e-08,0,loser,True,0.21212121212122126,0.4747474747474617,"['15m', '1h']",['support']
True,bullish,0.0005346644709080229,False,bearish,0.015640388753246814,0,0,0,False,bearish,0.07631528206541874,1,{},{},{},{},{},[],0,0.5272727272727019,1.0104529616724445,0.5999999999999845,0.0056751490011509725,2.478845196615222,1.9163763066202455,8,True,True,descending,0,0.011029411764705883,31.33333333333337,0.5517241379310467,0.28965517241379657,5.441379310344881,3,3,3,0,0,0,0,1766310300000,bullish,3,1766322000000,9,bearish,3,0.0,0.0,True,"[{'timeframe': '1h', 'zone_kind': 'resistance', 'distance_to_entry_r': 0.28965517241379657, 'distance_to_target_r': 1.7103448275862034}, {'timeframe': '15m', 'zone_kind': 'resistance', 'distance_to_entry_r': 0.5517241379310467, 'distance_to_target_r': 1.4482758620689533}]",4h favorable zone; 1h favorable zone; 1h opposite zone before target; 15m favorable zone; 15m opposite zone before target,nested child aligned with parent,3,3,60,1.0,0.7828418230563012,1.0,16.03660967166682,0.8282828282828292,15102439.024414062,0.7828418230563012,0.2171581769436988,True,1.0,symmetrical,,,,,,,,,,,,,1.25,0.17171717171717082,1h_only,-1.0991019591701805,-0.898989898989877,0.00502485190138402,0.0044850907523299455,-0.014851004716699645,0.0005658268739647809,-0.08545662662850417,-0.01683818959572103,-1.123214337771824,0,bearish,0,0,0,0,1.9632495164410166,12.913636363636153,14.0,20.0,0.0,0.0,10.0,56.91363636363615,3,long,SOL,2,2,48,20.0,37800000,1.8699999999999903,descending,37800000,-2.6190476190476055e-08,0,loser,True,0.28965517241379657,1.4482758620689533,"['15m', '1h']",['resistance']
False,bullish,0.00032256518748585234,True,bearish,0.014791376023440845,0,0,0,True,bearish,0.0759119076929512,1,{},{},{},{},{},[],0,0.7142857142856962,0.8385744234800654,0.7857142857142785,0.006079027355623027,1.5932914046121391,1.1740041928721214,3,True,True,descending,0,0.011019283746556474,46.75,0.2586206896551748,0.4080459770115,1.735632183908057,1,1,1,0,0,0,0,1766323800000,neutral,2,1766336400000,10,bearish,5,0.0,0.001060912151821276,True,"[{'timeframe': '4h', 'zone_kind': 'support', 'distance_to_entry_r': 1.735632183908057, 'distance_to_target_r': 0.26436781609194304}, {'timeframe': '1h', 'zone_kind': 'support', 'distance_to_entry_r': 0.4080459770115, 'distance_to_target_r': 1.5919540229885}, {'timeframe': '15m', 'zone_kind': 'support', 'distance_to_entry_r': 0.2586206896551748, 'distance_to_target_r': 1.7413793103448252}]",4h favorable zone; 4h opposite zone before target; 1h favorable zone; 1h opposite zone before target; 15m favorable zone; 15m opposite zone before target,nested child aligned with parent,2,1,45,0.9411764705882353,-0.23725062064426486,0.9588235294117647,18.449115488753424,0.5604938271604932,97739207.04833984,-0.23725062064426486,1.2372506206442648,True,1.0,symmetrical,,,,,,,,,,,,,1.3636363636363635,0.3802469135802487,1h_only,-1.0800429961497515,-0.08296943231440612,-0.009509928234901377,-0.009826286375534954,-0.01441992172425699,0.00016050365068087658,-0.08344521263627425,-0.014904829865978853,-1.104978381929926,0,bearish,0,0,0,0,-0.8418640183345986,14.196428571428545,8.0,20.0,15.0,0.0,10.0,67.19642857142854,1,short,SOL,2,2,33,16.46954392408936,26100000,1.5400000000000063,descending,26100000,-2.1455938697318094e-08,3,loser,True,0.2586206896551748,0.26436781609194304,"['15m', '1h', '4h']",['support']
